montant,heure,frequence_7j,anciennete_jours,type_contrepartie,fraude
3423.0,23,2,837,particulier,0
33158.0,12,11,603,marchand,0
7297.0,17,6,2031,marchand,0
26857.0,21,3,1853,agent,1
1919.0,23,2,125,particulier,0
14744.0,9,8,471,marchand,0
1309.0,21,3,1830,particulier,0
28816.0,15,11,2042,marchand,0
10858.0,15,6,50,marchand,0
1295.0,19,3,1808,facture,0
4408.0,10,2,859,agent,0
9303.0,20,4,452,particulier,0
13054.0,14,4,720,marchand,0
9290.0,16,7,1677,marchand,0
4783.0,8,5,397,particulier,0
23297.0,9,2,2218,marchand,0
27212.0,11,3,2157,marchand,0
10872.0,19,1,2259,particulier,0
616.0,15,5,1595,particulier,0
4310.0,10,3,666,agent,0
4665.0,20,7,2221,particulier,0
5318.0,18,6,1388,particulier,0
13509.0,19,4,711,particulier,0
10484.0,7,1,814,particulier,0
2589.0,7,2,1156,agent,0
31051.0,13,12,1815,marchand,0
8067.0,15,10,1252,marchand,0
2548.0,20,6,290,particulier,0
6662.0,15,6,351,marchand,0
20507.0,9,10,233,marchand,0
10336.0,11,10,797,marchand,0
4656.0,18,2,330,agent,0
31992.0,7,2,219,marchand,0
1401.0,18,1,650,particulier,0
40979.0,9,1,1235,agent,1
2538.0,14,5,1313,marchand,1
8590.0,13,7,938,marchand,0
2627.0,23,7,355,particulier,0
7943.0,11,6,1557,marchand,0
21129.0,12,5,2187,marchand,0
7789.0,17,4,1408,marchand,0
20815.0,15,4,1442,marchand,0
2766.0,18,7,1188,particulier,0
26445.0,11,7,2324,marchand,0
3228.0,19,4,2359,particulier,0
16608.0,18,3,1165,marchand,0
1235.0,20,7,54,agent,0
1563.0,11,5,927,facture,0
26981.0,16,5,1722,marchand,0
7303.0,12,15,687,marchand,0
14807.0,14,12,1220,marchand,0
3783.0,13,1,2231,particulier,0
4102.0,19,1,652,agent,0
43113.0,10,5,612,marchand,0
30670.0,8,6,1702,marchand,0
1405.0,23,4,603,particulier,0
2929.0,19,3,1037,particulier,0
4261.0,9,2,306,agent,0
2964.0,23,3,2282,particulier,0
5995.0,23,6,374,agent,0
5372.0,20,2,660,agent,0
87726.0,17,4,1368,marchand,0
27369.0,13,11,1519,marchand,0
23277.0,14,7,52,marchand,0
10748.0,14,8,821,marchand,0
3342.0,18,1,2229,particulier,0
2810.0,15,3,794,particulier,0
1350.0,20,4,763,particulier,0
3789.0,23,1,257,agent,0
1485.0,10,4,726,particulier,0
3727.0,15,6,2020,marchand,0
2205.0,7,2,2126,particulier,0
1169.0,8,2,1405,facture,0
22961.0,20,0,709,agent,0
6363.0,21,2,803,agent,0
2125.0,4,1,214,particulier,0
28036.0,7,5,790,agent,1
4065.0,10,0,1457,particulier,0
13390.0,23,2,728,particulier,0
23191.0,14,5,945,marchand,0
16730.0,11,1,2046,marchand,0
6887.0,19,4,1759,particulier,0
1344.0,7,1,2083,agent,0
3694.0,11,2,2163,facture,0
6680.0,20,2,1356,particulier,0
4920.0,12,1,208,particulier,0
768.0,23,6,2226,particulier,0
3264.0,21,4,85,agent,0
4032.0,7,0,1652,particulier,0
17325.0,14,8,93,marchand,0
2203.0,18,2,979,particulier,0
24255.0,15,11,1320,marchand,0
2722.0,11,3,1044,particulier,0
24313.0,11,12,1658,marchand,0
27838.0,11,7,2010,marchand,0
7670.0,11,2,1756,particulier,0
3039.0,19,3,596,particulier,0
15639.0,15,10,1557,marchand,0
8608.0,17,6,2204,facture,0
2412.0,8,1,285,agent,0
9725.0,16,6,214,marchand,0
2499.0,10,3,805,particulier,0
2025.0,23,2,100,particulier,0
19754.0,15,4,2175,marchand,0
5554.0,11,3,2120,particulier,0
12651.0,13,5,1715,marchand,0
12095.0,13,5,2214,marchand,0
18790.0,22,3,431,agent,0
1242.0,20,4,1440,particulier,0
4167.0,10,0,1438,particulier,0
12225.0,15,14,1661,marchand,0
14400.0,11,8,273,marchand,0
6595.0,20,1,1714,particulier,0
1371.0,19,3,1290,agent,0
1103.0,20,4,1346,agent,0
2684.0,16,3,940,particulier,0
3834.0,11,2,821,particulier,0
5820.0,21,3,797,agent,0
8792.0,23,2,1859,particulier,0
30931.0,18,4,2326,particulier,0
5354.0,21,2,2255,particulier,0
946.0,20,1,235,agent,0
2094.0,21,3,1155,particulier,0
13889.0,8,3,2160,particulier,0
2111.0,18,4,1760,particulier,0
2519.0,17,6,635,particulier,0
4522.0,7,3,1099,particulier,0
3601.0,23,2,2201,particulier,0
5969.0,22,2,1567,particulier,0
8980.0,23,4,1103,agent,0
1845.0,15,3,891,particulier,0
2299.0,19,2,547,particulier,0
4580.0,18,3,287,particulier,0
20343.0,15,6,1585,marchand,0
10058.0,12,4,307,marchand,0
8738.0,13,5,931,marchand,0
2434.0,14,10,2306,marchand,1
2154.0,20,2,429,particulier,0
18645.0,12,5,917,marchand,0
6074.0,16,3,1392,marchand,0
2595.0,21,3,1663,particulier,0
2797.0,20,3,1452,agent,0
24250.0,16,12,411,marchand,0
13190.0,15,6,2113,marchand,0
284.0,23,3,1608,particulier,0
6497.0,9,1,996,particulier,0
7901.0,11,2,1768,particulier,0
11921.0,18,6,1391,marchand,0
4012.0,23,2,1984,particulier,0
12650.0,15,8,842,marchand,0
2595.0,21,3,976,particulier,0
575.0,20,5,94,particulier,0
11590.0,16,5,2368,marchand,0
9892.0,12,3,1724,marchand,0
1337.0,18,4,646,agent,0
3512.0,20,2,2059,particulier,0
9191.0,18,3,1487,particulier,0
2972.0,19,3,1353,particulier,0
28779.0,23,4,941,particulier,0
5312.0,10,4,1021,particulier,0
3177.0,22,1,1479,facture,0
1236.0,20,5,1095,particulier,0
2389.0,21,3,1930,particulier,0
3536.0,15,7,141,marchand,0
8777.0,13,6,1043,marchand,0
3033.0,8,5,234,particulier,0
25078.0,9,6,1405,marchand,0
2330.0,22,4,1581,particulier,0
19856.0,10,11,1398,marchand,0
25010.0,14,6,228,marchand,0
2509.0,8,4,590,agent,0
7123.0,12,5,1974,marchand,0
24458.0,13,11,1421,marchand,0
4370.0,21,3,1419,agent,0
10314.0,16,5,1574,marchand,0
11691.0,10,8,230,marchand,0
19546.0,15,7,606,marchand,0
29537.0,12,7,2053,marchand,0
2797.0,10,3,2344,particulier,0
1783.0,19,2,1398,particulier,0
9169.0,13,1,18,particulier,0
4988.0,8,5,528,marchand,0
247.0,13,3,1399,particulier,0
27263.0,15,5,1326,marchand,0
19466.0,12,5,935,marchand,0
59161.0,14,3,68,marchand,0
8763.0,11,9,395,marchand,0
20360.0,9,15,231,marchand,0
9601.0,11,10,494,marchand,0
47242.0,15,8,1253,marchand,0
19042.0,16,7,194,marchand,0
2235.0,16,3,1459,agent,0
3126.0,21,3,1992,particulier,0
3523.0,19,6,570,facture,0
5587.0,18,7,753,agent,0
1567.0,22,6,1191,particulier,0
7289.0,10,5,555,particulier,0
12092.0,17,8,1669,marchand,0
10388.0,12,3,1724,marchand,0
798.0,17,2,661,facture,0
677.0,7,4,113,particulier,0
17109.0,23,5,873,particulier,0
2704.0,18,1,1410,particulier,0
15786.0,15,16,2116,marchand,0
7793.0,17,3,2310,particulier,0
7986.0,8,3,2124,particulier,0
5691.0,12,0,395,particulier,0
5168.0,19,3,1668,particulier,0
1142.0,10,4,773,facture,0
5272.0,7,5,530,particulier,0
4166.0,21,3,2099,agent,0
8172.0,10,8,1422,marchand,0
3168.0,23,4,172,particulier,0
3042.0,23,3,240,particulier,0
2799.0,20,3,2301,agent,0
4222.0,15,11,2196,marchand,0
6889.0,7,1,1750,particulier,0
4241.0,22,4,1935,particulier,0
7667.0,15,7,2253,marchand,0
1858.0,10,1,816,particulier,0
16776.0,18,4,1167,marchand,0
1863.0,23,4,797,agent,0
908.0,22,4,1787,agent,0
3132.0,11,4,1591,particulier,0
3624.0,13,5,2273,marchand,0
17218.0,15,10,990,marchand,0
4056.0,10,0,99,particulier,0
3743.0,20,4,1772,particulier,0
3242.0,15,1,1888,agent,0
22468.0,17,5,2071,marchand,0
8699.0,17,12,1859,marchand,0
17112.0,10,4,276,particulier,0
5595.0,15,7,144,marchand,0
4790.0,19,5,1803,agent,0
11541.0,16,6,49,marchand,0
3152.0,11,3,1221,marchand,0
17673.0,14,7,1020,marchand,0
3003.0,8,5,1590,particulier,0
18088.0,17,11,758,marchand,0
10183.0,15,8,320,marchand,0
6333.0,10,3,132,particulier,0
2347.0,22,4,1867,particulier,0
4671.0,7,4,710,particulier,0
3870.0,21,1,1618,agent,0
379.0,11,2,2043,agent,0
16382.0,15,6,1115,marchand,0
9420.0,18,2,1455,marchand,0
9602.0,18,6,1364,marchand,0
20949.0,15,8,2212,marchand,0
11989.0,13,11,870,marchand,0
2569.0,16,7,954,particulier,0
26068.0,10,7,1615,marchand,0
10345.0,11,3,182,particulier,0
29176.0,16,2,1872,particulier,0
17148.0,11,6,1155,marchand,0
15191.0,17,0,1011,particulier,0
12457.0,15,6,1937,marchand,0
24880.0,12,11,29,marchand,0
3408.0,6,3,512,particulier,0
1546.0,8,3,1295,particulier,0
1799.0,17,3,758,particulier,0
5645.0,8,4,138,particulier,0
29258.0,19,6,1817,marchand,0
20979.0,11,7,1982,marchand,0
6752.0,17,4,330,facture,0
4244.0,21,2,436,particulier,0
18602.0,14,9,975,marchand,0
10791.0,15,4,1786,marchand,0
13371.0,16,2,2231,marchand,0
2643.0,18,1,830,particulier,0
5657.0,20,3,982,particulier,0
12026.0,10,8,833,marchand,0
2175.0,18,1,2399,agent,0
9098.0,21,2,1844,particulier,0
20734.0,13,10,1252,marchand,0
9608.0,23,2,1015,particulier,0
13620.0,14,6,492,marchand,0
7647.0,17,8,1520,marchand,0
21367.0,15,3,906,marchand,0
9352.0,11,6,2346,marchand,0
14410.0,16,7,1864,marchand,0
5274.0,23,3,1865,particulier,0
3487.0,10,6,1947,agent,0
5249.0,10,4,2094,particulier,0
27921.0,11,7,1275,marchand,0
13116.0,10,10,656,marchand,0
17028.0,12,8,160,marchand,0
23744.0,16,4,893,marchand,0
1320.0,20,4,1246,particulier,0
2595.0,12,3,2389,agent,0
58701.0,14,8,206,marchand,0
9460.0,12,5,130,marchand,0
4618.0,12,3,136,marchand,0
10849.0,9,5,1847,marchand,0
1527.0,7,2,1839,particulier,0
7927.0,18,3,227,particulier,0
10751.0,18,15,1044,marchand,0
5075.0,11,10,1356,marchand,0
1595.0,23,5,786,particulier,0
1016.0,21,2,605,particulier,0
16597.0,14,11,275,marchand,0
21882.0,16,8,1019,marchand,0
13744.0,11,2,173,agent,0
3569.0,20,2,1800,agent,0
2644.0,9,4,315,particulier,0
6147.0,18,4,1569,agent,0
18001.0,12,9,2252,marchand,0
6417.0,20,4,1600,particulier,0
16884.0,9,1,1679,particulier,0
695.0,19,5,2169,particulier,0
2582.0,8,1,1321,particulier,0
10151.0,12,6,1909,marchand,0
3619.0,21,4,414,particulier,0
9217.0,12,7,1253,marchand,0
10321.0,16,7,511,marchand,0
485.0,18,4,248,particulier,0
7523.0,20,5,1252,particulier,0
901.0,9,5,1402,particulier,0
4288.0,23,3,603,particulier,0
35070.0,7,8,1510,marchand,0
7804.0,20,1,435,particulier,0
6707.0,11,6,2256,agent,0
10958.0,9,6,2255,marchand,0
4075.0,16,3,671,facture,0
9407.0,18,2,1333,particulier,0
450.0,18,4,304,facture,0
2252.0,6,3,1272,particulier,0
4792.0,11,3,808,particulier,0
660.0,23,3,1975,facture,0
713.0,23,2,835,particulier,0
7617.0,21,2,1657,particulier,0
4121.0,22,3,218,particulier,0
12355.0,9,3,675,particulier,0
113166.0,12,4,925,marchand,0
1289.0,18,4,1083,particulier,0
5490.0,10,5,286,marchand,0
8164.0,16,2,1907,marchand,0
26745.0,14,6,1478,marchand,0
2514.0,8,0,74,particulier,0
2709.0,23,3,424,particulier,0
1728.0,21,4,2352,agent,0
4881.0,19,7,558,particulier,0
9378.0,10,2,760,marchand,0
29778.0,13,13,2007,marchand,0
14841.0,10,3,930,marchand,0
7736.0,13,10,574,marchand,0
7257.0,18,3,909,particulier,0
10103.0,15,6,1337,marchand,0
3409.0,12,5,2246,agent,0
13119.0,12,7,1379,marchand,0
3104.0,22,2,273,particulier,0
4183.0,12,4,1699,particulier,0
8708.0,13,7,1977,marchand,0
6350.0,8,5,2137,particulier,0
1882.0,11,3,192,particulier,0
3770.0,18,3,496,particulier,0
8243.0,13,6,604,marchand,0
2324.0,9,4,1404,agent,0
5004.0,9,2,1628,particulier,0
19160.0,14,10,2392,marchand,0
115595.0,17,9,918,marchand,0
14496.0,22,3,286,particulier,0
8987.0,15,6,517,marchand,0
16912.0,17,12,1204,marchand,0
1386.0,14,5,1266,facture,0
3090.0,9,3,2063,particulier,0
14086.0,13,11,1335,marchand,0
984.0,17,4,206,particulier,0
4075.0,11,2,365,particulier,0
2358.0,6,4,2049,particulier,0
1281.0,9,1,1146,particulier,0
3598.0,23,2,1048,particulier,0
2335.0,23,3,756,particulier,0
5205.0,16,7,1926,marchand,0
1758.0,23,3,619,facture,0
13571.0,9,8,1441,marchand,0
8750.0,20,2,1765,agent,0
1957.0,20,0,1085,facture,0
20402.0,12,6,1722,marchand,0
15188.0,18,5,1881,marchand,0
69902.0,16,11,1417,marchand,0
19107.0,15,5,324,marchand,0
4672.0,13,10,2303,marchand,0
3307.0,9,3,1474,particulier,0
1678.0,11,3,530,particulier,0
3471.0,22,6,55,agent,0
3555.0,22,0,685,agent,0
25101.0,13,3,478,marchand,0
2161.0,19,3,477,particulier,0
23051.0,12,12,1418,marchand,0
1631.0,10,6,40,particulier,0
19949.0,13,9,2167,marchand,0
5460.0,10,3,63,particulier,0
26396.0,15,7,1102,marchand,0
12784.0,13,5,1637,marchand,0
1011.0,20,2,585,particulier,0
5589.0,11,7,1565,marchand,0
1503.0,22,4,2013,facture,0
14046.0,13,7,494,marchand,0
5969.0,11,6,388,agent,0
1180.0,18,4,1563,particulier,0
38204.0,12,8,740,marchand,0
3065.0,20,6,839,particulier,0
7825.0,23,2,302,particulier,0
11476.0,20,5,2088,particulier,0
13549.0,16,8,1994,marchand,0
21538.0,17,11,775,marchand,0
2599.0,20,5,1072,particulier,0
1307.0,19,6,1780,particulier,0
3257.0,18,3,135,agent,0
4162.0,14,10,425,marchand,0
6811.0,12,8,1057,marchand,0
2337.0,12,9,42,particulier,0
284.0,23,4,517,agent,0
818.0,19,3,753,agent,0
8598.0,9,2,961,marchand,0
4040.0,10,9,796,marchand,0
21817.0,19,8,1735,marchand,0
7670.0,7,10,2054,marchand,0
16895.0,11,6,101,marchand,0
5790.0,14,13,820,marchand,0
9366.0,9,2,2080,particulier,0
10758.0,9,3,1669,marchand,0
7916.0,15,6,1985,marchand,0
2084.0,4,1,260,particulier,0
13642.0,23,5,193,particulier,0
31930.0,12,9,537,marchand,0
11265.0,13,11,1356,marchand,0
35093.0,14,7,2397,marchand,0
5720.0,23,6,2150,facture,0
1328.0,21,3,760,particulier,0
2548.0,17,2,1603,particulier,0
1032.0,10,4,1359,particulier,0
2259.0,7,2,1673,particulier,0
1998.0,19,5,1349,particulier,0
12624.0,13,5,2345,marchand,0
26819.0,13,3,831,marchand,0
1472.0,8,2,735,particulier,0
9675.0,22,5,816,facture,0
9304.0,20,1,1446,particulier,0
43585.0,11,10,922,marchand,0
6180.0,23,3,661,particulier,0
1551.0,19,3,211,facture,0
519.0,23,2,1425,particulier,0
3597.0,8,3,905,particulier,0
3690.0,21,4,2265,particulier,0
2376.0,23,5,1156,particulier,0
14249.0,16,11,1716,marchand,0
1999.0,19,3,629,particulier,0
6122.0,12,14,2318,marchand,1
13620.0,12,7,627,marchand,0
3491.0,17,4,236,agent,0
1792.0,20,7,551,agent,0
6050.0,10,3,1921,particulier,0
10967.0,8,6,1526,marchand,0
20418.0,15,8,2171,marchand,0
5116.0,9,2,1638,particulier,0
24803.0,9,14,1578,marchand,0
1896.0,22,4,1114,particulier,0
2254.0,9,4,1389,particulier,0
5070.0,20,3,1747,particulier,0
13788.0,18,4,341,agent,0
11132.0,13,10,2179,marchand,0
8501.0,23,2,1371,particulier,0
5983.0,13,6,804,marchand,0
10666.0,16,3,2105,marchand,0
1636.0,23,2,324,agent,0
1148.0,10,2,634,particulier,0
13822.0,16,7,861,marchand,0
15003.0,11,3,2178,particulier,0
1683.0,16,1,561,agent,0
14712.0,14,7,1444,marchand,0
3256.0,23,3,585,particulier,0
19231.0,14,11,2196,marchand,0
32433.0,12,5,2066,marchand,0
8524.0,19,9,2249,marchand,0
13474.0,6,3,363,particulier,0
7591.0,20,3,1253,agent,0
10306.0,12,13,1456,marchand,0
15921.0,19,8,1978,marchand,0
29227.0,16,3,1324,marchand,0
29724.0,14,7,483,marchand,0
14740.0,15,5,232,marchand,0
78095.0,12,7,1369,marchand,0
6376.0,21,2,2292,particulier,0
10955.0,10,5,795,particulier,0
9852.0,15,6,849,marchand,0
2162.0,21,0,1415,agent,0
7638.0,15,4,52,marchand,0
6277.0,8,1,690,particulier,0
8339.0,11,5,1922,marchand,0
2523.0,19,1,251,particulier,0
4230.0,17,7,149,marchand,0
15942.0,15,8,287,marchand,0
2034.0,16,3,1138,facture,0
8424.0,10,7,309,marchand,0
4383.0,23,1,1961,particulier,0
13501.0,21,3,61,particulier,0
1266.0,7,3,1152,agent,0
21622.0,15,11,1338,marchand,0
3060.0,10,4,1322,particulier,0
18006.0,16,3,937,marchand,0
4487.0,9,0,357,particulier,0
12375.0,16,8,1112,marchand,0
3112.0,15,2,706,particulier,0
2057.0,23,6,1359,particulier,0
4119.0,12,4,763,agent,0
4089.0,22,2,1847,particulier,0
1357.0,18,3,683,agent,0
1260.0,18,3,1020,agent,0
18879.0,14,7,2241,marchand,0
16790.0,11,11,2305,marchand,0
19765.0,14,9,78,marchand,0
13287.0,15,11,2045,marchand,0
5309.0,11,1,177,particulier,0
1145.0,23,4,1427,particulier,0
6809.0,9,4,1889,particulier,0
4482.0,19,3,1619,particulier,0
1085.0,11,3,2327,particulier,0
897.0,13,5,114,particulier,0
18647.0,11,5,514,marchand,0
10087.0,23,2,2287,agent,0
7666.0,8,1,2033,particulier,0
19594.0,12,9,845,marchand,0
10352.0,9,7,67,marchand,0
31275.0,10,5,2086,marchand,0
9892.0,15,7,2032,marchand,0
10544.0,9,4,286,particulier,0
1693.0,7,2,1567,particulier,0
23282.0,12,8,1918,marchand,0
9663.0,10,10,641,marchand,0
14634.0,10,6,136,marchand,0
2721.0,19,4,740,particulier,0
15993.0,15,5,873,marchand,0
12323.0,17,8,1364,marchand,0
28200.0,13,10,1347,marchand,0
38711.0,13,7,1149,marchand,0
3336.0,19,2,869,particulier,0
1409.0,23,4,2327,agent,0
12234.0,10,11,2060,marchand,0
8041.0,9,3,85,particulier,0
1703.0,13,3,23,particulier,0
1739.0,18,3,1028,agent,0
6117.0,23,6,1983,particulier,0
3908.0,8,3,11,particulier,0
20239.0,11,7,288,marchand,0
4434.0,21,5,1958,particulier,0
355.0,19,6,1462,particulier,0
14400.0,18,6,424,marchand,0
13880.0,14,11,24,marchand,0
7341.0,22,4,1080,particulier,0
36446.0,15,7,2156,marchand,0
3059.0,14,4,1575,agent,0
6111.0,7,3,207,particulier,0
5263.0,16,3,280,particulier,0
1901.0,19,3,2165,particulier,0
1811.0,5,3,946,particulier,0
15156.0,8,7,923,marchand,0
2206.0,5,7,1349,particulier,0
17473.0,17,7,559,marchand,0
734.0,23,2,650,particulier,0
2999.0,15,3,1798,agent,0
3253.0,18,10,1661,particulier,0
20161.0,18,11,87,marchand,0
3385.0,20,3,1496,particulier,0
5075.0,20,4,2038,particulier,0
39630.0,10,9,308,marchand,0
9475.0,12,7,470,marchand,0
1475.0,20,6,188,particulier,0
8131.0,14,10,1093,marchand,0
14955.0,11,6,2270,marchand,0
40966.0,13,5,1766,marchand,0
3040.0,19,0,253,particulier,0
3432.0,21,1,1455,agent,0
5870.0,5,1,1477,particulier,0
10362.0,10,4,1574,agent,0
4416.0,22,4,1377,particulier,0
13149.0,11,9,1417,marchand,0
21936.0,12,7,1127,marchand,0
3715.0,7,1,973,agent,0
6788.0,11,4,2032,particulier,0
8006.0,19,3,1416,agent,0
2007.0,8,2,1387,particulier,0
14857.0,15,7,1255,marchand,0
3599.0,23,4,1661,particulier,0
20405.0,23,2,1843,particulier,0
1284.0,9,0,2357,facture,0
9908.0,15,6,1065,marchand,0
1296.0,10,2,301,particulier,0
2833.0,23,7,1837,particulier,0
8522.0,22,1,1554,particulier,0
70752.0,9,6,1697,marchand,0
8439.0,21,1,1798,particulier,0
2133.0,21,4,1533,particulier,0
1498.0,23,4,673,particulier,0
18708.0,17,6,610,marchand,0
5749.0,23,7,1393,particulier,0
1654.0,8,1,1147,agent,0
30451.0,15,8,460,marchand,0
2658.0,19,2,2098,particulier,0
32127.0,16,11,196,marchand,0
3579.0,11,3,1018,particulier,0
9220.0,8,6,2092,particulier,0
27648.0,12,6,927,marchand,0
17409.0,11,4,1086,marchand,0
1222.0,22,4,1138,particulier,0
12403.0,20,1,1251,agent,0
27703.0,9,9,387,marchand,0
2496.0,21,2,1746,particulier,0
8143.0,15,11,1043,marchand,0
9245.0,16,7,2175,marchand,0
4226.0,16,7,2289,marchand,0
7307.0,22,1,1580,particulier,0
23400.0,18,11,461,marchand,0
13031.0,13,8,1534,marchand,0
7189.0,12,3,843,particulier,0
20164.0,14,11,1632,marchand,0
1157.0,6,5,1985,particulier,0
9848.0,13,8,5,marchand,0
1424.0,10,2,1176,particulier,0
1616.0,18,1,1296,particulier,0
463.0,6,5,2041,agent,0
5463.0,8,3,668,particulier,0
6500.0,20,1,1107,facture,0
11266.0,20,0,798,agent,0
8091.0,13,3,985,marchand,0
4166.0,11,4,385,particulier,0
10119.0,19,7,2131,particulier,0
8935.0,14,3,1970,marchand,0
7127.0,9,5,807,particulier,0
1612.0,9,4,1471,particulier,0
985.0,11,4,65,particulier,0
23882.0,17,11,1800,marchand,0
5169.0,20,2,2241,particulier,0
9122.0,16,4,1321,marchand,0
6158.0,11,5,418,marchand,0
1988.0,19,5,565,particulier,0
1064.0,19,4,1411,agent,0
6861.0,11,1,1557,particulier,0
5728.0,20,4,890,particulier,0
20248.0,15,6,204,marchand,0
19731.0,14,5,1061,marchand,0
10632.0,21,1,1258,particulier,0
2880.0,19,1,860,facture,0
4661.0,14,12,1086,marchand,1
3510.0,17,7,299,particulier,0
2446.0,11,1,1052,agent,0
1106.0,22,3,1616,particulier,0
37019.0,17,3,1269,marchand,0
656.0,6,4,836,particulier,0
9918.0,8,3,166,marchand,0
9513.0,15,10,1518,marchand,0
1021.0,23,1,1931,particulier,0
28469.0,13,7,270,marchand,0
3460.0,23,1,873,particulier,0
13640.0,17,6,850,marchand,0
2334.0,16,3,1607,particulier,0
2185.0,20,3,2338,particulier,0
21037.0,12,6,714,marchand,0
24141.0,15,6,632,marchand,0
2780.0,10,2,1858,particulier,0
1696.0,17,4,1694,particulier,0
36311.0,18,6,1876,marchand,0
5910.0,21,1,1738,facture,0
17182.0,8,3,203,marchand,0
1654.0,21,1,570,facture,0
19634.0,14,6,2007,marchand,0
16332.0,15,8,120,marchand,0
793.0,10,4,1155,agent,0
55741.0,23,3,271,particulier,1
3108.0,22,2,1976,agent,0
3940.0,13,4,1930,marchand,0
12318.0,20,4,1933,marchand,0
34392.0,14,11,195,marchand,0
991.0,9,3,463,particulier,0
3008.0,17,3,1523,facture,0
4334.0,15,2,1023,particulier,0
12370.0,18,10,1418,marchand,0
11633.0,7,4,852,particulier,0
10216.0,8,8,2146,marchand,0
8385.0,22,2,2312,particulier,0
9791.0,12,5,2105,agent,0
1480.0,11,2,260,agent,0
22924.0,12,7,2391,marchand,0
16983.0,14,7,1348,marchand,0
5390.0,17,4,1065,particulier,0
2995.0,8,2,1179,agent,0
15909.0,12,8,2255,marchand,0
2069.0,17,3,2309,particulier,0
17008.0,16,12,1246,marchand,0
7749.0,13,8,400,marchand,0
8172.0,13,9,1850,marchand,0
7302.0,8,9,2324,marchand,0
20318.0,13,5,2180,marchand,0
15453.0,20,2,2248,particulier,0
3800.0,21,3,881,particulier,0
2198.0,21,0,2395,particulier,0
9420.0,15,5,2313,marchand,0
1602.0,19,4,337,agent,0
36062.0,16,7,461,marchand,0
38235.0,12,6,1282,marchand,0
1598.0,7,1,1557,agent,0
238.0,21,6,1372,particulier,0
20340.0,12,6,987,marchand,0
2102.0,8,2,1019,agent,0
13181.0,17,5,148,marchand,0
2810.0,12,6,585,particulier,0
10433.0,12,6,2204,marchand,0
5879.0,18,1,2231,particulier,0
12526.0,10,11,829,marchand,0
2222.0,11,3,531,agent,0
1843.0,17,3,188,particulier,0
10077.0,13,8,2081,marchand,0
4037.0,5,1,996,particulier,0
4358.0,16,3,368,particulier,0
11913.0,13,4,1526,marchand,0
2175.0,8,2,296,particulier,0
3353.0,9,3,751,facture,0
1792.0,18,0,732,particulier,0
9775.0,22,2,1188,agent,0
3837.0,12,4,435,marchand,0
3272.0,19,1,1599,agent,0
6392.0,14,6,32,marchand,0
12348.0,15,7,2132,marchand,0
25329.0,17,7,1606,marchand,0
9779.0,13,7,1536,marchand,0
4133.0,23,1,597,particulier,0
18171.0,12,1,970,marchand,0
1259.0,19,4,857,particulier,0
1563.0,7,4,2148,particulier,0
1229.0,20,2,321,particulier,0
10608.0,23,4,520,particulier,0
3631.0,11,3,1122,particulier,0
6751.0,7,4,62,particulier,0
8191.0,13,8,1742,marchand,0
2811.0,23,3,782,particulier,0
22969.0,15,8,747,marchand,0
10271.0,13,4,1628,agent,0
2660.0,20,6,702,particulier,0
1077.0,21,4,1265,particulier,0
9899.0,10,14,9,marchand,0
2886.0,22,2,1871,particulier,0
10217.0,19,3,1431,agent,0
10796.0,23,0,1095,particulier,0
28689.0,14,11,2269,marchand,0
18897.0,13,12,927,marchand,0
3950.0,22,4,1181,agent,0
5065.0,11,3,1556,particulier,0
18713.0,14,4,487,marchand,0
10006.0,15,8,1517,marchand,0
8244.0,8,8,1230,marchand,0
11777.0,13,7,1903,marchand,0
5548.0,14,9,1639,marchand,0
15705.0,20,2,958,particulier,0
15892.0,12,9,1106,marchand,0
2126.0,23,4,1707,agent,0
13389.0,16,8,1953,marchand,0
5371.0,20,6,1855,particulier,0
2133.0,20,7,13,particulier,0
6627.0,18,10,829,marchand,0
1794.0,16,3,964,agent,0
1468.0,9,3,614,particulier,0
8719.0,14,6,2058,marchand,0
4624.0,6,5,255,particulier,0
4552.0,9,2,1441,facture,0
1164.0,23,5,1561,particulier,0
4756.0,20,0,1340,particulier,0
15551.0,17,9,661,marchand,0
11294.0,14,5,111,marchand,0
10475.0,8,8,1197,marchand,0
6047.0,21,3,626,agent,0
27973.0,10,4,1800,particulier,0
2133.0,19,4,2195,agent,0
17742.0,23,6,1684,agent,0
13979.0,23,1,306,facture,0
10535.0,17,9,540,marchand,0
1854.0,22,2,1971,agent,0
1895.0,11,5,803,particulier,0
6456.0,10,6,1605,marchand,0
23544.0,9,10,808,marchand,0
5618.0,8,3,1136,particulier,0
2924.0,14,7,1469,marchand,1
4772.0,22,7,144,agent,0
6409.0,13,9,298,marchand,0
5903.0,21,2,1827,particulier,0
29087.0,15,6,1233,marchand,0
10911.0,14,6,546,marchand,0
4166.0,22,4,960,particulier,0
3119.0,22,3,1249,agent,0
3929.0,18,5,1236,particulier,0
13611.0,15,4,381,marchand,0
1872.0,23,3,215,particulier,0
5925.0,17,12,1810,marchand,1
7137.0,15,6,2107,marchand,0
1895.0,23,6,989,particulier,0
8596.0,14,6,1502,marchand,0
3834.0,18,2,1256,particulier,0
4627.0,15,4,1640,particulier,0
5054.0,23,3,1938,particulier,0
11072.0,15,12,634,marchand,0
21804.0,16,4,87,marchand,0
17700.0,11,8,433,marchand,0
1777.0,21,4,506,agent,0
1709.0,21,1,1107,particulier,0
3823.0,19,3,426,agent,0
11360.0,15,6,2263,marchand,0
1477.0,7,0,1269,particulier,0
2040.0,10,5,2029,particulier,0
2331.0,21,3,325,particulier,0
1224.0,17,7,1657,particulier,0
17779.0,20,2,395,particulier,0
3165.0,21,7,653,particulier,0
1212.0,9,3,1743,particulier,0
3518.0,17,9,1893,marchand,1
1322.0,21,0,1897,facture,0
33410.0,12,7,2261,marchand,0
16537.0,12,4,582,marchand,0
7935.0,20,2,1940,particulier,0
16933.0,15,4,1277,marchand,0
22209.0,9,12,850,marchand,0
1329.0,18,4,1857,particulier,0
19364.0,17,5,1472,marchand,0
27083.0,13,6,1854,marchand,0
1272.0,21,2,53,agent,0
13992.0,11,6,2347,marchand,0
22349.0,11,12,809,marchand,0
1071.0,11,5,2246,particulier,0
2988.0,23,1,1262,agent,0
6089.0,9,4,317,agent,0
906.0,20,3,2051,facture,0
53093.0,11,6,1228,marchand,0
7745.0,14,2,2277,particulier,0
1652.0,11,3,2176,particulier,0
9129.0,15,9,1916,marchand,0
6934.0,15,6,1035,marchand,0
20988.0,15,4,366,marchand,0
21891.0,9,3,1515,marchand,0
6708.0,14,11,750,marchand,0
5492.0,19,1,2006,particulier,0
8737.0,23,0,1238,particulier,0
9356.0,18,6,474,marchand,0
1224.0,5,6,8,particulier,0
1139.0,18,2,1721,particulier,0
15228.0,12,6,1013,marchand,0
5721.0,15,9,1974,marchand,0
2200.0,21,4,1805,agent,0
3602.0,22,0,2203,particulier,0
1304.0,7,2,1270,agent,0
4076.0,21,3,1215,particulier,0
25708.0,14,4,2161,marchand,0
4509.0,23,1,790,particulier,0
15160.0,18,7,1431,marchand,0
21516.0,20,0,679,particulier,0
12293.0,10,11,1364,marchand,0
28091.0,6,2,737,facture,0
16979.0,12,8,1323,marchand,0
7290.0,17,11,966,marchand,0
2805.0,8,2,1487,agent,0
9735.0,14,4,75,marchand,0
6935.0,14,9,1375,marchand,0
21498.0,18,8,1121,marchand,0
17539.0,11,8,31,marchand,0
45161.0,14,9,2199,marchand,0
5535.0,22,2,181,particulier,0
1710.0,23,2,468,particulier,0
23681.0,16,12,60,marchand,0
8637.0,10,8,364,marchand,0
1107.0,9,1,2355,facture,0
4160.0,6,3,2183,particulier,0
3052.0,11,4,519,agent,0
4460.0,10,4,1387,particulier,0
8607.0,9,5,1067,marchand,0
2387.0,22,5,1941,particulier,0
33292.0,12,11,1914,marchand,0
5729.0,8,3,1510,particulier,0
4040.0,21,4,381,particulier,0
21711.0,13,2,1121,particulier,0
7561.0,14,5,460,marchand,0
4500.0,7,3,856,agent,0
5056.0,12,3,2099,marchand,0
16240.0,10,7,1799,marchand,0
1668.0,23,5,1568,agent,0
4391.0,19,3,964,agent,0
8660.0,13,9,2068,marchand,0
7322.0,20,7,577,agent,0
16044.0,14,4,102,marchand,0
6549.0,17,4,2066,marchand,0
3566.0,23,5,492,particulier,0
1267.0,10,3,392,particulier,0
5378.0,9,0,1105,agent,0
16970.0,13,9,1904,marchand,0
4504.0,22,4,1189,particulier,0
3783.0,12,5,1704,agent,0
9278.0,10,9,2366,marchand,0
7813.0,13,8,274,marchand,0
3806.0,17,2,1960,particulier,0
15901.0,18,9,118,marchand,0
7797.0,11,5,852,particulier,0
1697.0,23,6,1967,facture,0
2177.0,18,7,1847,agent,0
18473.0,7,7,215,particulier,1
28622.0,9,6,1858,marchand,0
4618.0,21,7,167,particulier,0
8534.0,9,6,593,marchand,0
406.0,22,1,1218,particulier,0
2691.0,11,5,555,particulier,0
9863.0,14,3,421,marchand,0
4325.0,9,3,1114,particulier,0
3013.0,20,5,1649,particulier,0
416.0,10,3,841,particulier,0
35150.0,17,10,1520,marchand,0
12574.0,11,4,1154,marchand,0
17863.0,8,8,162,facture,1
13877.0,14,6,114,marchand,0
12495.0,13,8,1522,marchand,0
26235.0,12,9,647,marchand,0
1835.0,8,3,350,particulier,0
8235.0,21,3,919,agent,0
16317.0,17,12,1034,marchand,0
9206.0,21,5,1136,particulier,0
1696.0,22,9,2252,particulier,0
3900.0,11,6,600,marchand,0
1238.0,11,2,1679,particulier,0
3604.0,20,1,1941,particulier,0
35339.0,15,12,162,marchand,0
41415.0,15,6,873,marchand,0
1772.0,8,6,2151,particulier,0
5490.0,19,3,1689,particulier,0
3072.0,19,5,718,particulier,0
11858.0,13,5,692,marchand,0
2087.0,7,6,1746,agent,0
870.0,23,3,1134,agent,0
1599.0,22,4,1405,particulier,0
1413.0,18,3,611,particulier,0
11800.0,14,10,1215,marchand,0
2498.0,8,1,1897,agent,0
23465.0,14,11,427,marchand,0
9011.0,14,6,966,marchand,0
20868.0,9,3,1317,facture,0
3175.0,18,2,435,particulier,0
17261.0,13,7,2020,marchand,0
1567.0,7,3,1159,agent,0
1836.0,18,2,136,agent,0
1132.0,18,1,260,particulier,0
1517.0,23,2,1500,particulier,0
2676.0,23,6,617,particulier,0
2396.0,8,1,2218,agent,0
7221.0,11,3,1292,marchand,0
1308.0,7,4,694,agent,0
4414.0,6,7,1040,particulier,0
2706.0,23,0,859,particulier,0
29120.0,13,7,21,marchand,0
3986.0,20,3,745,particulier,0
8459.0,8,4,809,particulier,0
573.0,12,2,140,particulier,0
4316.0,21,2,233,particulier,0
11222.0,10,7,343,marchand,0
17760.0,16,9,870,marchand,0
3814.0,21,3,556,agent,0
3167.0,10,4,92,facture,0
2671.0,19,3,2264,particulier,0
21954.0,10,8,551,marchand,0
6004.0,13,6,1882,marchand,0
25964.0,15,8,545,marchand,0
1329.0,1,3,233,agent,0
13632.0,14,7,117,marchand,0
11640.0,15,5,603,marchand,0
1123.0,23,3,1434,particulier,0
19872.0,14,11,108,marchand,0
3718.0,15,1,309,particulier,0
6643.0,9,5,1972,marchand,0
2811.0,7,5,2018,particulier,0
7945.0,7,4,201,particulier,0
3073.0,21,3,439,particulier,0
2536.0,8,9,47,particulier,0
33886.0,11,8,730,marchand,0
20544.0,11,7,1781,marchand,0
1581.0,17,1,2382,particulier,0
17074.0,23,2,44,particulier,1
4048.0,18,5,987,marchand,1
1753.0,8,4,527,facture,0
5988.0,10,4,634,particulier,0
13403.0,10,2,2015,facture,0
4640.0,10,2,2365,particulier,0
1264.0,18,1,178,particulier,0
1924.0,23,1,1110,facture,0
2767.0,10,2,1728,particulier,0
5113.0,16,8,1125,marchand,0
16432.0,9,7,1754,marchand,0
8324.0,13,9,896,marchand,0
889.0,23,6,761,particulier,0
4238.0,9,2,845,particulier,0
1094.0,23,3,808,facture,0
1400.0,23,5,976,agent,0
5736.0,15,4,543,marchand,0
924.0,8,1,1228,particulier,0
8218.0,10,7,850,marchand,0
16808.0,11,8,1987,marchand,0
1733.0,11,2,1253,particulier,0
2774.0,23,1,1417,particulier,0
3743.0,14,10,844,marchand,0
741.0,18,3,1417,particulier,0
1138.0,21,3,1478,facture,0
8153.0,14,5,1834,marchand,0
10375.0,18,6,396,particulier,0
749.0,18,2,462,particulier,0
3942.0,20,4,374,agent,0
19984.0,16,6,1403,marchand,0
11150.0,6,1,129,particulier,0
3662.0,19,1,2078,particulier,0
21489.0,9,5,596,marchand,0
5965.0,16,8,1979,marchand,0
15155.0,18,5,327,marchand,0
3209.0,18,4,475,particulier,0
1594.0,23,1,1626,particulier,0
11777.0,18,9,2073,marchand,0
6665.0,20,2,1276,particulier,0
4802.0,23,5,844,particulier,0
863.0,22,2,655,particulier,0
2274.0,16,4,2215,particulier,0
11291.0,13,5,816,particulier,0
27911.0,14,9,1275,marchand,0
3045.0,9,1,1395,particulier,0
6119.0,16,3,647,marchand,0
10812.0,12,6,446,marchand,0
54382.0,8,10,1230,marchand,0
3345.0,20,2,1104,agent,0
1402.0,23,4,993,particulier,0
4031.0,18,6,1095,particulier,0
3715.0,23,3,294,particulier,0
5521.0,22,5,143,particulier,0
11522.0,17,9,407,marchand,0
2101.0,14,2,432,agent,0
558.0,22,2,1430,agent,0
3074.0,17,2,473,particulier,0
21237.0,17,6,1810,marchand,0
3164.0,12,1,1269,agent,0
1336.0,22,4,1017,particulier,0
15156.0,8,3,1642,agent,0
1198.0,20,3,215,particulier,0
13576.0,18,9,244,marchand,0
9666.0,10,6,1409,particulier,0
7933.0,20,2,840,agent,0
51217.0,15,6,1421,marchand,0
4157.0,8,3,2050,particulier,0
14093.0,15,6,969,marchand,0
11842.0,13,3,55,marchand,0
21411.0,13,5,1479,marchand,0
992.0,18,4,505,particulier,0
11561.0,13,5,110,marchand,0
18664.0,15,8,1472,marchand,0
3823.0,11,4,597,marchand,0
1632.0,21,2,239,particulier,0
38348.0,12,8,1276,marchand,0
3341.0,23,1,585,agent,0
2012.0,18,2,707,agent,0
776.0,6,3,2095,particulier,0
2219.0,19,2,1051,agent,0
6248.0,22,0,2020,particulier,0
1961.0,13,5,1246,agent,0
6504.0,23,1,2107,agent,0
13817.0,11,6,1179,marchand,0
11709.0,10,4,1441,marchand,0
3041.0,12,6,858,particulier,0
8175.0,16,4,1346,marchand,0
8824.0,18,8,365,marchand,0
12386.0,13,7,52,marchand,0
14111.0,15,9,146,marchand,0
28984.0,19,11,924,marchand,0
3406.0,20,3,1313,agent,0
7180.0,20,5,1994,particulier,0
1473.0,11,3,1861,agent,0
11472.0,15,9,647,marchand,0
2238.0,22,2,1249,agent,0
4354.0,19,5,685,agent,0
7551.0,9,4,1526,marchand,0
7585.0,18,7,812,particulier,0
645.0,6,4,1185,agent,0
2965.0,10,4,588,facture,0
9439.0,22,2,2087,particulier,0
19277.0,14,11,1032,marchand,0
21100.0,11,10,1699,marchand,0
8012.0,18,4,935,marchand,0
2607.0,3,0,1871,particulier,0
2607.0,18,2,1617,particulier,0
9339.0,10,0,1908,particulier,0
4222.0,21,2,1668,particulier,0
3180.0,17,4,2022,particulier,0
1716.0,21,7,1487,particulier,0
8111.0,13,3,953,marchand,0
9001.0,11,4,738,particulier,0
17081.0,10,11,1714,marchand,0
1275.0,20,3,1470,particulier,0
4756.0,20,3,1524,particulier,0
26282.0,16,7,1159,marchand,0
9087.0,10,1,1288,particulier,0
25509.0,21,5,1953,facture,0
1568.0,23,3,1066,particulier,0
5508.0,20,3,2296,particulier,0
29155.0,13,10,1115,marchand,0
5878.0,21,8,1807,particulier,0
18110.0,12,8,1307,marchand,0
805.0,8,5,1685,particulier,0
1205.0,20,2,2194,particulier,0
50809.0,11,7,181,marchand,0
21094.0,11,9,2130,marchand,0
5084.0,17,6,1239,particulier,0
17057.0,12,7,122,marchand,0
15724.0,12,7,457,marchand,0
7811.0,12,4,2314,marchand,0
2189.0,18,2,1295,agent,0
7448.0,18,6,998,marchand,0
29455.0,8,6,1380,particulier,0
3840.0,22,3,1268,agent,0
3341.0,10,9,1334,marchand,0
38035.0,13,12,125,marchand,0
1418.0,21,2,1016,particulier,0
5378.0,6,3,1114,particulier,0
1658.0,23,2,659,particulier,0
5857.0,17,3,430,particulier,0
6400.0,12,2,211,marchand,0
2938.0,20,2,1896,particulier,0
2132.0,16,2,458,facture,0
9080.0,17,10,1935,marchand,0
7241.0,11,4,1428,particulier,0
2182.0,11,3,2005,particulier,0
1272.0,21,7,2205,particulier,0
58278.0,12,9,838,marchand,0
4232.0,12,6,1708,marchand,0
41200.0,13,8,1988,marchand,0
5150.0,21,4,1388,particulier,0
4577.0,23,3,421,particulier,0
6806.0,22,2,1791,agent,0
2330.0,23,4,1238,agent,0
3684.0,23,3,2251,particulier,0
14553.0,12,6,2318,marchand,0
10097.0,18,8,1467,marchand,0
1281.0,19,1,1947,particulier,0
4102.0,22,1,812,facture,0
10735.0,13,10,1161,marchand,0
16262.0,15,7,2219,marchand,0
4253.0,21,2,738,particulier,0
1764.0,15,1,1966,particulier,0
2283.0,15,6,1304,particulier,0
4378.0,19,6,2319,particulier,0
13646.0,12,7,1895,marchand,0
8793.0,12,7,2251,marchand,0
1844.0,9,5,2277,agent,0
631.0,21,3,1079,agent,0
43290.0,11,11,250,marchand,0
11406.0,15,9,1711,marchand,0
9453.0,21,2,470,particulier,0
1692.0,20,4,1254,agent,0
3179.0,23,5,2304,agent,0
1283.0,22,3,570,particulier,0
26164.0,17,9,619,marchand,0
1597.0,19,3,42,facture,0
6950.0,23,6,106,facture,0
4273.0,6,6,1988,particulier,0
10471.0,12,2,2174,marchand,0
1828.0,19,3,120,facture,0
6358.0,16,7,1879,marchand,0
44866.0,11,12,1509,marchand,0
2722.0,19,4,2136,particulier,0
15319.0,18,4,936,marchand,0
14321.0,13,5,1575,marchand,0
9601.0,10,2,1506,agent,0
5670.0,23,1,173,particulier,0
1091.0,7,5,2188,particulier,0
12943.0,12,4,643,marchand,0
3780.0,10,4,1661,particulier,0
1224.0,19,4,1163,facture,0
5250.0,13,12,835,marchand,0
6692.0,6,4,1135,particulier,0
1498.0,18,5,1309,agent,0
14628.0,8,12,1307,marchand,0
4917.0,23,2,255,agent,0
3219.0,8,1,480,agent,0
14863.0,15,9,760,marchand,0
1594.0,5,2,1370,facture,0
8406.0,17,2,799,facture,0
14300.0,15,6,66,marchand,0
15608.0,20,5,675,particulier,0
1808.0,4,3,2045,particulier,0
2353.0,20,2,2349,agent,0
16026.0,15,6,2326,marchand,0
35844.0,11,11,870,marchand,0
1543.0,20,1,513,agent,0
9257.0,10,8,938,marchand,0
6400.0,16,10,2324,marchand,0
3764.0,20,1,1101,agent,0
37818.0,18,8,848,marchand,0
13650.0,13,5,1689,marchand,0
6265.0,21,3,495,agent,0
3178.0,22,0,119,particulier,0
4686.0,10,3,566,agent,0
11509.0,23,1,910,particulier,0
2813.0,16,5,1786,marchand,0
10792.0,15,8,250,marchand,0
1461.0,12,3,1597,particulier,0
8865.0,21,6,2297,agent,0
7314.0,6,3,254,agent,0
11250.0,14,7,1194,marchand,0
1275.0,21,0,482,particulier,0
15482.0,13,12,2094,marchand,0
2673.0,22,3,261,particulier,0
2909.0,9,1,1015,particulier,0
5826.0,19,1,1076,particulier,0
7863.0,22,4,1072,particulier,0
2329.0,17,1,192,agent,0
1002.0,23,3,1217,particulier,0
1084.0,10,1,1851,particulier,0
9581.0,23,3,2355,particulier,0
18542.0,15,5,2277,marchand,0
4939.0,17,3,1338,agent,0
674.0,21,2,421,particulier,0
13448.0,16,10,2210,marchand,0
26981.0,11,3,2147,marchand,0
2152.0,16,2,2063,particulier,0
4902.0,7,0,1834,particulier,0
4800.0,14,9,46,marchand,0
3600.0,23,3,1165,particulier,0
1616.0,19,5,2227,particulier,0
10711.0,8,6,672,particulier,0
4222.0,23,4,1799,particulier,0
9511.0,15,4,705,marchand,0
13556.0,10,10,1680,marchand,0
5317.0,21,4,314,particulier,0
27294.0,9,6,1640,marchand,0
9385.0,13,8,425,marchand,0
26218.0,14,8,944,marchand,0
11158.0,20,6,2008,marchand,0
357.0,23,2,1666,agent,0
22933.0,15,8,182,marchand,0
1877.0,21,4,2277,particulier,0
2451.0,20,5,1475,particulier,0
10017.0,23,2,618,particulier,0
20821.0,18,2,1668,particulier,0
32863.0,9,4,1449,marchand,0
12124.0,17,10,1867,marchand,0
12078.0,23,5,2352,agent,0
3762.0,23,5,606,agent,0
55437.0,11,10,1251,marchand,0
6842.0,12,4,790,marchand,0
4274.0,16,4,29,particulier,0
7790.0,10,6,70,marchand,0
24980.0,10,6,1346,marchand,0
9419.0,6,8,1930,particulier,0
36415.0,14,2,810,marchand,0
5437.0,21,7,493,particulier,0
8221.0,8,3,203,particulier,0
4348.0,17,11,1379,marchand,0
2603.0,9,5,1597,agent,0
981.0,6,3,1964,particulier,0
4786.0,22,2,926,agent,0
13145.0,15,5,671,marchand,0
24840.0,11,2,1799,marchand,0
9430.0,13,8,2200,marchand,0
1906.0,23,4,646,particulier,0
4363.0,19,1,1725,agent,0
8445.0,18,5,669,agent,0
7381.0,12,5,731,marchand,0
2599.0,18,4,436,particulier,0
1033.0,9,3,1275,agent,0
1001.0,16,4,1140,particulier,0
3022.0,17,4,617,particulier,0
26162.0,15,7,1004,marchand,0
11184.0,11,6,2094,marchand,0
1554.0,19,3,1283,particulier,0
881.0,18,2,1994,particulier,0
4491.0,20,3,435,facture,0
14248.0,14,7,342,marchand,0
4668.0,22,2,831,agent,0
12540.0,20,2,2263,agent,0
10350.0,14,11,1922,marchand,0
1207.0,23,3,1742,particulier,0
8276.0,12,6,821,marchand,0
23850.0,14,6,2154,marchand,0
5605.0,19,4,519,particulier,0
459.0,18,5,1110,particulier,0
3577.0,23,2,691,particulier,0
4219.0,23,3,1847,particulier,0
3796.0,23,0,2142,particulier,0
9594.0,17,10,2357,marchand,0
2231.0,17,4,1859,particulier,0
6071.0,14,4,2329,marchand,0
438.0,23,5,567,particulier,0
16559.0,14,7,2207,marchand,0
35264.0,14,6,2178,marchand,0
8892.0,11,8,1476,marchand,0
4819.0,6,3,1372,agent,0
28286.0,15,10,1821,marchand,0
2499.0,21,1,1624,particulier,0
28665.0,14,8,1593,marchand,0
34955.0,13,8,228,marchand,0
2772.0,21,5,581,particulier,0
16987.0,10,0,555,agent,0
12830.0,13,5,720,marchand,0
1578.0,11,0,2170,agent,0
36362.0,14,9,1337,marchand,0
9854.0,10,10,996,marchand,0
8215.0,8,3,1819,particulier,0
23836.0,12,5,2380,marchand,0
26293.0,11,4,389,marchand,0
21801.0,14,8,483,marchand,0
11235.0,12,13,1690,marchand,0
10390.0,12,1,132,particulier,0
14390.0,17,7,1449,marchand,0
3493.0,8,3,2355,particulier,0
8344.0,23,3,206,particulier,0
30232.0,17,1,198,marchand,0
30861.0,18,4,1199,particulier,0
2816.0,19,1,43,particulier,0
25762.0,16,12,1641,marchand,0
1201.0,13,1,93,particulier,0
4326.0,18,2,1411,particulier,0
4513.0,20,2,1046,particulier,0
3487.0,19,3,25,particulier,0
17197.0,12,10,861,marchand,0
48360.0,13,8,290,marchand,0
8836.0,12,8,664,marchand,0
1362.0,19,4,158,agent,0
1969.0,17,4,1915,particulier,0
45624.0,15,5,462,marchand,0
1674.0,20,1,701,particulier,0
12266.0,12,6,473,marchand,0
2124.0,13,4,206,agent,0
1743.0,20,7,1550,particulier,0
9035.0,21,3,1421,particulier,0
4447.0,11,0,2013,agent,0
5105.0,18,3,1967,particulier,0
1797.0,9,3,2283,particulier,0
10017.0,11,8,2131,agent,1
1131.0,15,5,1310,particulier,0
18261.0,12,4,1221,marchand,0
18474.0,18,8,662,marchand,0
750.0,8,1,1045,particulier,0
13512.0,23,3,522,particulier,0
37906.0,15,10,40,marchand,0
1260.0,8,1,825,particulier,0
31500.0,10,4,1516,particulier,0
10769.0,14,5,1584,marchand,0
10414.0,17,9,1811,marchand,0
4425.0,13,5,109,marchand,0
338.0,8,1,368,particulier,0
2471.0,22,5,2322,particulier,0
14479.0,16,8,1278,marchand,0
16255.0,11,5,1917,marchand,0
15572.0,9,5,1938,marchand,0
3987.0,22,1,139,particulier,0
3516.0,18,3,1944,particulier,0
11558.0,15,7,883,marchand,0
13723.0,16,7,285,marchand,0
8991.0,11,6,765,marchand,0
2604.0,8,5,269,agent,0
2279.0,6,6,830,particulier,0
2860.0,17,2,1394,particulier,0
35426.0,16,8,1939,marchand,0
3172.0,23,4,321,facture,0
3830.0,21,4,743,agent,0
1309.0,21,0,889,agent,0
32295.0,17,6,2262,marchand,0
24148.0,15,10,326,marchand,0
13042.0,9,7,184,particulier,0
3799.0,18,5,1168,marchand,1
971.0,22,2,1199,agent,0
3086.0,8,3,992,particulier,0
26702.0,9,6,2296,marchand,0
20940.0,23,7,599,particulier,1
9538.0,11,6,2236,marchand,0
1266.0,23,1,2025,particulier,0
2304.0,18,2,682,agent,0
19372.0,11,5,1150,marchand,0
9512.0,12,6,1722,marchand,0
4292.0,20,3,2029,particulier,0
36755.0,11,7,48,marchand,0
10754.0,13,8,746,marchand,0
13747.0,16,8,1706,marchand,0
10285.0,12,8,2152,marchand,0
64262.0,15,7,365,marchand,0
2716.0,20,5,937,particulier,0
20050.0,12,9,122,marchand,0
13094.0,11,2,1722,marchand,0
927.0,22,4,637,particulier,0
14447.0,8,4,696,agent,0
17093.0,13,8,2342,marchand,0
13539.0,16,2,165,marchand,0
40591.0,5,2,511,particulier,1
4073.0,16,3,237,particulier,0
2592.0,23,2,1834,particulier,0
5224.0,15,13,2309,marchand,1
1430.0,20,3,2250,particulier,0
2873.0,11,5,2147,particulier,0
10875.0,14,8,1676,marchand,0
6389.0,10,2,630,facture,0
11828.0,10,11,2095,marchand,0
46545.0,12,3,650,marchand,0
6833.0,13,9,2358,marchand,0
1266.0,22,3,1458,particulier,0
27167.0,13,11,263,marchand,0
10668.0,17,3,1730,particulier,0
13317.0,19,14,1909,marchand,0
25249.0,23,2,919,particulier,0
1668.0,19,2,228,particulier,0
4655.0,10,7,1660,particulier,0
2395.0,19,0,375,particulier,0
3306.0,21,4,551,particulier,0
8436.0,22,3,501,particulier,0
12691.0,13,2,2073,marchand,0
7649.0,14,10,358,marchand,0
6730.0,11,9,2338,particulier,0
5140.0,9,3,1850,particulier,0
14370.0,11,5,1145,agent,0
12616.0,14,8,572,marchand,0
10237.0,16,9,213,marchand,0
4436.0,7,5,1560,particulier,0
1715.0,20,2,1898,particulier,0
23454.0,16,7,2125,marchand,0
4842.0,11,8,2017,marchand,0
5307.0,14,15,1243,marchand,1
11469.0,14,6,1647,marchand,0
816.0,9,0,991,particulier,0
2063.0,18,4,355,facture,0
5356.0,11,6,902,marchand,0
1132.0,17,1,783,particulier,0
1474.0,16,2,1401,particulier,0
25638.0,20,8,918,marchand,0
5067.0,9,6,1008,particulier,0
17522.0,10,8,850,marchand,0
4328.0,20,2,740,particulier,0
1358.0,9,4,492,particulier,0
5799.0,19,6,588,particulier,0
11410.0,12,7,2121,marchand,0
6831.0,14,7,1013,marchand,0
1641.0,6,5,1555,particulier,0
644.0,6,2,238,particulier,0
17282.0,14,4,2064,marchand,0
23452.0,13,5,897,marchand,0
16580.0,15,11,2105,marchand,0
16221.0,23,1,1002,particulier,0
5435.0,19,0,108,facture,0
30411.0,14,10,2078,marchand,0
6396.0,14,9,1196,marchand,0
6975.0,16,7,6,marchand,0
21974.0,19,7,1490,marchand,0
13172.0,10,8,1379,marchand,0
898.0,18,7,1339,agent,0
14430.0,13,2,855,marchand,0
2708.0,10,7,1543,facture,0
26255.0,16,6,44,marchand,0
1701.0,21,0,171,agent,0
16963.0,17,11,105,marchand,0
2322.0,22,6,166,particulier,0
4438.0,9,1,1412,agent,0
15031.0,11,11,731,marchand,0
20340.0,8,10,1285,marchand,0
2042.0,11,4,1166,facture,0
2291.0,12,2,905,particulier,0
4893.0,22,4,942,agent,0
4400.0,14,5,1033,marchand,0
22267.0,10,7,1052,marchand,0
5285.0,21,5,1181,particulier,0
9421.0,6,5,421,particulier,0
36871.0,13,4,136,marchand,0
36526.0,12,5,1136,marchand,0
1994.0,15,4,1597,agent,0
11944.0,22,5,824,particulier,0
11752.0,16,3,1925,marchand,0
4838.0,6,2,1375,particulier,0
15854.0,16,10,2284,marchand,0
4995.0,12,12,2210,marchand,1
5012.0,15,4,2187,marchand,0
12485.0,15,11,1418,marchand,0
3242.0,20,1,371,particulier,0
8124.0,8,5,799,agent,0
517.0,21,1,1402,particulier,0
11442.0,15,7,2125,marchand,0
634.0,16,1,1686,particulier,0
5044.0,18,2,522,facture,0
928.0,23,4,780,agent,0
3046.0,10,2,2374,particulier,0
2926.0,12,3,2224,marchand,0
29060.0,12,5,1668,marchand,0
7046.0,7,12,1207,marchand,0
1672.0,8,3,1993,particulier,0
3266.0,10,2,1923,particulier,0
4651.0,22,3,259,particulier,0
2218.0,16,3,110,marchand,1
2439.0,8,3,1333,particulier,0
2595.0,21,5,1101,particulier,0
5327.0,12,3,709,particulier,0
7158.0,23,2,1147,particulier,0
18710.0,12,1,525,particulier,0
3257.0,5,3,120,agent,0
12357.0,23,3,607,particulier,0
61588.0,14,8,1553,marchand,0
1653.0,8,2,1366,particulier,0
7727.0,21,1,634,facture,0
6302.0,23,3,1149,particulier,0
18580.0,12,5,1323,marchand,0
1612.0,16,3,1881,particulier,0
2234.0,9,3,2022,particulier,0
8374.0,21,5,1011,particulier,0
346.0,20,2,1427,particulier,0
6359.0,11,3,2302,particulier,0
1322.0,23,4,1496,agent,0
4438.0,21,2,437,particulier,0
1809.0,21,3,1752,particulier,0
7330.0,12,14,2013,marchand,0
7045.0,18,6,1974,marchand,0
3475.0,23,2,2275,agent,0
18444.0,10,9,964,marchand,0
432.0,10,4,1081,particulier,0
7745.0,17,6,509,marchand,0
24004.0,18,4,540,marchand,0
8129.0,16,8,2189,marchand,0
2454.0,18,2,741,facture,0
1864.0,23,1,1162,particulier,0
8124.0,17,7,1731,particulier,0
60841.0,17,4,1246,marchand,0
4535.0,18,7,668,marchand,1
1005.0,8,5,2326,facture,0
3052.0,16,4,1231,agent,0
13053.0,15,7,1754,marchand,0
20030.0,13,5,2332,marchand,0
15133.0,11,6,2188,marchand,0
7258.0,16,10,2345,marchand,0
10753.0,18,9,181,marchand,0
4945.0,16,0,1579,agent,0
1703.0,17,6,881,particulier,0
2545.0,9,4,1608,particulier,0
8506.0,22,3,247,facture,0
2161.0,23,1,986,agent,0
10375.0,10,6,961,marchand,0
855.0,19,6,468,agent,0
10354.0,9,10,1532,marchand,0
15995.0,16,4,297,marchand,0
9319.0,12,8,143,marchand,0
2493.0,20,3,164,particulier,0
2989.0,22,8,951,particulier,0
1175.0,14,4,2137,particulier,0
9638.0,16,10,146,marchand,0
1153.0,23,1,132,agent,0
14690.0,15,4,502,marchand,0
3195.0,12,2,2317,particulier,0
3344.0,13,4,1928,particulier,0
17814.0,16,5,582,marchand,0
8179.0,6,7,700,marchand,0
7522.0,16,2,2189,particulier,0
2167.0,19,2,1404,particulier,0
8043.0,12,11,1296,marchand,0
29706.0,12,1,1998,marchand,0
11099.0,17,10,1781,marchand,0
21911.0,20,5,1056,particulier,0
3178.0,21,4,1825,particulier,0
10899.0,12,5,1746,marchand,0
680.0,20,3,1419,particulier,0
2105.0,22,2,1349,particulier,0
2591.0,13,2,2391,particulier,0
14829.0,14,3,437,marchand,0
17073.0,13,5,2134,marchand,0
13617.0,12,3,1870,marchand,0
27172.0,12,5,2293,marchand,0
13793.0,14,12,1291,marchand,0
6189.0,21,3,2132,agent,0
5574.0,14,5,45,marchand,0
6955.0,14,8,1610,marchand,0
60513.0,12,8,1945,marchand,0
21853.0,12,9,58,marchand,0
7678.0,9,9,1341,marchand,0
26696.0,14,5,945,marchand,0
11078.0,10,7,975,marchand,0
1982.0,20,3,1407,particulier,0
1036.0,7,2,2073,particulier,0
6035.0,16,1,1346,particulier,0
21961.0,13,6,931,marchand,0
7495.0,21,3,718,particulier,0
38145.0,9,10,1244,marchand,0
15193.0,20,6,1494,particulier,0
10508.0,16,9,907,marchand,0
4028.0,23,2,1264,particulier,0
31714.0,19,12,2280,marchand,0
15528.0,11,5,1372,marchand,0
1014.0,10,5,123,particulier,0
10728.0,17,7,882,marchand,0
349.0,17,3,719,particulier,0
988.0,14,3,1490,agent,0
7484.0,10,8,1410,marchand,0
7629.0,6,2,2323,particulier,0
3598.0,12,2,1501,particulier,0
920.0,5,2,1274,particulier,0
1803.0,19,3,1870,agent,0
3408.0,12,4,694,particulier,0
3421.0,12,6,2138,marchand,0
7132.0,16,6,1209,marchand,0
15881.0,13,12,1336,marchand,0
3144.0,23,2,786,particulier,0
9102.0,21,1,439,particulier,0
6797.0,23,3,1856,particulier,0
13307.0,13,7,1613,marchand,0
2026.0,11,6,1516,particulier,0
19624.0,13,3,1732,marchand,0
1847.0,21,2,2184,agent,0
1622.0,8,4,2282,particulier,0
13599.0,12,7,2170,marchand,0
19588.0,14,4,992,particulier,0
6790.0,7,2,837,particulier,0
12737.0,10,5,333,marchand,0
4814.0,7,3,1183,particulier,0
6653.0,14,4,83,marchand,0
23046.0,16,11,2377,marchand,0
2149.0,7,4,335,agent,0
2728.0,20,2,1525,particulier,0
6644.0,14,2,783,agent,0
11608.0,16,3,1124,facture,0
5459.0,12,2,1201,agent,0
2361.0,20,2,1262,particulier,0
12394.0,23,3,297,particulier,0
4731.0,6,5,194,particulier,0
3001.0,7,4,94,particulier,0
4516.0,13,8,45,marchand,1
5502.0,18,3,1345,particulier,0
6059.0,19,3,1920,particulier,0
5260.0,17,7,2123,marchand,0
483.0,19,5,311,particulier,0
7624.0,18,5,1911,particulier,0
8751.0,19,3,1708,facture,0
38347.0,11,2,934,marchand,0
8611.0,13,5,1686,marchand,0
6113.0,19,1,1630,particulier,0
9349.0,8,4,1313,particulier,0
12865.0,13,5,903,marchand,0
4175.0,6,2,1778,particulier,0
17061.0,13,13,2197,marchand,0
677.0,21,4,2088,particulier,0
2851.0,23,5,260,particulier,0
2180.0,23,3,1825,particulier,0
31630.0,9,8,2355,marchand,0
9326.0,14,5,792,marchand,0
9211.0,16,5,943,marchand,0
26694.0,12,14,608,marchand,0
628.0,23,5,2350,particulier,0
770.0,19,4,356,particulier,0
23785.0,20,2,694,particulier,0
15810.0,18,0,738,particulier,0
8962.0,15,7,1070,marchand,0
2609.0,7,5,985,particulier,0
5961.0,16,5,2110,marchand,0
10662.0,7,3,2214,particulier,0
898.0,21,5,1850,particulier,0
9780.0,15,11,26,marchand,0
3210.0,15,7,2077,marchand,0
2064.0,23,8,412,particulier,0
19185.0,9,6,1879,marchand,0
14167.0,18,4,2321,particulier,0
3148.0,21,6,23,particulier,0
11232.0,12,14,113,marchand,0
5333.0,20,1,313,particulier,0
21196.0,14,9,1682,marchand,0
27051.0,15,4,1943,marchand,0
1041.0,21,6,569,agent,0
15760.0,18,7,1209,marchand,0
10024.0,15,6,2099,marchand,0
20915.0,14,11,1966,marchand,0
3770.0,17,6,881,particulier,0
1705.0,19,6,2042,particulier,0
13842.0,11,3,737,particulier,0
2482.0,11,3,815,particulier,0
3522.0,23,2,1991,particulier,0
2248.0,21,3,784,particulier,0
6129.0,5,1,1880,particulier,0
3728.0,20,4,1015,particulier,0
3089.0,22,2,1723,agent,0
14339.0,23,2,2314,particulier,0
29467.0,10,9,1205,marchand,0
9645.0,7,3,1617,particulier,0
5273.0,16,4,1638,marchand,0
2422.0,19,5,1266,particulier,0
943.0,21,2,1484,particulier,0
27198.0,20,3,2391,marchand,0
4972.0,20,4,1223,particulier,0
2148.0,8,2,463,facture,0
1266.0,22,3,365,particulier,0
1073.0,12,3,1179,particulier,0
2939.0,8,8,2273,particulier,0
4923.0,23,3,698,particulier,0
18845.0,18,1,1911,particulier,0
1581.0,20,3,220,particulier,0
2140.0,4,6,221,agent,0
17995.0,11,6,1686,marchand,0
37332.0,11,8,1161,marchand,0
896.0,17,5,1607,particulier,0
3384.0,17,4,2075,facture,0
2524.0,19,2,205,particulier,0
5324.0,20,4,159,particulier,0
9285.0,23,1,969,particulier,0
2175.0,6,3,1284,particulier,0
3952.0,21,8,2380,particulier,0
3344.0,19,3,191,agent,0
11820.0,9,0,21,marchand,0
7881.0,21,5,179,particulier,0
3579.0,22,3,365,agent,0
8890.0,19,3,1156,particulier,0
4600.0,21,3,2329,agent,0
22030.0,11,6,2113,marchand,0
21283.0,13,10,975,marchand,0
23015.0,13,7,1761,marchand,0
725.0,22,1,2144,particulier,0
4284.0,16,5,1501,particulier,0
7709.0,15,4,1336,marchand,0
8195.0,15,3,107,particulier,0
9303.0,14,8,1071,marchand,0
2812.0,19,5,2360,agent,0
2541.0,13,5,2078,marchand,1
2835.0,8,5,1136,particulier,0
14911.0,15,5,1956,marchand,0
19124.0,15,5,2180,marchand,0
2275.0,17,6,1939,agent,0
6594.0,22,2,1737,particulier,0
6430.0,15,8,2126,marchand,0
2235.0,8,4,1559,particulier,0
22848.0,17,4,1274,marchand,0
2469.0,19,2,2308,particulier,0
17245.0,19,12,1713,marchand,0
11281.0,15,10,2296,marchand,0
9863.0,8,8,451,marchand,0
5225.0,22,5,325,particulier,0
4927.0,7,5,2150,agent,0
1635.0,21,4,1737,particulier,0
18357.0,15,10,1545,marchand,0
23925.0,11,7,2001,marchand,0
5197.0,13,4,610,marchand,0
9539.0,15,7,2172,marchand,0
9754.0,20,9,354,marchand,0
45639.0,19,3,956,particulier,1
18920.0,15,9,146,marchand,0
4718.0,14,1,285,particulier,0
500.0,17,3,1609,particulier,0
15777.0,9,7,503,marchand,0
1072.0,17,1,629,particulier,0
5089.0,22,2,552,agent,0
26772.0,11,6,1289,marchand,0
20810.0,14,9,417,marchand,0
6224.0,20,5,1449,particulier,0
8711.0,18,0,1582,agent,0
5282.0,21,3,518,particulier,0
5849.0,20,6,2002,particulier,0
6133.0,11,4,1642,particulier,0
5504.0,20,3,1400,agent,0
5150.0,9,9,542,marchand,0
7554.0,20,5,371,marchand,0
13890.0,11,3,1964,agent,0
21683.0,8,3,1720,agent,0
11675.0,12,5,1848,marchand,0
3325.0,18,3,1347,agent,0
590.0,20,7,1864,particulier,0
6285.0,20,5,670,particulier,0
6237.0,6,3,1646,particulier,0
5604.0,21,6,1320,agent,0
11922.0,14,6,1201,marchand,0
15911.0,15,4,118,marchand,0
918.0,9,4,16,particulier,0
18987.0,18,3,416,particulier,0
9689.0,23,2,2128,particulier,0
9292.0,14,8,1249,marchand,0
16048.0,13,6,797,marchand,0
989.0,8,3,1097,particulier,0
871.0,17,3,2072,particulier,0
857.0,8,3,676,particulier,0
5510.0,13,8,2244,marchand,0
3373.0,9,1,877,agent,0
2466.0,11,4,2276,agent,0
6769.0,14,7,1968,marchand,0
2192.0,23,0,2338,particulier,0
1772.0,11,4,1478,particulier,0
76323.0,10,4,406,marchand,0
835.0,23,4,1104,particulier,0
3988.0,16,1,1087,particulier,0
2667.0,20,3,1927,particulier,0
15482.0,17,9,1369,marchand,0
3118.0,21,2,299,facture,0
1168.0,17,3,1975,particulier,0
3938.0,20,3,540,facture,0
7889.0,15,8,2319,marchand,0
47132.0,13,6,542,marchand,0
2287.0,23,3,2274,agent,0
10396.0,14,17,1021,marchand,0
3852.0,5,4,666,particulier,0
12274.0,10,4,2120,marchand,0
5607.0,22,5,1396,particulier,0
14209.0,12,7,512,marchand,0
1841.0,18,6,494,particulier,0
20928.0,11,7,2101,marchand,0
1680.0,19,5,899,agent,0
16891.0,15,5,2123,marchand,0
24511.0,13,10,1960,marchand,0
10208.0,16,6,736,marchand,0
518.0,5,3,874,particulier,0
4673.0,18,4,1271,particulier,0
16828.0,16,9,499,marchand,0
5068.0,7,3,1452,particulier,0
3563.0,23,2,700,particulier,0
11081.0,15,3,1408,marchand,0
13376.0,13,5,2103,marchand,0
25887.0,13,6,2125,marchand,0
4099.0,16,7,61,marchand,0
14992.0,11,10,985,marchand,0
1908.0,19,2,1428,particulier,0
14651.0,12,5,1858,marchand,0
23191.0,14,3,1930,marchand,0
1046.0,22,4,859,particulier,0
28080.0,14,8,936,marchand,0
3828.0,22,6,1992,particulier,0
1619.0,6,1,469,particulier,0
1559.0,21,4,910,particulier,0
18816.0,11,7,2122,marchand,0
3008.0,19,5,774,facture,0
11509.0,11,3,1666,particulier,0
5148.0,11,1,2107,particulier,0
34381.0,11,8,534,marchand,0
12690.0,18,5,696,marchand,0
3230.0,23,1,2003,particulier,0
9447.0,21,5,2155,particulier,0
8235.0,22,6,56,particulier,0
463.0,4,1,1014,particulier,0
44321.0,19,6,1708,marchand,0
8751.0,10,0,1770,particulier,0
13360.0,17,3,1759,particulier,0
18439.0,15,4,1393,marchand,0
1556.0,10,9,901,particulier,0
12974.0,12,9,2219,marchand,0
3612.0,23,1,695,agent,0
1904.0,21,1,692,agent,0
5425.0,21,2,658,particulier,0
2256.0,20,3,676,particulier,0
3446.0,9,2,716,particulier,0
2324.0,8,1,2244,particulier,0
6358.0,18,2,1544,particulier,0
18836.0,13,7,2118,marchand,0
1604.0,5,2,166,agent,0
3810.0,19,2,699,particulier,0
31129.0,10,8,1535,marchand,0
5655.0,23,2,1080,agent,0
6489.0,15,5,1194,marchand,0
28972.0,16,9,2001,marchand,0
15619.0,15,3,1218,marchand,0
833.0,17,2,1110,particulier,0
2100.0,12,2,236,particulier,0
10565.0,11,8,1229,marchand,0
1942.0,18,1,1573,particulier,0
3039.0,19,2,2273,particulier,0
792.0,6,2,513,agent,0
6478.0,14,3,1669,particulier,0
2378.0,20,1,2323,particulier,0
5861.0,22,3,2252,particulier,0
4981.0,16,2,1151,particulier,0
7560.0,16,5,1806,marchand,0
6404.0,9,6,2225,particulier,0
28719.0,14,6,1914,marchand,0
2183.0,22,4,2134,particulier,0
23235.0,15,8,372,marchand,0
1866.0,8,4,407,facture,0
10134.0,13,5,727,marchand,0
2976.0,8,6,1429,particulier,0
13418.0,15,4,1580,marchand,0
2490.0,16,5,1162,agent,0
18858.0,15,2,319,marchand,0
18618.0,14,6,1554,marchand,0
11207.0,17,7,1132,marchand,0
5475.0,21,5,1466,facture,0
4955.0,22,3,1255,particulier,0
1855.0,10,6,2171,agent,0
3372.0,21,3,2161,particulier,0
6651.0,16,10,1333,marchand,0
2551.0,19,3,2176,particulier,0
1722.0,10,3,1998,agent,0
2081.0,23,3,2071,particulier,0
5018.0,22,2,1935,particulier,0
12729.0,15,8,322,marchand,0
13526.0,21,3,1923,particulier,0
7960.0,13,13,715,marchand,0
1173.0,22,1,291,particulier,0
3328.0,23,3,2069,particulier,0
25028.0,10,12,237,marchand,0
12283.0,8,3,2049,particulier,0
14086.0,13,10,1950,marchand,0
976.0,19,3,1489,facture,0
15310.0,19,14,2256,marchand,0
3147.0,19,7,745,particulier,0
6058.0,19,3,2111,particulier,0
4215.0,21,2,158,agent,0
1046.0,16,3,1341,particulier,0
1992.0,23,4,1193,particulier,0
2188.0,17,3,1888,agent,0
19702.0,13,5,1328,marchand,0
3617.0,21,6,1862,particulier,0
7326.0,14,9,585,marchand,0
8804.0,14,10,814,marchand,0
775.0,18,4,1265,particulier,0
2461.0,22,7,2089,agent,0
1224.0,11,3,225,particulier,0
4807.0,18,0,662,particulier,0
11288.0,19,4,1045,particulier,0
10026.0,12,10,2328,marchand,0
18872.0,12,4,2276,marchand,0
12662.0,7,9,2135,marchand,0
3699.0,9,3,118,particulier,0
1413.0,22,5,1659,agent,0
12640.0,11,6,1026,marchand,0
9932.0,21,4,309,particulier,0
6697.0,19,9,1488,marchand,0
23623.0,14,8,1034,marchand,0
4824.0,10,7,1788,marchand,0
1604.0,21,3,227,agent,0
38644.0,13,5,11,marchand,0
5415.0,5,5,454,particulier,0
5859.0,10,4,1546,marchand,0
3994.0,20,5,1813,particulier,0
13792.0,21,3,61,particulier,0
4232.0,23,4,413,particulier,0
4495.0,23,5,2211,particulier,0
12932.0,15,8,159,marchand,0
33587.0,12,9,2317,marchand,0
11179.0,11,9,291,marchand,0
52286.0,13,7,1268,marchand,0
746.0,20,8,2084,particulier,0
7670.0,9,10,2238,marchand,0
14244.0,20,4,717,particulier,0
4281.0,7,1,763,agent,0
3971.0,22,3,365,particulier,0
4997.0,9,3,263,marchand,0
2948.0,17,1,533,particulier,0
3453.0,19,3,856,particulier,0
14961.0,11,9,951,marchand,0
2668.0,20,6,1862,particulier,0
15948.0,15,9,766,marchand,0
3797.0,23,4,2391,agent,0
13205.0,12,8,587,marchand,0
25222.0,23,3,2226,particulier,0
15689.0,12,9,858,marchand,0
4701.0,17,2,993,particulier,0
10612.0,23,1,1504,particulier,0
29398.0,17,4,684,marchand,0
2871.0,21,0,1732,particulier,0
3861.0,19,1,1310,particulier,0
22660.0,11,2,1162,particulier,0
1093.0,16,2,1115,particulier,0
3009.0,21,3,1300,agent,0
1905.0,18,2,2201,particulier,0
27270.0,9,4,37,particulier,1
17338.0,15,7,2245,marchand,0
12739.0,14,10,1093,marchand,0
16732.0,11,8,1979,marchand,0
39100.0,15,11,294,marchand,0
13935.0,14,7,2245,marchand,0
10561.0,23,2,2198,particulier,0
4999.0,20,2,1481,particulier,0
7905.0,14,8,1470,marchand,0
8958.0,15,6,2001,marchand,0
3158.0,6,4,903,particulier,0
6698.0,14,9,160,marchand,0
5526.0,13,6,2261,facture,0
4112.0,20,5,901,facture,0
5571.0,17,4,302,marchand,0
55594.0,17,8,37,marchand,0
4965.0,21,1,320,particulier,0
2173.0,23,2,794,particulier,0
5143.0,10,3,229,facture,0
10420.0,16,8,1567,marchand,0
8869.0,12,7,852,marchand,0
4854.0,18,4,1478,particulier,0
11287.0,12,2,70,particulier,0
3223.0,21,2,556,particulier,0
22146.0,15,9,290,marchand,0
11733.0,15,9,204,marchand,0
23830.0,13,5,2002,marchand,0
15900.0,16,11,184,marchand,0
817.0,22,1,447,particulier,0
8180.0,10,7,1308,marchand,0
2726.0,20,1,1827,facture,0
1486.0,18,1,442,facture,0
16525.0,14,7,1565,marchand,0
10774.0,15,5,557,marchand,0
12141.0,20,4,1019,particulier,0
7355.0,6,3,483,particulier,0
3152.0,14,7,338,marchand,0
16311.0,11,8,1620,marchand,0
8302.0,23,6,599,particulier,0
3536.0,14,5,646,particulier,0
3289.0,19,2,918,particulier,0
3143.0,19,2,2274,particulier,0
6548.0,21,2,963,particulier,0
4374.0,11,3,820,agent,0
1546.0,10,4,700,agent,0
10950.0,21,0,381,particulier,0
9065.0,19,0,1597,facture,0
3432.0,21,2,2087,particulier,0
11678.0,11,7,1696,marchand,0
22647.0,14,7,161,marchand,0
32548.0,14,8,1063,marchand,0
24696.0,15,4,198,marchand,0
4069.0,8,4,1758,agent,0
49510.0,16,16,1581,marchand,0
3698.0,18,6,1605,particulier,0
7498.0,23,4,2048,particulier,0
13493.0,20,3,280,particulier,0
9255.0,13,8,2264,marchand,0
1854.0,22,5,858,particulier,0
6780.0,23,5,2071,agent,0
7541.0,12,2,1142,marchand,0
7267.0,15,7,576,marchand,0
10683.0,15,8,531,marchand,0
11112.0,8,11,279,marchand,0
12254.0,15,4,1290,marchand,0
1210.0,10,3,1669,particulier,0
28885.0,12,7,590,marchand,0
4558.0,12,5,664,marchand,0
22999.0,15,7,521,marchand,0
39871.0,22,2,1999,agent,1
12769.0,14,5,1521,marchand,0
8938.0,23,6,40,agent,1
8189.0,14,6,1825,marchand,0
2444.0,21,4,143,particulier,0
1136.0,8,1,1487,particulier,0
2679.0,10,2,1932,particulier,0
3921.0,18,2,1895,particulier,0
9374.0,14,7,1824,marchand,0
388.0,21,5,685,particulier,0
1842.0,23,0,1605,particulier,0
3007.0,19,3,1998,particulier,0
9382.0,13,4,980,marchand,0
15257.0,15,4,1298,marchand,0
16984.0,13,5,2192,marchand,0
3750.0,20,3,2086,agent,0
40332.0,16,9,2192,marchand,0
6226.0,16,5,818,marchand,0
5037.0,23,5,1815,particulier,0
7998.0,11,6,1747,marchand,0
19043.0,22,4,1155,particulier,0
8102.0,15,2,609,marchand,0
41616.0,10,2,1904,marchand,0
4746.0,18,5,537,particulier,0
659.0,23,8,2027,facture,0
19164.0,11,1,826,marchand,0
4519.0,10,1,2087,particulier,0
8651.0,18,5,2186,particulier,0
30065.0,13,7,142,marchand,0
12907.0,14,5,168,marchand,0
2787.0,19,3,685,particulier,0
14862.0,16,5,679,marchand,0
8841.0,15,6,702,marchand,0
5188.0,21,1,713,particulier,0
4640.0,10,4,962,agent,0
9076.0,11,2,632,particulier,0
6268.0,17,5,1438,particulier,0
1692.0,19,4,1531,agent,0
3536.0,20,2,2393,particulier,0
12599.0,21,5,2182,particulier,0
12109.0,11,8,535,marchand,0
9217.0,23,1,2167,particulier,0
10918.0,23,4,48,particulier,1
6273.0,14,6,70,marchand,0
38183.0,14,5,1041,marchand,0
5077.0,22,6,612,particulier,0
10181.0,13,4,1127,marchand,0
350.0,11,3,1588,particulier,0
14753.0,9,7,1936,marchand,0
5322.0,9,1,29,particulier,0
8566.0,22,5,1350,agent,0
2925.0,6,5,2312,particulier,0
2923.0,21,7,2227,particulier,0
96675.0,13,3,1176,marchand,0
8329.0,14,6,584,marchand,0
3371.0,10,4,1848,agent,0
1623.0,22,1,1746,particulier,0
729.0,22,2,2034,particulier,0
18811.0,15,10,857,marchand,0
1699.0,23,5,700,agent,0
13064.0,19,4,1861,marchand,0
2468.0,18,6,1614,particulier,0
8246.0,13,9,1214,marchand,0
6782.0,12,11,1145,marchand,0
14176.0,15,6,847,marchand,0
6836.0,13,5,821,marchand,0
2531.0,17,2,1337,particulier,0
15659.0,11,5,1052,marchand,0
12725.0,15,9,2051,marchand,0
15598.0,15,13,1843,marchand,0
3350.0,21,1,2077,particulier,0
4274.0,23,3,1576,particulier,0
4354.0,12,3,233,particulier,0
12565.0,12,10,72,marchand,0
4629.0,8,3,1891,particulier,0
13715.0,16,11,2264,marchand,0
5155.0,22,2,2251,particulier,0
1404.0,6,6,156,particulier,0
11603.0,20,5,494,particulier,0
3527.0,12,4,1925,particulier,0
2318.0,7,5,454,agent,0
18836.0,14,12,175,marchand,0
8364.0,12,4,2003,marchand,0
20905.0,13,9,1177,marchand,0
3592.0,18,3,346,agent,0
4703.0,17,7,1912,marchand,1
26064.0,14,7,662,marchand,0
5647.0,7,2,1969,marchand,0
15666.0,12,6,1276,marchand,0
22525.0,15,8,19,marchand,0
2964.0,17,7,1120,agent,0
2359.0,22,3,799,facture,0
1227.0,17,3,197,agent,0
815.0,9,1,2140,particulier,0
1672.0,22,6,652,particulier,0
11994.0,15,9,2132,marchand,0
15042.0,14,8,2185,marchand,0
10644.0,12,9,474,marchand,0
2669.0,11,6,504,particulier,0
1520.0,9,2,1208,facture,0
2934.0,20,5,1634,facture,0
12787.0,13,9,941,marchand,0
4378.0,23,5,1410,particulier,0
3358.0,8,3,1604,particulier,0
3151.0,16,2,596,particulier,0
13245.0,12,7,605,marchand,0
3815.0,9,1,298,marchand,0
11419.0,14,8,2088,marchand,0
229.0,8,5,1606,agent,0
21273.0,15,5,1414,marchand,0
3967.0,22,5,1852,particulier,0
12600.0,11,7,1702,marchand,0
11561.0,20,2,1242,agent,0
3559.0,6,1,514,particulier,0
1412.0,15,1,834,agent,0
11383.0,23,5,1252,particulier,0
2228.0,20,5,1906,agent,0
2823.0,22,2,1803,particulier,0
1969.0,12,6,1442,particulier,0
4617.0,6,2,541,agent,0
6222.0,21,1,490,agent,0
1198.0,7,2,76,particulier,0
9298.0,23,1,1866,particulier,0
3052.0,9,4,2374,particulier,0
6160.0,10,3,1952,particulier,0
4445.0,13,2,1046,particulier,0
12299.0,11,10,1537,marchand,0
7090.0,16,12,1498,marchand,0
8387.0,22,3,1093,particulier,0
2833.0,19,9,1416,particulier,0
13503.0,13,6,288,marchand,0
5084.0,19,1,1318,particulier,0
71297.0,12,7,817,marchand,0
16099.0,13,4,1179,marchand,0
3597.0,11,6,600,particulier,0
25051.0,19,1,281,marchand,0
3252.0,21,4,1262,particulier,0
27733.0,14,10,248,marchand,0
6440.0,8,3,1603,agent,0
2165.0,21,2,387,particulier,0
1281.0,19,3,270,particulier,0
14654.0,12,8,2196,marchand,0
14955.0,10,8,1562,marchand,0
8741.0,11,6,1610,marchand,0
12138.0,23,4,2262,particulier,0
1105.0,9,0,2319,particulier,0
5103.0,19,11,1129,facture,0
3316.0,23,6,1120,particulier,0
20697.0,10,8,301,marchand,0
4227.0,8,3,845,marchand,0
31448.0,16,9,1413,marchand,0
6003.0,8,8,1227,marchand,0
19592.0,19,1,2166,facture,0
36838.0,17,6,2167,marchand,0
1193.0,10,5,301,agent,0
14289.0,10,6,985,marchand,0
13758.0,11,8,924,marchand,0
4913.0,23,1,1524,particulier,0
9896.0,17,9,1281,marchand,0
2510.0,22,5,163,agent,0
854.0,20,2,1400,agent,0
12175.0,21,7,1978,particulier,0
17084.0,15,11,217,marchand,0
3114.0,23,2,27,agent,0
4430.0,21,2,761,facture,0
5976.0,11,8,667,marchand,0
15983.0,17,7,1681,marchand,0
19836.0,14,9,250,marchand,0
16810.0,13,7,1294,marchand,0
1610.0,22,7,2188,particulier,0
5918.0,18,3,1913,particulier,0
6489.0,15,4,2228,marchand,0
3150.0,8,2,1608,particulier,0
1747.0,21,4,889,particulier,0
41003.0,16,12,504,marchand,0
4928.0,20,6,1049,particulier,0
12171.0,6,2,914,agent,0
920.0,22,4,464,particulier,0
6236.0,8,8,1925,marchand,0
2302.0,9,2,2344,particulier,0
615.0,22,4,1856,particulier,0
4179.0,22,2,1584,particulier,0
974.0,22,2,1194,particulier,0
2424.0,21,5,1693,agent,0
35801.0,13,5,2150,marchand,0
17760.0,18,5,2351,marchand,0
7545.0,23,2,758,particulier,0
5935.0,11,1,1075,particulier,0
3160.0,8,4,561,particulier,0
4219.0,15,3,35,marchand,1
24430.0,13,4,1686,marchand,0
13119.0,12,8,1133,marchand,0
18559.0,16,8,1457,marchand,0
1342.0,20,2,1377,particulier,0
1243.0,23,7,1961,particulier,0
23155.0,17,8,660,marchand,0
3737.0,10,4,1968,particulier,0
2435.0,23,3,757,particulier,0
17861.0,23,2,1073,particulier,0
14196.0,21,3,692,agent,0
4613.0,13,7,1020,facture,0
1523.0,23,4,1368,agent,0
17912.0,12,9,2373,marchand,0
3176.0,18,2,2146,particulier,0
3231.0,20,3,2297,particulier,0
9629.0,10,3,509,facture,0
20295.0,12,6,628,marchand,0
11170.0,15,6,434,marchand,0
7805.0,13,4,1942,marchand,0
10564.0,8,2,909,marchand,0
5582.0,19,6,281,particulier,0
5776.0,15,7,721,marchand,0
11787.0,17,4,1830,agent,0
3556.0,7,4,2201,particulier,0
18343.0,9,11,2207,marchand,0
6046.0,20,5,1088,particulier,0
5755.0,9,6,255,agent,0
17860.0,14,14,175,marchand,0
1558.0,21,11,1624,particulier,0
18436.0,14,12,68,marchand,0
1579.0,22,2,669,particulier,0
14169.0,12,6,1734,marchand,0
2113.0,19,5,609,particulier,0
32200.0,16,7,1675,marchand,0
15130.0,11,6,1267,marchand,0
8090.0,10,2,1023,particulier,0
1753.0,10,2,1694,agent,0
11335.0,14,7,244,marchand,0
481.0,20,2,1114,particulier,0
5381.0,11,11,1154,marchand,0
3818.0,4,4,855,particulier,0
12075.0,15,10,1312,marchand,0
33423.0,12,8,10,marchand,0
7479.0,10,5,463,marchand,0
90121.0,15,7,1082,marchand,0
2579.0,9,6,1302,particulier,0
7826.0,13,3,1793,agent,0
17288.0,16,9,218,marchand,0
8819.0,19,2,1003,particulier,0
2234.0,3,9,504,particulier,0
5775.0,5,2,44,particulier,0
5820.0,23,5,1483,agent,0
7588.0,19,4,1213,particulier,0
10649.0,20,6,1737,marchand,0
11581.0,12,8,1529,marchand,0
18316.0,9,13,2211,marchand,0
1342.0,21,4,1747,particulier,0
19831.0,20,5,1973,particulier,0
6716.0,22,1,1381,agent,0
6691.0,13,6,563,marchand,0
15585.0,9,3,643,particulier,0
6769.0,13,4,1701,marchand,0
503.0,9,4,264,agent,0
14987.0,9,5,1199,agent,0
2592.0,17,0,1662,particulier,0
1658.0,23,1,1096,particulier,0
10999.0,17,8,1699,marchand,0
8977.0,16,10,2280,marchand,0
38557.0,15,11,1587,marchand,0
15361.0,15,1,2228,marchand,0
3943.0,21,3,1594,particulier,0
8690.0,13,4,1085,marchand,0
849.0,9,1,1430,agent,0
1480.0,23,6,1295,agent,0
5628.0,19,4,1886,particulier,0
9538.0,11,8,1146,marchand,0
18587.0,9,12,225,marchand,0
3860.0,23,3,2364,particulier,0
3539.0,17,2,615,agent,0
1262.0,15,4,1270,particulier,0
3103.0,22,1,701,particulier,0
3104.0,22,5,697,agent,0
1727.0,8,2,2371,particulier,0
21305.0,14,7,27,marchand,0
524.0,23,5,1573,particulier,0
12946.0,13,7,1155,marchand,0
8864.0,12,9,1303,marchand,0
15185.0,12,5,1101,marchand,0
10287.0,19,8,2248,marchand,0
2089.0,23,1,1542,particulier,0
5884.0,22,4,1392,facture,0
477.0,18,2,522,agent,0
14254.0,15,7,1202,marchand,0
2593.0,10,2,1241,particulier,0
32846.0,11,12,456,marchand,0
2605.0,5,4,1489,particulier,0
23306.0,18,9,46,marchand,0
15330.0,14,5,37,marchand,0
3460.0,6,2,2026,agent,0
4646.0,12,3,1891,particulier,0
2169.0,7,2,236,particulier,0
11305.0,21,9,89,facture,1
2268.0,8,4,1183,particulier,0
6913.0,15,7,397,marchand,0
40541.0,9,7,1077,marchand,0
3010.0,20,4,1741,particulier,0
41633.0,10,3,2300,marchand,0
9933.0,14,9,2384,marchand,0
12938.0,11,10,1839,marchand,0
12408.0,23,1,1198,particulier,0
7668.0,20,3,1689,particulier,0
5386.0,23,0,94,particulier,0
3447.0,22,5,256,particulier,0
1319.0,23,6,1156,particulier,0
1462.0,17,0,2013,agent,0
9399.0,11,8,1529,marchand,0
482.0,9,2,2333,agent,0
1026.0,10,4,1428,particulier,0
3767.0,23,2,2327,agent,0
14263.0,15,4,1384,marchand,0
6092.0,23,5,961,particulier,0
12157.0,10,5,1427,marchand,0
390.0,9,2,528,particulier,0
2381.0,7,3,1357,particulier,0
3269.0,9,2,1529,particulier,0
8201.0,8,8,866,particulier,0
5641.0,13,8,2278,marchand,0
3824.0,18,1,677,particulier,0
15673.0,18,7,715,marchand,0
23970.0,15,7,297,marchand,0
23567.0,20,5,1325,marchand,0
16765.0,15,12,2109,marchand,0
10471.0,10,11,524,marchand,0
12033.0,20,4,1984,particulier,0
1052.0,21,4,2129,particulier,0
3246.0,16,11,2253,marchand,1
7463.0,16,6,1411,marchand,0
1724.0,9,3,1429,particulier,0
15268.0,12,6,1761,marchand,0
5559.0,7,4,1659,particulier,0
13845.0,22,5,1678,particulier,0
21120.0,14,3,1035,marchand,0
16103.0,12,6,2127,marchand,0
5127.0,20,5,348,particulier,0
17097.0,15,12,385,marchand,0
11748.0,11,7,633,marchand,0
12693.0,21,2,1640,particulier,0
18390.0,11,12,1406,marchand,0
3831.0,17,4,83,agent,0
39153.0,14,6,838,marchand,0
6219.0,16,4,979,marchand,0
4190.0,23,3,2279,facture,0
1807.0,19,1,2103,particulier,0
3332.0,23,3,335,particulier,0
14731.0,17,4,1336,marchand,0
7692.0,12,10,419,marchand,0
4739.0,18,4,1690,facture,0
3717.0,12,5,671,particulier,0
11965.0,16,5,1040,marchand,0
11806.0,19,4,2175,marchand,0
869.0,22,3,2284,agent,0
3755.0,19,3,91,agent,0
4978.0,19,6,76,particulier,0
2171.0,18,1,2379,particulier,0
2472.0,23,4,1311,particulier,0
26194.0,8,2,382,marchand,0
1182.0,11,3,346,particulier,0
1568.0,9,5,456,particulier,0
23935.0,11,4,1429,marchand,0
1686.0,23,4,567,particulier,0
32487.0,8,8,1827,marchand,0
3299.0,23,4,353,particulier,0
6262.0,16,6,2119,marchand,0
10640.0,18,3,900,particulier,0
6919.0,7,5,237,particulier,0
438.0,6,1,1292,facture,0
3637.0,19,2,964,facture,0
1684.0,10,3,1857,particulier,0
4400.0,20,2,824,particulier,0
21222.0,12,4,959,marchand,0
14755.0,8,7,38,marchand,0
12961.0,16,10,1786,marchand,0
713.0,23,3,1088,facture,0
13198.0,6,5,61,particulier,0
6117.0,15,5,1200,marchand,0
794.0,7,2,952,agent,0
6057.0,14,8,2059,marchand,0
3230.0,13,10,353,marchand,0
12255.0,9,2,296,facture,0
18266.0,12,6,1217,marchand,0
16572.0,12,6,1463,marchand,0
847.0,19,1,732,facture,0
14953.0,17,3,2207,marchand,0
1802.0,7,5,1281,particulier,0
1792.0,18,2,950,facture,0
19360.0,13,7,160,marchand,0
54942.0,11,3,563,marchand,0
21822.0,14,6,2052,marchand,0
2593.0,21,1,1622,agent,0
831.0,22,4,350,agent,0
1433.0,11,1,85,particulier,0
2621.0,11,1,641,agent,0
52679.0,11,9,262,marchand,0
6516.0,20,6,1372,particulier,0
2546.0,23,5,1283,facture,0
12261.0,12,5,772,marchand,0
1310.0,20,1,830,particulier,0
2620.0,11,6,2332,particulier,0
26878.0,14,8,606,marchand,0
15386.0,15,6,369,marchand,0
27168.0,21,8,1762,marchand,0
4629.0,23,1,218,particulier,0
1074.0,22,2,2113,particulier,0
2953.0,19,7,2079,agent,0
2342.0,19,6,1813,agent,0
46039.0,12,6,2188,marchand,0
13566.0,15,4,1905,marchand,0
3507.0,16,5,41,marchand,1
6295.0,9,2,1257,particulier,0
29439.0,14,3,360,marchand,0
4306.0,18,4,7,agent,0
7794.0,17,4,93,particulier,0
920.0,21,3,478,particulier,0
6203.0,22,2,1570,facture,0
11377.0,12,11,2247,marchand,0
42385.0,11,5,277,marchand,0
1471.0,23,2,1137,agent,0
1344.0,6,1,1588,facture,0
4037.0,19,0,1914,agent,0
10855.0,7,2,1115,particulier,0
17201.0,14,3,1891,marchand,0
4818.0,10,7,1315,particulier,0
2162.0,9,3,2118,facture,0
52701.0,13,7,891,marchand,0
7389.0,8,4,495,particulier,0
7107.0,15,5,2171,marchand,0
6853.0,10,6,1458,marchand,0
1710.0,20,1,513,particulier,0
30623.0,15,7,1751,marchand,0
6418.0,13,5,2166,marchand,0
7625.0,12,9,1145,marchand,0
10938.0,16,4,1959,marchand,0
4156.0,17,4,1191,particulier,0
29365.0,19,9,2112,marchand,0
1822.0,8,4,105,agent,0
9665.0,13,14,2067,marchand,0
8745.0,18,5,2005,marchand,0
1303.0,6,4,1186,particulier,0
849.0,6,5,908,particulier,0
2264.0,6,1,2023,particulier,0
2160.0,22,4,965,particulier,0
6463.0,21,2,804,particulier,0
2804.0,19,5,216,particulier,0
8791.0,12,2,1623,agent,0
1731.0,8,3,730,agent,0
8847.0,18,5,209,particulier,0
10620.0,14,9,2382,marchand,0
11835.0,16,7,2393,marchand,0
26292.0,14,10,1784,marchand,0
11694.0,12,2,2308,facture,0
1645.0,7,3,399,particulier,0
7393.0,10,10,2327,marchand,0
1359.0,20,5,943,particulier,0
3598.0,14,5,1984,marchand,0
2858.0,8,1,1396,particulier,0
33025.0,16,7,269,marchand,0
9669.0,14,6,2164,marchand,0
22152.0,10,5,773,marchand,0
7669.0,11,8,455,marchand,0
4697.0,7,3,263,agent,0
30957.0,15,7,1765,marchand,0
32994.0,12,4,1305,marchand,0
15575.0,20,5,1762,particulier,0
4423.0,10,6,203,marchand,0
15268.0,15,6,2046,marchand,0
19834.0,17,5,713,marchand,0
12130.0,19,5,2323,particulier,0
2510.0,12,2,1861,particulier,0
1571.0,18,3,1957,particulier,0
1566.0,21,3,876,particulier,0
3293.0,20,2,1117,particulier,0
19007.0,13,10,2339,marchand,0
5053.0,13,11,1570,marchand,0
1147.0,20,7,633,agent,0
1981.0,23,1,870,particulier,0
6289.0,20,3,22,particulier,0
4861.0,10,13,1540,marchand,1
628.0,18,4,1230,agent,0
14870.0,10,12,267,marchand,0
7202.0,23,2,2142,particulier,0
8092.0,13,3,1638,marchand,0
3523.0,12,8,2167,agent,0
12662.0,15,6,82,marchand,0
6038.0,8,1,656,particulier,0
21510.0,11,5,1497,marchand,0
4957.0,4,4,927,particulier,0
14764.0,8,3,2140,agent,0
14419.0,16,4,48,marchand,0
7066.0,22,5,1015,particulier,0
9015.0,21,6,485,agent,0
22483.0,17,8,1491,marchand,0
5900.0,15,6,712,marchand,0
11127.0,10,5,1616,marchand,0
2998.0,7,2,1342,particulier,0
18651.0,13,2,316,marchand,0
11123.0,21,3,1372,agent,0
13748.0,16,7,720,marchand,0
1093.0,12,3,1653,agent,0
12171.0,12,6,63,marchand,0
10190.0,18,2,1313,particulier,0
3641.0,22,1,946,agent,0
4787.0,16,12,331,marchand,1
1399.0,22,4,1899,particulier,0
4499.0,8,4,534,facture,0
3891.0,19,3,637,agent,0
38778.0,9,5,1084,marchand,0
7538.0,22,5,691,particulier,0
13090.0,11,5,1179,marchand,0
21569.0,12,11,379,marchand,0
12147.0,8,1,981,agent,0
19452.0,22,3,2362,particulier,0
9567.0,13,3,2250,marchand,0
11275.0,13,3,601,marchand,0
5505.0,23,3,832,particulier,0
6417.0,19,3,1402,particulier,0
13665.0,23,4,1244,particulier,0
12454.0,15,6,2130,marchand,0
6306.0,9,6,901,marchand,0
2460.0,20,2,724,particulier,0
2000.0,6,0,1169,particulier,0
18649.0,16,5,1344,marchand,0
7942.0,17,5,714,marchand,0
19665.0,15,6,1930,marchand,0
6938.0,8,7,2166,particulier,0
10504.0,18,2,1417,particulier,0
3327.0,10,4,1793,particulier,0
10799.0,19,5,880,facture,0
2347.0,8,5,2222,particulier,0
11642.0,10,8,682,marchand,0
1398.0,19,1,293,particulier,0
7220.0,9,3,462,particulier,0
10776.0,12,3,690,marchand,0
3463.0,16,5,1929,marchand,1
20042.0,16,8,1368,marchand,0
2148.0,19,3,129,particulier,0
11486.0,23,4,1414,particulier,0
12596.0,7,7,5,particulier,1
14464.0,13,9,1299,marchand,0
3107.0,15,5,1180,particulier,0
9138.0,13,7,2122,marchand,0
8162.0,13,9,437,marchand,0
19708.0,12,3,1758,marchand,0
7677.0,9,11,843,marchand,0
18780.0,18,2,1262,marchand,0
15692.0,16,6,1205,marchand,0
2365.0,23,2,1988,agent,0
48328.0,18,9,1446,marchand,0
7975.0,11,1,1713,particulier,0
8166.0,23,11,1656,marchand,0
1045.0,23,4,1204,particulier,0
12116.0,12,5,945,marchand,0
367.0,20,4,2270,particulier,0
17851.0,22,4,349,agent,0
16681.0,10,4,528,marchand,0
6844.0,18,7,127,marchand,0
2641.0,19,4,814,particulier,0
2088.0,23,2,1552,particulier,0
1565.0,9,1,194,agent,0
22356.0,15,2,2204,marchand,0
47310.0,12,4,1522,marchand,0
6253.0,22,1,783,particulier,0
6441.0,12,3,455,particulier,0
12468.0,17,4,147,marchand,0
2254.0,21,7,2378,agent,0
62143.0,14,4,976,marchand,0
2696.0,6,3,646,particulier,0
1544.0,20,4,1470,facture,0
2301.0,9,3,746,agent,0
4613.0,20,0,106,particulier,0
8606.0,15,3,538,marchand,0
19322.0,14,8,275,marchand,0
3491.0,4,4,1066,particulier,0
16300.0,10,4,133,particulier,0
7054.0,13,7,644,marchand,0
27041.0,15,3,951,marchand,0
5881.0,18,4,2092,agent,0
5082.0,8,1,1265,agent,0
3246.0,20,5,176,particulier,0
4099.0,20,2,724,particulier,0
1348.0,4,3,2276,particulier,0
3435.0,11,9,1813,marchand,0
7050.0,9,4,2295,agent,0
9548.0,21,4,1336,particulier,0
29990.0,13,9,359,marchand,0
1253.0,20,6,936,agent,0
10698.0,19,4,1015,particulier,0
5490.0,22,4,1583,agent,0
8533.0,12,7,1994,marchand,0
876.0,9,3,24,particulier,0
6676.0,22,0,2040,particulier,0
8864.0,9,7,2278,marchand,0
3720.0,23,5,1745,particulier,0
17060.0,17,5,534,marchand,0
10259.0,11,5,2077,marchand,0
8058.0,10,7,227,marchand,0
6092.0,21,4,2233,particulier,0
21302.0,12,5,557,marchand,0
2400.0,18,6,481,facture,0
4575.0,8,5,290,particulier,0
1780.0,11,4,2202,particulier,0
2279.0,9,7,2032,particulier,0
9165.0,21,2,495,particulier,0
11969.0,19,6,1669,marchand,0
15714.0,12,8,520,marchand,0
29765.0,15,5,1996,marchand,0
12662.0,6,6,2133,marchand,0
1083.0,11,5,2030,particulier,0
18450.0,10,5,937,particulier,0
6147.0,12,7,1772,marchand,0
5190.0,21,8,1360,facture,0
2953.0,9,5,1084,particulier,0
18909.0,15,4,1813,marchand,0
3242.0,9,3,1111,particulier,0
10439.0,12,6,1827,marchand,0
2780.0,17,6,1980,particulier,0
22772.0,20,1,966,particulier,0
7875.0,13,8,1913,marchand,0
19778.0,16,8,1025,marchand,0
42938.0,15,7,588,marchand,0
8424.0,14,5,2282,marchand,0
7250.0,11,1,1305,particulier,0
3345.0,8,5,2083,particulier,0
8934.0,7,1,1808,particulier,0
15983.0,14,4,729,marchand,0
1262.0,17,2,623,particulier,0
23147.0,12,6,1072,marchand,0
4300.0,19,7,996,agent,0
853.0,20,1,1819,facture,0
4543.0,11,10,773,marchand,0
4092.0,12,1,951,particulier,0
2360.0,8,3,1838,particulier,0
5328.0,14,11,332,marchand,0
10847.0,13,10,1477,marchand,0
6370.0,19,6,860,particulier,0
18303.0,16,6,1995,marchand,0
17673.0,13,7,1800,marchand,0
15002.0,14,10,1405,marchand,0
2244.0,21,6,758,particulier,0
15378.0,16,9,430,marchand,0
1185.0,21,3,628,particulier,0
23343.0,11,5,1021,marchand,0
12228.0,9,5,2190,marchand,0
11119.0,17,4,2384,marchand,0
4095.0,23,0,2076,particulier,0
23624.0,16,6,1280,marchand,0
3127.0,8,3,879,particulier,0
2126.0,20,6,1442,particulier,0
1791.0,20,6,1906,particulier,0
6163.0,8,7,22,marchand,0
2386.0,19,3,559,particulier,0
10770.0,22,5,728,particulier,0
6965.0,23,4,1239,agent,0
27315.0,12,5,1204,marchand,0
27176.0,13,6,1836,marchand,0
7601.0,13,7,552,marchand,0
5100.0,22,2,2291,particulier,0
5017.0,9,3,2053,particulier,0
36969.0,10,10,1626,marchand,0
1663.0,20,2,396,particulier,0
12126.0,14,8,70,marchand,0
7570.0,20,3,2374,particulier,0
9779.0,22,4,1699,particulier,0
10460.0,15,6,1901,marchand,0
2713.0,18,2,2095,agent,0
8400.0,14,8,2218,marchand,0
5108.0,19,1,366,particulier,0
934.0,12,2,2381,particulier,0
21985.0,8,8,773,marchand,0
4386.0,8,4,48,facture,0
1730.0,11,3,2111,agent,0
16757.0,9,5,147,marchand,0
13337.0,14,7,1499,marchand,0
1106.0,16,3,774,agent,0
2581.0,12,4,2312,agent,0
13526.0,18,5,1690,marchand,0
5651.0,13,8,1131,marchand,0
5145.0,11,10,1213,marchand,0
3933.0,20,4,2005,agent,0
2260.0,22,4,538,particulier,0
1720.0,23,3,2220,particulier,0
33781.0,13,13,1628,marchand,0
14216.0,8,4,940,particulier,0
8802.0,17,8,387,marchand,0
2246.0,23,2,2265,particulier,0
2371.0,21,2,2208,particulier,0
5933.0,18,7,696,marchand,0
21427.0,19,5,16,marchand,0
3180.0,21,4,1034,particulier,0
6074.0,11,9,1354,particulier,0
14716.0,14,9,1817,marchand,0
2525.0,23,4,1584,agent,0
3175.0,20,4,700,agent,0
20279.0,18,2,82,particulier,1
2043.0,18,5,1182,particulier,0
3773.0,18,1,2126,particulier,0
4473.0,23,4,1812,particulier,0
542.0,21,4,492,particulier,0
9791.0,12,6,913,marchand,0
9701.0,11,2,1686,particulier,0
3188.0,23,6,1540,particulier,0
7238.0,23,3,769,particulier,0
8672.0,14,7,2144,marchand,0
2243.0,21,2,2268,agent,0
9645.0,12,6,135,marchand,0
5510.0,19,1,852,facture,0
11409.0,14,7,1863,marchand,0
2049.0,23,0,1723,particulier,0
12357.0,23,4,702,particulier,0
20729.0,10,9,1937,marchand,0
660.0,23,1,148,agent,0
11308.0,19,4,813,agent,0
1371.0,19,4,491,particulier,0
17542.0,17,6,724,marchand,0
5424.0,21,0,238,agent,0
7379.0,12,1,1904,particulier,0
54431.0,10,10,2331,marchand,0
1074.0,9,2,50,facture,0
13519.0,16,6,2006,marchand,0
7645.0,17,6,2313,marchand,0
4434.0,15,4,2339,marchand,0
39456.0,14,5,319,marchand,0
8455.0,20,2,199,particulier,0
3796.0,20,2,739,particulier,0
6664.0,13,6,2015,marchand,0
2405.0,19,2,2018,particulier,0
21013.0,12,7,1469,marchand,0
1263.0,15,5,305,agent,0
26469.0,12,8,118,marchand,0
14922.0,18,12,1480,marchand,0
1104.0,20,1,910,particulier,0
15784.0,16,3,2037,marchand,0
3820.0,10,11,376,marchand,0
26025.0,15,7,1148,marchand,0
1086.0,18,2,1608,particulier,0
22151.0,7,3,507,marchand,0
2109.0,23,1,1683,particulier,0
9550.0,13,8,1022,marchand,0
3256.0,10,2,1864,particulier,0
13353.0,20,10,1852,marchand,0
8306.0,13,10,994,marchand,0
12139.0,13,3,1040,marchand,0
3869.0,22,6,1855,agent,0
2340.0,23,2,1780,particulier,0
1441.0,18,5,662,agent,0
3332.0,21,2,715,particulier,0
25183.0,11,7,715,agent,1
5354.0,23,3,796,particulier,0
7380.0,17,8,119,marchand,0
635.0,10,1,990,particulier,0
7249.0,12,7,2089,marchand,0
14270.0,16,6,202,marchand,0
2938.0,8,3,1282,agent,0
3473.0,23,4,1251,agent,0
27954.0,19,6,1556,marchand,0
1529.0,8,1,1999,particulier,0
3803.0,8,2,482,particulier,0
5594.0,20,3,1304,particulier,0
7403.0,10,2,1578,particulier,0
3457.0,9,3,1528,particulier,0
10918.0,14,11,1871,marchand,0
992.0,22,3,142,agent,0
3937.0,22,3,2095,particulier,0
1014.0,20,5,1330,particulier,0
43856.0,16,6,198,marchand,0
538.0,9,4,19,particulier,0
9069.0,10,6,1878,marchand,0
20498.0,17,2,763,marchand,0
12612.0,12,8,637,marchand,0
1363.0,22,1,1887,facture,0
7896.0,11,4,158,agent,0
14712.0,12,7,1653,marchand,0
11524.0,13,7,1594,marchand,0
6822.0,10,9,305,marchand,0
31857.0,10,9,459,marchand,0
24367.0,13,3,1921,marchand,0
25255.0,14,6,2053,marchand,0
1260.0,23,3,2391,particulier,0
25408.0,12,13,588,marchand,0
703.0,21,2,1387,particulier,0
2860.0,22,2,2193,particulier,0
20741.0,11,10,821,marchand,0
3072.0,9,3,151,agent,0
20732.0,17,5,1290,marchand,0
1588.0,22,5,97,particulier,0
3673.0,16,6,1097,marchand,0
5464.0,23,1,2068,particulier,0
16259.0,15,5,6,marchand,0
8363.0,12,11,2294,marchand,0
25496.0,10,7,252,marchand,0
6008.0,6,2,1942,agent,0
1268.0,8,4,1963,particulier,0
20386.0,15,3,779,marchand,0
17642.0,16,8,1616,marchand,0
3976.0,22,5,930,particulier,0
4630.0,7,5,106,marchand,0
4080.0,22,4,902,particulier,0
9677.0,14,5,1696,marchand,0
10319.0,22,3,528,agent,0
13771.0,14,6,42,marchand,0
18533.0,16,6,1048,marchand,0
15203.0,10,14,1875,marchand,0
14546.0,16,9,1449,marchand,0
692.0,22,3,2051,particulier,0
16820.0,14,9,911,marchand,0
10556.0,15,5,1050,marchand,0
5861.0,18,4,1712,particulier,0
4361.0,12,2,1867,particulier,0
10881.0,16,11,1714,marchand,0
17496.0,11,7,2267,marchand,0
1370.0,19,6,1028,particulier,0
22915.0,11,4,2106,marchand,0
3795.0,18,3,1097,agent,0
3215.0,22,4,1297,agent,0
5449.0,15,7,1844,marchand,0
34481.0,8,10,348,marchand,0
9293.0,21,2,2040,particulier,0
1033.0,23,1,648,particulier,0
478.0,23,0,1596,facture,0
4055.0,9,4,1624,particulier,0
2404.0,20,1,274,particulier,0
7937.0,16,3,167,marchand,0
18818.0,16,8,761,marchand,0
10192.0,15,6,1600,marchand,0
12206.0,17,6,533,marchand,0
13756.0,10,7,433,marchand,0
9080.0,13,9,1142,marchand,0
5471.0,22,4,623,particulier,0
22289.0,12,8,733,marchand,0
2771.0,21,1,1053,agent,0
542.0,18,4,2174,agent,0
7799.0,16,1,532,particulier,0
8523.0,9,5,697,marchand,0
6842.0,15,12,1704,marchand,0
2799.0,21,3,690,particulier,0
538.0,9,0,1311,particulier,0
12743.0,12,8,421,marchand,0
3246.0,13,1,714,agent,0
28046.0,9,8,1988,marchand,0
4599.0,17,3,775,agent,0
10455.0,22,3,218,particulier,0
3242.0,19,5,1970,particulier,0
15299.0,17,8,1319,marchand,0
2735.0,10,4,1685,agent,0
1116.0,20,4,636,particulier,0
2253.0,7,0,210,agent,0
18914.0,14,7,447,marchand,0
22376.0,14,7,25,marchand,0
2555.0,23,4,1909,particulier,0
3437.0,9,1,511,particulier,0
4333.0,22,1,1880,particulier,0
4056.0,4,0,1247,particulier,0
2749.0,12,2,42,agent,0
3415.0,7,5,2298,particulier,0
1460.0,22,3,364,agent,0
21335.0,12,6,1892,marchand,0
5088.0,22,1,2135,particulier,0
2452.0,12,6,546,particulier,0
1810.0,22,4,1270,agent,0
3359.0,10,0,1543,particulier,0
1976.0,9,2,530,agent,0
3464.0,11,1,19,agent,0
18575.0,8,0,331,particulier,0
6504.0,20,3,2288,particulier,0
2023.0,12,2,1552,particulier,0
4372.0,23,4,1348,particulier,0
69918.0,14,8,1808,marchand,0
5898.0,22,2,1700,particulier,0
19844.0,12,4,574,marchand,0
5686.0,19,2,292,facture,0
8833.0,14,7,661,marchand,0
13847.0,11,4,1155,marchand,0
27958.0,15,3,1723,marchand,0
2184.0,21,5,1491,agent,0
6408.0,12,3,173,marchand,0
32246.0,7,4,2332,marchand,0
862.0,16,6,104,particulier,0
7881.0,12,7,1780,marchand,0
4206.0,20,7,178,particulier,0
5660.0,21,2,221,particulier,0
29576.0,10,4,736,marchand,0
1351.0,18,10,80,facture,0
2925.0,8,4,456,particulier,0
4567.0,23,4,935,particulier,0
19764.0,12,5,1698,marchand,0
7652.0,19,3,1068,agent,0
12312.0,15,7,1277,marchand,0
10593.0,10,3,5,marchand,0
8592.0,10,2,1962,particulier,0
805.0,17,5,1366,particulier,0
3040.0,21,4,32,particulier,0
13630.0,11,7,2091,marchand,0
11365.0,18,7,2281,marchand,0
915.0,23,2,1872,particulier,0
4763.0,13,4,834,particulier,0
2066.0,19,3,1566,facture,0
2067.0,22,2,776,particulier,0
14164.0,15,6,1742,marchand,0
7044.0,19,9,2075,marchand,0
9699.0,7,3,781,marchand,0
39254.0,13,7,2173,marchand,0
3861.0,18,3,738,marchand,1
11869.0,14,7,667,marchand,0
29817.0,13,13,212,marchand,0
718.0,23,0,1761,particulier,0
4983.0,16,2,628,particulier,0
8081.0,11,9,317,marchand,0
10696.0,22,1,1107,particulier,0
864.0,23,6,1923,particulier,0
6054.0,23,3,456,agent,0
4521.0,8,1,2310,particulier,0
24400.0,16,4,1254,marchand,0
1315.0,23,3,943,particulier,0
25016.0,15,10,1570,marchand,0
11508.0,15,8,1138,marchand,0
1568.0,21,1,1948,particulier,0
16406.0,13,9,2257,marchand,0
3602.0,21,7,1787,particulier,0
34353.0,16,6,2037,marchand,0
2574.0,7,3,2196,agent,0
6691.0,10,3,825,marchand,0
555.0,10,5,1902,particulier,0
27575.0,12,14,546,marchand,0
4445.0,10,2,1106,particulier,0
4710.0,11,5,2005,marchand,0
2103.0,8,10,505,particulier,0
25689.0,11,8,2098,marchand,0
5287.0,19,3,1836,agent,0
5927.0,10,4,915,particulier,0
2996.0,20,5,753,particulier,0
1488.0,18,4,1991,agent,0
18198.0,12,9,1903,marchand,0
4203.0,19,3,911,particulier,0
349.0,21,5,1738,particulier,0
3605.0,11,4,1369,particulier,0
19587.0,16,2,1562,marchand,0
1115.0,7,5,404,particulier,0
2085.0,22,3,1360,particulier,0
3527.0,18,5,1808,particulier,0
5059.0,19,2,1852,particulier,0
2429.0,20,3,1433,particulier,0
4764.0,20,1,819,particulier,0
63599.0,12,5,2326,marchand,0
2276.0,18,1,1263,facture,0
13983.0,16,10,1016,marchand,0
9542.0,12,9,1492,marchand,0
29467.0,14,9,1643,marchand,0
26921.0,13,7,774,marchand,0
1426.0,20,4,1692,particulier,0
5774.0,17,2,44,particulier,0
10461.0,12,9,2289,marchand,0
6287.0,23,4,29,agent,0
10753.0,15,10,245,marchand,0
13043.0,18,6,593,marchand,0
3152.0,9,4,943,agent,0
2552.0,9,1,373,particulier,0
32142.0,11,8,2195,marchand,0
3243.0,19,3,1590,particulier,0
1513.0,23,0,2025,particulier,0
7142.0,6,5,1695,agent,0
4089.0,20,3,1337,particulier,0
1965.0,20,3,59,particulier,0
1486.0,22,1,1184,particulier,0
14762.0,11,3,541,agent,0
13492.0,20,3,1292,agent,0
21189.0,13,5,1213,marchand,0
24613.0,14,9,2044,marchand,0
11701.0,13,9,1680,marchand,0
11082.0,15,9,1164,marchand,0
15814.0,11,11,1684,marchand,0
1686.0,10,3,481,particulier,0
14907.0,14,10,993,marchand,0
5217.0,12,4,701,marchand,0
18391.0,18,8,2163,marchand,0
7512.0,17,4,1576,marchand,0
12483.0,15,4,974,marchand,0
1825.0,19,3,162,particulier,0
12945.0,6,2,909,particulier,0
8321.0,16,3,836,particulier,0
31667.0,4,2,39,particulier,1
8272.0,20,0,2028,agent,0
20332.0,6,4,1691,particulier,0
17995.0,12,6,2010,marchand,0
15533.0,15,12,1541,marchand,0
12533.0,12,10,723,marchand,0
13994.0,17,0,110,particulier,0
2831.0,15,7,515,marchand,1
25913.0,16,5,353,marchand,0
5805.0,18,2,1274,particulier,0
11442.0,8,4,2019,agent,0
1577.0,23,1,1736,particulier,0
25884.0,13,11,434,marchand,0
1349.0,6,3,2133,particulier,0
14140.0,13,5,1096,marchand,0
12412.0,15,6,2165,marchand,0
5669.0,20,4,1256,particulier,0
3287.0,7,1,886,particulier,0
25632.0,16,6,1905,marchand,0
14383.0,11,9,800,marchand,0
2517.0,18,4,1436,particulier,0
6702.0,14,7,1184,marchand,0
12355.0,12,6,225,marchand,0
5599.0,8,3,1404,particulier,0
10294.0,16,6,658,marchand,0
6200.0,21,8,442,particulier,0
5781.0,19,4,754,particulier,0
31084.0,13,8,2196,marchand,0
3945.0,11,2,775,particulier,0
9035.0,9,2,1909,agent,0
18849.0,13,5,1562,marchand,0
6326.0,12,7,920,marchand,0
1688.0,20,3,956,agent,0
11897.0,10,4,573,marchand,0
8275.0,16,4,1707,marchand,0
15283.0,13,6,267,marchand,0
2292.0,20,4,1872,particulier,0
1255.0,23,4,724,particulier,0
6413.0,11,8,426,marchand,0
6920.0,9,3,2211,particulier,0
10817.0,15,11,960,marchand,0
669.0,11,5,886,agent,0
3782.0,19,2,1148,particulier,0
6959.0,9,4,393,agent,0
1755.0,7,1,1924,agent,0
1355.0,21,4,143,particulier,0
30959.0,18,6,190,marchand,0
21458.0,15,6,1422,marchand,0
15715.0,14,9,1382,marchand,0
9152.0,12,3,2230,particulier,0
3470.0,19,3,580,particulier,0
29278.0,11,10,1077,marchand,0
2124.0,19,4,283,particulier,0
10853.0,10,9,325,particulier,0
9759.0,16,4,1595,marchand,0
4885.0,14,7,1734,marchand,0
9380.0,13,3,950,particulier,0
17925.0,16,7,1706,marchand,0
571.0,10,1,1203,agent,0
3946.0,23,4,2180,particulier,0
2534.0,7,2,2299,agent,0
1328.0,5,1,1324,agent,0
19532.0,12,9,2307,marchand,0
9375.0,18,5,2020,particulier,0
25670.0,13,4,2062,marchand,0
1871.0,20,9,607,particulier,0
12749.0,15,4,2017,marchand,0
2989.0,8,1,1590,particulier,0
1250.0,16,4,1904,particulier,0
14583.0,16,7,1743,marchand,0
18616.0,16,6,1244,marchand,0
1076.0,23,5,419,particulier,0
4679.0,23,3,420,particulier,0
12582.0,9,1,229,particulier,0
6167.0,9,1,1982,agent,0
14261.0,16,11,119,marchand,0
12067.0,13,11,2011,marchand,0
2169.0,21,1,756,particulier,0
3506.0,5,6,1395,facture,0
17580.0,14,6,1200,marchand,0
3174.0,6,3,175,particulier,0
14600.0,12,6,1324,marchand,0
8872.0,15,12,285,marchand,0
1078.0,11,2,976,agent,0
28381.0,12,4,1494,marchand,0
1722.0,20,3,1002,particulier,0
2118.0,23,1,529,agent,0
9161.0,15,6,1025,marchand,0
6764.0,13,10,2094,marchand,0
30392.0,12,5,1364,marchand,0
6554.0,20,1,1903,particulier,0
20627.0,15,6,1271,marchand,0
5384.0,20,5,2266,particulier,0
4380.0,17,5,665,marchand,0
5266.0,21,6,1521,particulier,0
3896.0,20,3,1911,particulier,0
26174.0,9,3,569,marchand,0
8339.0,17,5,900,marchand,0
5849.0,19,3,690,particulier,0
31867.0,14,11,2210,marchand,0
1217.0,21,4,1246,particulier,0
30785.0,12,8,1508,marchand,0
9492.0,15,6,1237,marchand,0
1338.0,18,2,2295,particulier,0
1857.0,21,6,36,particulier,0
15764.0,12,11,1754,marchand,0
13478.0,15,5,1823,marchand,0
4354.0,23,2,255,agent,0
2715.0,22,3,1101,particulier,0
1997.0,18,4,395,agent,0
25634.0,21,4,929,agent,1
21527.0,11,8,152,marchand,0
8765.0,18,3,399,particulier,0
2088.0,11,7,1558,marchand,1
3316.0,14,7,2322,marchand,0
18511.0,12,13,400,marchand,0
18727.0,10,3,518,marchand,0
11610.0,18,8,370,marchand,0
12473.0,9,4,1363,marchand,0
3439.0,14,0,1472,particulier,0
3800.0,9,0,937,particulier,0
2200.0,23,1,2119,agent,0
14499.0,15,8,1646,marchand,0
7993.0,21,2,1421,particulier,0
10634.0,21,4,786,facture,0
3427.0,20,2,577,particulier,0
11699.0,10,10,54,marchand,0
30190.0,15,7,536,marchand,0
28326.0,21,5,1363,marchand,0
4073.0,22,4,1333,particulier,0
5361.0,17,5,1752,agent,0
9059.0,23,2,88,agent,1
26121.0,13,14,2138,marchand,0
5158.0,18,1,234,particulier,0
2057.0,9,2,926,particulier,0
7857.0,20,1,2008,particulier,0
8050.0,20,5,181,agent,0
9762.0,16,9,2180,marchand,0
46497.0,16,4,2329,marchand,0
15508.0,14,4,2061,marchand,0
15142.0,13,10,1260,marchand,0
11811.0,7,6,2059,marchand,0
3409.0,13,6,2198,marchand,0
11462.0,12,7,247,marchand,0
11584.0,8,3,1110,particulier,0
6459.0,19,7,2135,marchand,0
28589.0,15,8,813,marchand,0
16867.0,15,8,2246,marchand,0
10532.0,18,15,1671,marchand,0
1342.0,21,1,1689,agent,0
10300.0,14,4,1915,marchand,0
1884.0,23,2,1048,facture,0
424.0,20,2,1612,agent,0
11448.0,14,8,1036,marchand,0
3870.0,7,6,2379,agent,0
2394.0,14,4,2010,particulier,0
7218.0,20,6,50,agent,0
5962.0,18,4,1949,particulier,0
918.0,21,6,1482,particulier,0
4464.0,22,1,2281,particulier,0
2605.0,20,2,683,facture,0
3701.0,20,1,153,particulier,0
19035.0,15,6,2105,marchand,0
2918.0,9,4,307,agent,0
5789.0,17,14,1904,marchand,1
33730.0,17,8,1418,marchand,0
11526.0,15,6,1158,marchand,0
26046.0,9,7,577,marchand,0
28936.0,11,9,1662,marchand,0
16732.0,17,7,723,marchand,0
1871.0,6,3,155,particulier,0
1731.0,10,6,1419,particulier,0
7623.0,21,6,43,marchand,0
27407.0,12,10,93,marchand,0
1781.0,18,3,1217,particulier,0
534.0,9,0,845,particulier,0
3517.0,6,0,152,particulier,0
29270.0,13,8,893,marchand,0
5155.0,21,2,1522,facture,0
1747.0,11,7,793,facture,0
18664.0,14,14,325,marchand,0
3397.0,13,0,594,particulier,0
2444.0,23,5,468,particulier,0
1609.0,20,2,1518,particulier,0
43812.0,14,4,857,marchand,0
3920.0,8,1,2330,particulier,0
6375.0,19,2,50,particulier,0
7279.0,21,4,1042,agent,0
3021.0,13,4,1143,marchand,0
2062.0,19,3,1983,particulier,0
2264.0,19,4,737,particulier,0
499.0,18,3,2262,particulier,0
17290.0,10,8,1205,marchand,0
3544.0,11,3,1206,marchand,0
2870.0,16,3,2036,facture,0
6175.0,11,4,1161,marchand,0
56849.0,16,6,667,marchand,0
18200.0,17,9,167,marchand,0
27957.0,11,8,980,marchand,0
8151.0,14,8,2004,marchand,0
9700.0,11,5,597,marchand,0
2493.0,20,1,208,particulier,0
6835.0,22,4,1400,particulier,0
19633.0,14,9,1864,marchand,0
993.0,23,4,1102,particulier,0
10106.0,20,3,1964,particulier,0
36602.0,11,5,1074,marchand,0
15012.0,10,11,1242,marchand,0
1755.0,10,8,417,facture,0
4183.0,19,2,268,particulier,0
2679.0,21,5,1527,particulier,0
5546.0,23,7,589,agent,0
1697.0,11,6,1772,particulier,0
12979.0,16,6,762,marchand,0
9994.0,13,3,2101,marchand,0
939.0,11,3,2205,facture,0
20542.0,10,7,432,marchand,0
18014.0,14,4,295,marchand,0
57510.0,13,8,773,marchand,0
10154.0,19,1,407,facture,0
1505.0,21,1,61,particulier,0
18490.0,12,6,2300,marchand,0
1200.0,23,1,2302,particulier,0
5661.0,17,5,2090,marchand,0
7512.0,10,7,890,marchand,0
6489.0,14,5,146,marchand,0
31831.0,15,8,447,marchand,0
6632.0,23,5,1000,particulier,0
2200.0,22,3,820,particulier,0
2145.0,18,2,1820,agent,0
6165.0,17,3,2396,particulier,0
29926.0,15,12,1319,marchand,0
12752.0,19,3,1027,particulier,0
1428.0,9,2,843,particulier,0
10625.0,21,2,858,particulier,0
2505.0,11,1,1403,particulier,0
3060.0,18,3,1416,particulier,0
823.0,5,2,2203,agent,0
12601.0,12,8,2017,marchand,0
30160.0,16,7,1295,marchand,0
4690.0,10,3,134,particulier,0
618.0,9,4,1274,particulier,0
7623.0,11,3,1655,particulier,0
1744.0,18,2,2342,particulier,0
32063.0,14,10,822,marchand,0
19837.0,14,6,30,marchand,0
750.0,17,1,1334,particulier,0
549.0,10,2,680,particulier,0
24561.0,7,12,299,marchand,0
12670.0,21,2,789,particulier,0
7281.0,10,5,17,agent,0
26773.0,12,9,540,marchand,0
19739.0,17,7,352,marchand,0
1432.0,21,4,1256,particulier,0
9282.0,9,7,30,agent,1
4298.0,7,2,42,agent,0
32173.0,14,4,1591,marchand,0
8397.0,15,5,126,marchand,0
10311.0,10,7,124,agent,1
12139.0,19,3,1491,particulier,0
4783.0,23,1,2060,particulier,0
8312.0,18,1,684,particulier,0
3136.0,9,8,1539,facture,0
28182.0,9,7,623,marchand,0
3091.0,22,4,1262,agent,0
12502.0,13,9,142,marchand,0
19044.0,14,7,2080,marchand,0
3093.0,23,5,2259,particulier,0
11651.0,15,6,1305,marchand,0
19649.0,15,7,1961,marchand,0
11260.0,21,6,1428,agent,0
4517.0,14,3,508,marchand,0
4434.0,20,3,1602,particulier,0
14311.0,17,3,688,particulier,0
40144.0,16,2,355,marchand,0
9231.0,11,4,1031,marchand,0
6708.0,9,3,106,particulier,0
11692.0,14,10,844,marchand,0
9966.0,6,3,47,agent,1
13647.0,12,12,1835,marchand,0
5439.0,18,5,988,particulier,0
4369.0,23,3,1764,particulier,0
4580.0,19,6,2275,agent,0
5606.0,11,6,933,marchand,0
18504.0,16,5,817,marchand,0
42095.0,15,9,1539,marchand,0
36819.0,12,4,2235,marchand,0
4199.0,5,0,241,particulier,0
2928.0,7,2,1075,particulier,0
5295.0,5,4,724,particulier,0
4757.0,10,2,1855,particulier,0
6558.0,23,7,1725,particulier,0
26833.0,13,4,1872,marchand,0
15274.0,14,9,1801,marchand,0
2684.0,10,3,1921,agent,0
12667.0,10,3,599,agent,0
15411.0,18,6,1341,marchand,0
3881.0,11,9,594,marchand,0
14013.0,14,9,937,marchand,0
4595.0,19,3,1414,particulier,0
13943.0,12,6,750,marchand,0
9006.0,13,14,822,marchand,0
9775.0,16,6,386,marchand,0
13581.0,9,6,1796,marchand,0
889.0,19,4,934,particulier,0
33476.0,17,9,2045,marchand,0
36347.0,12,6,39,marchand,0
7664.0,15,10,430,marchand,0
3118.0,21,3,1487,facture,0
5578.0,23,5,641,particulier,0
6521.0,20,2,2262,facture,0
45249.0,10,8,565,marchand,0
19735.0,16,6,2165,marchand,0
1952.0,21,1,2095,particulier,0
2604.0,23,3,1428,particulier,0
9317.0,23,4,699,facture,0
6717.0,13,4,313,marchand,0
8487.0,9,4,1165,particulier,0
1534.0,19,5,732,particulier,0
1950.0,10,3,2182,particulier,0
20142.0,12,6,1691,marchand,0
6809.0,6,2,1180,agent,0
1738.0,12,2,2291,particulier,0
5209.0,22,3,2092,particulier,0
14554.0,11,10,2293,marchand,0
1635.0,22,3,2302,particulier,0
9219.0,12,1,78,marchand,0
8945.0,9,2,643,particulier,0
14625.0,13,12,2139,marchand,0
9127.0,17,5,2057,particulier,0
1272.0,18,1,1954,particulier,0
1161.0,22,3,1888,agent,0
2124.0,6,2,1986,agent,0
3406.0,11,1,750,particulier,0
2894.0,20,2,2106,particulier,0
1413.0,17,2,1584,particulier,0
10687.0,13,4,1122,marchand,0
5793.0,12,6,173,particulier,0
16196.0,14,10,446,marchand,0
1645.0,18,2,1998,particulier,0
1240.0,19,3,2305,particulier,0
4513.0,22,9,893,particulier,0
15076.0,11,6,496,marchand,0
18256.0,8,6,713,marchand,0
4910.0,8,1,573,particulier,0
2526.0,20,2,1355,agent,0
2539.0,21,4,1374,agent,0
943.0,20,2,1461,particulier,0
543.0,9,2,220,agent,0
1004.0,20,5,1747,particulier,0
6909.0,7,2,1512,particulier,0
35502.0,17,7,818,marchand,0
1085.0,23,2,1742,particulier,0
18965.0,15,9,1440,marchand,0
11546.0,15,5,526,marchand,0
20390.0,16,7,993,marchand,0
6575.0,11,10,1898,marchand,0
1801.0,7,3,629,particulier,0
5632.0,14,6,1873,marchand,0
652.0,8,6,1323,particulier,0
925.0,9,3,812,agent,0
5718.0,16,1,1419,facture,0
2190.0,20,2,75,agent,0
1663.0,8,5,975,particulier,0
1536.0,21,0,464,particulier,0
15795.0,22,4,1007,particulier,0
3834.0,21,2,1709,particulier,0
1643.0,6,4,1136,facture,0
3167.0,11,1,1570,agent,0
1075.0,7,3,2154,particulier,0
11706.0,16,6,2237,marchand,0
2891.0,22,3,646,particulier,0
2516.0,22,5,1214,particulier,0
26406.0,15,3,1721,marchand,0
4809.0,23,9,548,particulier,0
28266.0,14,12,480,marchand,0
5153.0,19,2,2125,particulier,0
5508.0,23,3,2114,particulier,0
7504.0,21,2,694,particulier,0
3358.0,18,5,616,particulier,0
13145.0,15,8,955,marchand,0
3181.0,8,3,1949,particulier,0
7235.0,12,10,1370,marchand,0
22783.0,12,11,974,marchand,0
2997.0,19,0,1510,particulier,0
4474.0,20,5,2130,particulier,0
19755.0,15,5,2106,marchand,0
6512.0,13,11,2085,marchand,0
14103.0,14,15,25,marchand,0
17155.0,9,6,536,marchand,0
60612.0,17,6,754,marchand,0
887.0,8,4,2356,facture,0
1811.0,23,2,560,particulier,0
21636.0,11,2,1624,marchand,0
8763.0,19,2,583,particulier,0
7667.0,14,11,190,marchand,0
22485.0,20,8,743,marchand,0
13449.0,8,3,292,particulier,0
6108.0,16,2,1284,marchand,0
22711.0,8,5,1799,marchand,0
9472.0,23,6,837,agent,0
6540.0,17,3,494,particulier,0
3164.0,9,3,364,particulier,0
23633.0,12,8,131,marchand,0
29757.0,11,4,306,marchand,0
4436.0,10,4,602,agent,0
19727.0,17,8,2305,marchand,0
5474.0,20,2,1838,agent,0
10475.0,18,9,1623,marchand,0
2629.0,20,1,554,agent,0
14108.0,13,4,1667,marchand,0
28588.0,15,11,1724,marchand,0
13477.0,22,3,2077,agent,0
6110.0,8,3,1139,particulier,0
2342.0,20,3,1850,particulier,0
2271.0,17,9,963,particulier,0
920.0,22,4,1607,particulier,0
2582.0,8,9,324,particulier,0
8801.0,20,7,2120,facture,0
21609.0,13,7,2034,marchand,0
10860.0,11,8,1459,particulier,0
3881.0,20,7,835,particulier,0
15247.0,16,7,1404,marchand,0
7453.0,21,2,1713,particulier,0
4807.0,18,5,20,marchand,1
8279.0,16,5,2281,marchand,0
13075.0,13,9,1950,marchand,0
3649.0,19,6,153,particulier,0
11413.0,10,12,1096,marchand,0
4326.0,20,5,1582,particulier,0
1140.0,18,5,238,particulier,0
12725.0,10,11,1984,marchand,0
984.0,20,4,2230,particulier,0
10167.0,11,6,1541,marchand,0
19760.0,13,7,1319,marchand,0
2429.0,9,3,242,particulier,0
31112.0,11,5,1071,marchand,0
23740.0,14,8,1025,marchand,0
6674.0,10,4,1186,particulier,0
3973.0,21,2,2263,particulier,0
10539.0,16,13,1280,marchand,0
2060.0,18,7,1210,particulier,0
12708.0,14,7,466,marchand,0
4490.0,17,8,1507,marchand,0
5743.0,23,3,1724,particulier,0
27161.0,15,6,1234,marchand,0
8624.0,12,2,799,particulier,0
3611.0,11,1,490,particulier,0
9304.0,6,5,2398,particulier,0
8341.0,19,4,1291,particulier,0
5868.0,23,2,344,agent,0
2289.0,19,4,755,particulier,0
2486.0,22,2,1891,particulier,0
2197.0,10,4,183,facture,0
10291.0,11,6,2107,particulier,0
507.0,19,5,1367,agent,0
19902.0,9,3,328,facture,0
15299.0,13,7,1595,marchand,0
9505.0,20,7,741,agent,0
22003.0,15,7,269,marchand,0
6651.0,13,5,183,agent,0
8068.0,16,9,490,marchand,0
2415.0,10,0,1371,agent,0
19407.0,16,8,671,marchand,0
7310.0,21,0,1816,particulier,0
1884.0,21,2,1781,particulier,0
688.0,21,2,29,particulier,0
19244.0,14,2,2038,marchand,0
4141.0,19,6,1313,marchand,1
5856.0,21,6,834,particulier,0
9887.0,6,6,2261,marchand,0
17904.0,11,3,1469,particulier,0
18398.0,17,5,610,marchand,0
9910.0,21,3,1797,particulier,0
842.0,23,4,704,particulier,0
10523.0,20,0,802,particulier,0
20531.0,12,13,1454,marchand,0
3495.0,23,2,660,particulier,0
5591.0,23,4,638,particulier,0
1292.0,20,3,247,particulier,0
1570.0,23,3,1125,particulier,0
1662.0,7,1,1287,agent,0
1240.0,8,5,164,particulier,0
18038.0,11,4,562,marchand,0
6029.0,16,8,1903,marchand,0
905.0,13,3,1057,particulier,0
26473.0,16,5,167,marchand,0
2622.0,10,2,2287,particulier,0
6539.0,12,8,644,marchand,0
2403.0,17,6,1629,particulier,0
4773.0,19,1,1982,facture,0
11533.0,13,10,1106,marchand,0
11197.0,12,9,143,marchand,0
3878.0,12,6,148,marchand,0
3700.0,23,1,1447,particulier,0
10922.0,11,7,2119,marchand,0
18153.0,13,8,1510,marchand,0
3090.0,9,7,459,particulier,0
26528.0,19,6,696,marchand,0
2101.0,22,4,1567,particulier,0
9484.0,23,5,213,particulier,0
4571.0,12,6,2185,marchand,0
13893.0,12,7,1873,marchand,0
4409.0,22,1,1206,particulier,0
5549.0,20,3,7,agent,0
2233.0,20,3,78,particulier,0
30950.0,10,14,2037,marchand,0
21831.0,8,6,1061,marchand,0
2195.0,18,4,767,agent,0
1163.0,21,4,1957,particulier,0
14065.0,10,12,868,marchand,0
8649.0,23,3,784,particulier,0
1800.0,19,5,747,particulier,0
7098.0,21,6,2013,particulier,0
5367.0,20,2,1462,particulier,0
11279.0,13,9,2380,marchand,0
23032.0,12,7,113,marchand,0
2305.0,20,5,97,agent,0
12608.0,11,4,1954,marchand,0
7536.0,12,10,1290,marchand,0
9881.0,13,4,288,marchand,0
17233.0,15,9,412,marchand,0
7626.0,16,9,857,marchand,0
9510.0,16,6,1304,marchand,0
66553.0,14,12,1963,marchand,0
713.0,7,6,1170,agent,0
8066.0,17,4,917,particulier,0
13565.0,17,10,445,marchand,0
16132.0,12,1,1031,marchand,0
19342.0,15,10,1182,marchand,0
10677.0,7,3,2021,particulier,0
3268.0,20,5,1146,particulier,0
11410.0,10,6,506,marchand,0
2749.0,23,6,536,agent,0
15260.0,7,6,1993,marchand,0
8050.0,14,9,1541,marchand,0
20580.0,15,8,1865,marchand,0
10882.0,9,6,2151,marchand,0
9736.0,11,7,420,marchand,0
3942.0,21,5,435,particulier,0
4067.0,15,5,1048,marchand,0
2484.0,19,5,524,marchand,1
4729.0,13,4,1231,marchand,0
17160.0,18,3,31,marchand,0
16612.0,16,7,2224,marchand,0
22518.0,13,4,832,marchand,0
5541.0,12,4,975,marchand,0
16672.0,15,9,111,marchand,0
7861.0,18,5,2363,agent,0
5947.0,10,6,1684,marchand,0
6618.0,20,5,1108,particulier,0
1101.0,19,3,234,particulier,0
2640.0,21,1,67,particulier,0
10746.0,16,8,1464,marchand,0
6031.0,14,8,2279,marchand,0
1104.0,23,0,445,particulier,0
3308.0,11,3,1189,particulier,0
2983.0,8,7,151,particulier,0
8271.0,14,3,1690,marchand,0
820.0,10,5,650,particulier,0
3888.0,20,5,1227,particulier,0
9165.0,21,3,1888,particulier,0
5076.0,5,4,1294,agent,0
21048.0,14,7,1239,marchand,0
24193.0,11,10,1684,marchand,0
8054.0,8,4,1599,particulier,0
4219.0,23,3,1184,particulier,0
5856.0,7,3,1448,particulier,0
10944.0,20,3,1831,particulier,0
17292.0,13,7,255,marchand,0
12859.0,17,10,2078,marchand,0
4477.0,23,5,443,particulier,0
6462.0,21,7,408,marchand,0
7585.0,12,4,1974,marchand,0
927.0,23,6,2360,agent,0
7806.0,11,4,1499,particulier,0
1314.0,21,4,2118,particulier,0
18246.0,15,5,868,marchand,0
3727.0,21,3,1981,particulier,0
3565.0,6,4,342,agent,0
2042.0,22,7,1431,facture,0
16538.0,11,6,417,marchand,0
11819.0,14,8,1010,marchand,0
1170.0,6,1,904,particulier,0
28538.0,13,5,1208,marchand,0
6510.0,15,5,869,marchand,0
2985.0,21,5,532,agent,0
6482.0,11,2,93,particulier,0
8964.0,19,6,2252,marchand,0
18640.0,13,7,459,marchand,0
8147.0,13,10,2109,marchand,0
1920.0,7,3,13,particulier,0
1821.0,7,3,1410,particulier,0
57578.0,10,8,230,marchand,0
5088.0,9,5,1483,agent,0
4461.0,14,8,1538,marchand,0
4935.0,21,4,1707,particulier,0
28152.0,13,6,817,marchand,0
12833.0,23,6,1839,particulier,0
11505.0,14,14,1446,marchand,0
1154.0,9,4,92,particulier,0
3273.0,17,5,434,agent,0
2031.0,9,6,794,particulier,0
10191.0,21,4,532,particulier,0
16221.0,14,5,202,marchand,0
6471.0,22,3,1184,particulier,0
22754.0,14,6,507,marchand,0
19010.0,12,4,1146,marchand,0
6742.0,17,6,1221,facture,0
17488.0,13,5,40,marchand,0
43991.0,13,10,1413,marchand,0
7600.0,13,10,2230,marchand,0
12749.0,15,9,1149,marchand,0
18954.0,14,7,1104,marchand,0
5554.0,23,6,1980,particulier,0
2148.0,20,4,660,particulier,0
9309.0,18,1,413,agent,0
2950.0,23,2,1737,particulier,0
6595.0,9,8,2372,marchand,0
20208.0,13,9,2059,marchand,0
27616.0,14,7,250,marchand,0
1788.0,21,1,218,particulier,0
2219.0,20,2,1256,particulier,0
2392.0,7,2,1713,particulier,0
4968.0,18,5,85,particulier,0
18097.0,16,10,959,marchand,0
25890.0,10,9,690,marchand,0
1607.0,23,3,92,agent,0
2290.0,23,2,1235,particulier,0
632.0,19,2,1047,agent,0
31565.0,13,4,2176,marchand,0
1629.0,21,4,918,agent,0
15471.0,22,1,1569,agent,0
18218.0,11,7,1857,marchand,0
10069.0,20,3,2036,marchand,0
8184.0,12,3,1095,marchand,0
4310.0,18,2,1978,particulier,0
56638.0,18,8,1202,marchand,0
1771.0,21,4,718,particulier,0
716.0,18,1,717,particulier,0
8897.0,13,10,1880,marchand,0
3056.0,21,2,1416,particulier,0
4167.0,10,4,372,particulier,0
2094.0,7,2,12,particulier,0
15003.0,13,8,327,marchand,0
5906.0,7,2,2381,particulier,0
5951.0,22,0,2225,particulier,0
10177.0,10,1,527,particulier,0
9052.0,17,3,1024,particulier,0
25722.0,7,7,1027,marchand,0
10445.0,15,7,1890,marchand,0
9298.0,16,8,867,marchand,0
5021.0,12,2,933,particulier,0
11565.0,11,6,391,marchand,0
35761.0,14,5,1327,marchand,0
27048.0,15,4,557,marchand,0
43497.0,14,4,1586,marchand,0
19154.0,12,6,1817,marchand,0
3279.0,22,4,2010,particulier,0
6853.0,9,3,136,particulier,0
2115.0,23,0,567,agent,0
1158.0,23,3,1743,facture,0
10004.0,15,2,1734,marchand,0
1342.0,22,6,2314,particulier,0
5470.0,21,4,2181,particulier,0
16629.0,18,2,871,particulier,0
22041.0,16,13,1591,marchand,0
13528.0,14,9,821,marchand,0
15962.0,14,4,561,marchand,0
7482.0,17,9,2356,marchand,0
6316.0,8,6,2000,marchand,0
6514.0,12,5,98,marchand,0
3605.0,9,2,1556,particulier,0
7797.0,13,4,1310,marchand,0
783.0,23,5,296,particulier,0
1893.0,10,3,1002,particulier,0
24759.0,8,5,1848,marchand,0
1398.0,10,3,629,particulier,0
7622.0,17,8,161,marchand,0
9121.0,13,13,1874,marchand,0
7778.0,15,5,2016,facture,0
5898.0,20,5,85,particulier,0
2101.0,11,2,1500,particulier,0
1308.0,19,4,1191,particulier,0
2262.0,16,3,2207,particulier,0
3938.0,13,8,1927,marchand,0
28565.0,22,3,2087,particulier,0
6217.0,11,7,1627,marchand,0
1647.0,21,5,1072,particulier,0
4372.0,20,1,240,particulier,0
8325.0,17,1,345,particulier,0
849.0,21,6,897,particulier,0
1853.0,8,3,1942,particulier,0
18702.0,11,12,958,marchand,0
13240.0,17,7,1517,marchand,0
3533.0,22,3,1672,particulier,0
13920.0,9,7,1903,marchand,0
655.0,21,2,904,particulier,0
8533.0,18,5,231,particulier,0
1237.0,22,1,1926,particulier,0
4628.0,18,2,985,particulier,0
24704.0,12,9,1907,marchand,0
1869.0,9,6,1404,particulier,0
5400.0,21,4,1270,particulier,0
7024.0,23,5,634,agent,0
7323.0,7,2,1146,particulier,0
7039.0,13,5,546,particulier,0
6961.0,21,8,251,particulier,0
1912.0,12,3,2362,particulier,0
8896.0,11,1,891,particulier,0
5006.0,11,9,403,marchand,0
10851.0,12,3,693,marchand,0
4296.0,12,3,955,particulier,0
8598.0,12,6,1775,marchand,0
5057.0,18,5,1089,particulier,0
18572.0,10,4,1220,marchand,0
3221.0,14,10,578,marchand,0
691.0,19,6,2201,particulier,0
11682.0,7,3,1481,marchand,0
3624.0,20,1,1600,particulier,0
9965.0,14,5,356,marchand,0
7351.0,9,6,264,marchand,0
1041.0,9,0,555,particulier,0
3058.0,9,2,9,particulier,0
5437.0,16,8,2182,marchand,0
14470.0,11,10,2252,marchand,0
3230.0,19,1,1691,particulier,0
796.0,22,5,1028,particulier,0
2244.0,21,3,331,particulier,0
2226.0,17,2,2064,particulier,0
684.0,19,2,1302,particulier,0
1631.0,22,5,1187,particulier,0
4162.0,22,3,94,particulier,0
39022.0,16,6,1817,marchand,0
6658.0,22,5,1920,agent,0
6752.0,23,9,1621,agent,0
11245.0,13,5,1585,marchand,0
25313.0,13,5,756,marchand,0
2306.0,18,6,1919,agent,0
2618.0,9,2,910,particulier,0
14636.0,15,6,1797,marchand,0
8356.0,7,4,1790,marchand,0
1769.0,21,4,1473,particulier,0
3801.0,11,8,2082,particulier,0
9760.0,13,4,316,marchand,0
39494.0,12,13,1950,marchand,0
2666.0,20,3,304,agent,0
4352.0,19,4,2355,particulier,0
11442.0,14,7,883,marchand,0
13990.0,15,3,1949,marchand,0
7165.0,13,7,1944,marchand,0
4169.0,12,3,2186,particulier,0
15411.0,15,5,1426,marchand,0
1405.0,23,2,1452,particulier,0
33774.0,18,4,1878,marchand,0
1297.0,9,5,908,particulier,0
12307.0,12,6,149,marchand,0
14614.0,5,3,955,agent,0
753.0,21,7,1771,agent,0
1904.0,11,4,991,particulier,0
3983.0,23,5,510,particulier,0
8626.0,12,4,1182,marchand,0
1167.0,23,4,142,facture,0
9360.0,17,8,229,marchand,0
14033.0,11,7,995,marchand,0
1450.0,23,4,168,particulier,0
29352.0,16,5,1175,marchand,0
3113.0,23,6,2008,agent,0
2380.0,19,4,460,particulier,0
2178.0,17,4,686,agent,0
2677.0,5,2,890,agent,0
9650.0,16,5,1861,marchand,0
17942.0,11,5,1409,marchand,0
7164.0,11,5,1245,marchand,0
10864.0,18,12,1664,marchand,0
12899.0,21,5,1456,particulier,0
9261.0,12,9,725,marchand,0
4313.0,21,5,2142,agent,0
13311.0,15,6,1791,marchand,0
4636.0,18,3,1210,particulier,0
6269.0,13,6,102,particulier,0
3038.0,21,6,1860,particulier,0
2970.0,18,1,563,particulier,0
994.0,20,3,1619,facture,0
3976.0,23,10,1347,agent,0
7664.0,11,5,1646,facture,0
9669.0,6,4,55,particulier,0
22341.0,18,13,167,marchand,0
11511.0,23,11,1947,marchand,0
13814.0,11,7,1682,marchand,0
9344.0,17,4,1562,marchand,0
1168.0,21,5,2104,particulier,0
15539.0,11,8,1327,marchand,0
28821.0,11,9,225,marchand,0
21467.0,12,3,2360,marchand,0
10470.0,16,10,431,marchand,0
2965.0,8,4,811,particulier,0
2272.0,10,7,875,particulier,0
9714.0,14,9,1630,marchand,0
4082.0,17,1,1419,facture,0
3502.0,10,0,617,particulier,0
2910.0,19,5,823,particulier,0
8681.0,17,9,2228,marchand,0
260.0,20,3,1789,particulier,0
18282.0,15,9,514,marchand,0
8065.0,18,4,358,particulier,0
8478.0,15,5,505,marchand,0
12241.0,19,2,1404,particulier,0
3434.0,17,2,628,particulier,0
5086.0,11,5,1153,particulier,0
11347.0,7,5,2377,marchand,0
3226.0,19,5,1284,facture,0
1986.0,20,5,2396,particulier,0
2957.0,17,4,101,particulier,0
8515.0,20,6,1557,particulier,0
6343.0,15,8,2156,marchand,0
1634.0,18,3,1671,particulier,0
13025.0,17,10,1657,marchand,0
29575.0,14,4,623,marchand,0
12820.0,18,11,344,marchand,0
4840.0,23,4,87,particulier,0
6322.0,23,2,1035,particulier,0
4192.0,19,5,2374,particulier,0
11132.0,20,5,2086,particulier,0
2491.0,23,4,2371,particulier,0
18619.0,15,13,577,marchand,0
2645.0,11,3,2079,particulier,0
7292.0,22,3,1277,particulier,0
670.0,3,1,1919,particulier,0
10210.0,14,9,105,marchand,0
14017.0,13,7,1293,marchand,0
9744.0,16,5,1736,marchand,0
3207.0,22,4,186,particulier,0
4996.0,20,3,89,agent,0
526.0,22,0,1297,particulier,0
8529.0,14,10,2020,marchand,0
8141.0,15,8,479,marchand,0
1824.0,20,1,399,facture,0
10088.0,13,6,1431,marchand,0
5600.0,8,2,652,particulier,0
8553.0,20,4,1370,agent,0
2630.0,15,2,561,particulier,0
12625.0,11,6,517,marchand,0
14462.0,13,5,2343,marchand,0
2048.0,13,3,243,particulier,0
4104.0,19,2,205,particulier,0
695.0,19,2,1066,particulier,0
1428.0,20,4,2297,particulier,0
8425.0,19,2,422,particulier,0
8334.0,10,5,947,agent,0
10262.0,8,3,690,facture,0
1849.0,8,1,2121,particulier,0
6345.0,9,5,421,particulier,0
6415.0,23,4,319,particulier,0
3799.0,18,2,1421,particulier,0
5401.0,14,10,1168,marchand,0
4033.0,19,2,1642,agent,0
14893.0,15,5,835,marchand,0
1093.0,17,5,659,particulier,0
17676.0,13,7,52,marchand,0
1476.0,4,4,191,particulier,0
5006.0,15,5,1007,agent,0
13892.0,10,2,1855,particulier,0
5824.0,8,8,879,marchand,0
12554.0,9,5,1400,marchand,0
2688.0,18,7,1086,particulier,0
1021.0,20,2,280,particulier,0
5162.0,10,2,925,agent,0
5626.0,15,9,1879,marchand,0
2090.0,10,5,328,agent,0
16380.0,19,8,1626,marchand,0
2496.0,19,2,744,particulier,0
355.0,11,3,1295,particulier,0
2869.0,17,6,864,particulier,0
1498.0,11,3,2378,particulier,0
8131.0,13,7,569,marchand,0
8872.0,13,6,962,marchand,0
5347.0,13,6,1250,marchand,0
40515.0,9,5,2345,marchand,0
42705.0,10,5,1109,marchand,0
8202.0,16,6,688,marchand,0
2423.0,21,1,1340,particulier,0
6255.0,22,2,2320,particulier,0
8635.0,20,2,79,particulier,0
6526.0,11,9,579,marchand,0
3521.0,13,1,523,particulier,0
2242.0,19,4,1018,particulier,0
4174.0,22,4,1541,particulier,0
5136.0,10,3,1718,particulier,0
746.0,23,2,984,particulier,0
4414.0,11,2,1508,agent,0
8550.0,12,9,492,marchand,0
5565.0,18,5,2218,facture,0
6736.0,7,3,750,facture,0
22050.0,13,8,2163,marchand,0
38456.0,15,7,1499,marchand,0
1357.0,8,5,556,particulier,0
3999.0,19,4,216,particulier,0
24427.0,13,6,1798,marchand,0
35012.0,17,2,1258,marchand,0
1334.0,21,2,1548,particulier,0
4743.0,23,0,918,particulier,0
9066.0,19,5,1447,particulier,0
2913.0,20,3,373,particulier,0
3607.0,21,0,331,agent,0
13708.0,12,1,841,particulier,0
12329.0,18,3,2030,agent,0
17213.0,19,4,1673,particulier,0
704.0,23,8,1198,particulier,0
9666.0,17,7,943,marchand,0
11092.0,11,7,2080,marchand,0
9267.0,16,4,2203,facture,0
3541.0,21,2,1988,particulier,0
1699.0,23,5,1445,particulier,0
5462.0,12,8,149,particulier,0
6446.0,19,4,2058,particulier,0
6808.0,15,7,1006,marchand,0
7224.0,12,7,1617,marchand,0
10583.0,18,10,2115,marchand,0
2017.0,11,3,1902,particulier,0
25125.0,15,5,564,marchand,0
22266.0,11,7,111,marchand,0
909.0,21,3,250,agent,0
1087.0,20,2,1495,particulier,0
9071.0,21,4,1790,particulier,0
8045.0,13,5,2032,marchand,0
2466.0,22,3,1002,agent,0
3623.0,18,5,54,particulier,0
4420.0,8,1,1671,particulier,0
2152.0,19,3,2064,agent,0
1754.0,23,6,1668,particulier,0
1110.0,19,6,649,particulier,0
3140.0,22,2,1643,particulier,0
3171.0,8,4,1276,agent,0
5302.0,9,5,1909,particulier,0
19011.0,11,4,500,marchand,0
3633.0,20,6,1788,agent,0
25060.0,16,7,2304,marchand,0
1306.0,18,2,60,agent,0
15097.0,13,3,831,marchand,0
1026.0,19,5,624,particulier,0
8945.0,20,5,1532,particulier,0
5280.0,16,3,686,particulier,0
11070.0,16,6,1564,marchand,0
1211.0,14,1,2118,particulier,0
7134.0,21,2,757,agent,0
12373.0,18,10,2230,marchand,0
12091.0,13,2,2196,marchand,0
718.0,9,3,2180,agent,0
14827.0,15,1,1663,facture,0
21122.0,20,0,527,facture,0
13814.0,21,4,1619,agent,0
2141.0,18,2,257,particulier,0
3565.0,13,4,2229,particulier,0
9913.0,15,5,1996,marchand,0
13519.0,11,9,2256,marchand,0
2585.0,21,1,80,particulier,0
62087.0,12,5,2039,marchand,0
16099.0,13,6,1267,marchand,0
839.0,23,6,274,particulier,0
2868.0,19,1,1179,particulier,0
3584.0,21,3,1739,particulier,0
2663.0,22,4,1378,agent,0
8265.0,13,7,1779,marchand,0
2255.0,9,2,588,agent,0
4727.0,17,4,772,particulier,0
17149.0,20,0,292,agent,0
4867.0,19,2,2325,particulier,0
5881.0,7,5,1383,agent,0
366.0,23,1,709,particulier,0
6676.0,5,2,367,facture,0
16224.0,14,7,1035,marchand,0
15390.0,12,10,1992,marchand,0
4782.0,10,4,352,particulier,0
1160.0,23,3,892,particulier,0
21970.0,10,5,124,marchand,0
5825.0,22,1,1844,particulier,0
31771.0,15,5,610,marchand,0
19466.0,17,3,129,agent,0
5600.0,18,6,27,agent,0
22022.0,17,4,1302,marchand,0
12566.0,10,3,1765,particulier,0
540.0,19,2,1540,particulier,0
6845.0,16,9,1142,marchand,0
23086.0,17,6,1869,marchand,0
2231.0,18,4,89,particulier,0
2689.0,5,2,421,particulier,0
7835.0,7,2,2246,particulier,0
10133.0,15,5,1503,marchand,0
9296.0,14,9,1234,marchand,0
26310.0,14,11,434,marchand,0
3509.0,16,1,2039,particulier,0
1609.0,12,3,185,particulier,0
60699.0,14,7,1813,marchand,0
10153.0,13,4,1598,marchand,0
3129.0,8,1,2019,agent,0
33839.0,15,18,1585,marchand,0
6436.0,23,3,774,particulier,0
10782.0,13,9,1973,marchand,0
2531.0,11,2,1653,particulier,0
14014.0,10,2,1116,particulier,0
2179.0,19,3,360,particulier,0
30709.0,13,9,32,marchand,0
3905.0,11,4,268,particulier,0
17676.0,11,8,439,marchand,0
5935.0,8,1,262,particulier,0
4834.0,12,4,1106,particulier,0
1503.0,22,1,1017,facture,0
2495.0,8,6,1755,agent,0
6545.0,19,1,2337,particulier,0
8385.0,23,2,2214,particulier,0
3861.0,20,1,2152,particulier,0
7929.0,11,11,1010,marchand,0
1025.0,19,5,1304,particulier,0
12327.0,17,8,1608,marchand,0
5760.0,15,8,1617,marchand,0
14149.0,22,7,1060,particulier,0
3980.0,23,5,268,particulier,0
3800.0,19,1,1671,particulier,0
5848.0,18,5,924,particulier,0
4623.0,11,7,1441,agent,0
40516.0,13,13,185,marchand,0
8684.0,17,7,1247,marchand,0
3339.0,6,2,2156,particulier,0
3642.0,21,1,1294,agent,0
2856.0,8,4,467,particulier,0
10829.0,16,7,168,marchand,0
13639.0,15,9,826,marchand,0
25570.0,15,7,2126,marchand,0
28015.0,20,6,1220,particulier,0
1795.0,23,0,1071,facture,0
2104.0,23,3,970,particulier,0
8814.0,11,7,2277,particulier,0
1307.0,11,2,1590,particulier,0
12137.0,16,8,41,marchand,0
7290.0,11,4,1328,marchand,0
1827.0,13,3,123,facture,0
2621.0,21,2,341,particulier,0
15375.0,11,5,1407,marchand,0
2545.0,22,6,2234,particulier,0
3584.0,9,7,927,facture,0
5284.0,22,2,1656,agent,0
2555.0,20,2,984,particulier,0
36530.0,11,10,298,marchand,0
1728.0,18,4,1607,particulier,0
14877.0,10,5,1276,agent,0
1841.0,22,4,975,particulier,0
28084.0,16,3,242,marchand,0
25641.0,20,6,1055,particulier,0
20624.0,16,10,1761,marchand,0
8336.0,23,2,1969,agent,0
16050.0,23,3,1732,particulier,0
43718.0,13,8,1526,marchand,0
3281.0,22,3,814,particulier,0
23361.0,12,3,2034,marchand,0
6504.0,12,5,1906,marchand,0
3253.0,20,4,55,particulier,0
4102.0,23,3,445,particulier,0
11613.0,19,5,147,particulier,0
1715.0,23,4,586,particulier,0
3498.0,18,4,1205,particulier,0
4070.0,19,4,1965,particulier,0
1095.0,19,2,2060,facture,0
2099.0,23,2,2130,agent,0
14007.0,10,3,1420,marchand,0
5930.0,23,3,1136,particulier,0
4287.0,22,2,852,particulier,0
14702.0,11,2,543,marchand,0
3405.0,8,8,453,particulier,0
15056.0,12,6,576,marchand,0
5422.0,15,8,1875,marchand,0
24350.0,17,9,2337,marchand,0
5219.0,12,9,2043,marchand,0
1411.0,20,2,2168,particulier,0
3642.0,13,2,1810,particulier,0
7185.0,11,8,138,marchand,0
7265.0,23,5,1518,particulier,0
6351.0,7,5,1814,particulier,0
13932.0,12,9,1999,marchand,0
9421.0,6,2,302,particulier,0
1575.0,18,2,969,particulier,0
7567.0,21,5,2289,particulier,0
6591.0,16,5,190,marchand,0
4095.0,12,8,1889,marchand,0
8748.0,16,6,428,agent,0
3613.0,21,2,1566,particulier,0
3184.0,22,2,703,particulier,0
11783.0,23,1,1953,particulier,0
14022.0,15,8,1246,marchand,0
4164.0,18,2,2338,particulier,0
7861.0,21,4,1481,particulier,0
9684.0,15,8,2005,marchand,0
2401.0,18,1,882,particulier,0
4196.0,6,4,760,facture,0
2011.0,20,4,965,agent,0
9449.0,13,6,2362,marchand,0
22693.0,14,9,898,marchand,0
42899.0,16,9,1316,marchand,0
5651.0,9,8,702,marchand,0
2939.0,6,3,2029,particulier,0
4411.0,23,8,1286,agent,0
30641.0,12,5,504,marchand,0
2744.0,19,2,1930,agent,0
14526.0,16,4,1307,marchand,0
31326.0,12,6,1388,marchand,0
18709.0,10,5,2073,marchand,0
4324.0,15,3,456,particulier,0
9286.0,13,3,323,marchand,0
14655.0,9,7,1123,marchand,0
871.0,22,2,311,agent,0
10515.0,12,11,362,marchand,0
20863.0,10,7,796,marchand,0
10724.0,11,9,1596,marchand,0
14479.0,15,3,222,marchand,0
1870.0,19,2,2198,particulier,0
46874.0,13,8,991,marchand,0
6716.0,13,7,906,marchand,0
24307.0,13,6,2300,marchand,0
1335.0,23,4,1211,particulier,0
99430.0,12,6,1523,marchand,0
6438.0,23,0,1606,particulier,0
1457.0,5,4,971,facture,0
15378.0,14,5,1232,marchand,0
2011.0,16,3,1195,agent,0
2702.0,16,8,1495,particulier,0
4718.0,18,4,1900,facture,0
13947.0,23,3,228,particulier,0
11936.0,18,3,1608,facture,0
2199.0,23,6,1875,facture,0
12039.0,15,8,894,marchand,0
4726.0,22,3,218,particulier,0
2881.0,12,4,718,particulier,0
7329.0,7,4,171,particulier,0
10645.0,15,6,198,marchand,0
3335.0,13,3,1997,agent,0
10647.0,15,4,2244,marchand,0
4596.0,18,5,1159,particulier,0
4845.0,23,4,26,particulier,0
1018.0,9,6,76,agent,0
11020.0,10,4,740,particulier,0
2342.0,11,5,190,particulier,0
2073.0,22,3,305,particulier,0
1313.0,18,6,312,particulier,0
2606.0,21,3,323,particulier,0
8554.0,11,4,410,particulier,0
12810.0,18,5,1090,particulier,0
8486.0,14,8,197,marchand,0
21577.0,13,5,169,marchand,0
2494.0,20,4,155,agent,0
7795.0,12,7,1949,marchand,0
23183.0,14,9,1248,marchand,0
4891.0,8,1,265,facture,0
5246.0,6,6,252,agent,0
2579.0,23,4,2253,particulier,0
20768.0,15,7,1765,marchand,0
10258.0,15,7,1837,marchand,0
3238.0,23,3,782,particulier,0
8134.0,20,3,796,particulier,0
56880.0,11,14,1565,marchand,0
6339.0,11,4,940,particulier,0
2192.0,12,4,1883,particulier,0
1467.0,7,3,265,particulier,0
4509.0,23,2,352,particulier,0
18876.0,15,12,2053,marchand,0
4343.0,20,4,1367,agent,0
5842.0,21,0,165,particulier,0
13560.0,14,6,1163,marchand,0
8173.0,16,6,229,marchand,0
1138.0,22,3,262,particulier,0
10445.0,13,8,1239,marchand,0
2255.0,23,4,988,particulier,0
4567.0,20,4,1374,particulier,0
3750.0,9,1,703,agent,0
15385.0,7,6,422,particulier,0
4682.0,15,6,94,marchand,0
3019.0,22,1,2146,agent,0
1768.0,23,1,1274,particulier,0
12176.0,15,8,1709,marchand,0
1422.0,10,3,1600,particulier,0
1660.0,23,1,1347,particulier,0
8390.0,15,9,882,marchand,0
27242.0,16,8,1700,marchand,0
3563.0,11,8,654,particulier,0
16169.0,13,5,1040,marchand,0
8175.0,22,8,442,particulier,0
5002.0,16,7,677,marchand,0
3779.0,18,7,884,agent,0
7083.0,9,3,2342,particulier,0
5162.0,23,8,2328,agent,0
50019.0,11,12,1823,marchand,0
13921.0,9,5,548,marchand,0
3258.0,19,3,1871,particulier,0
1988.0,17,5,1010,particulier,0
20210.0,13,4,429,marchand,0
10402.0,23,3,818,agent,0
1430.0,22,5,844,particulier,0
1735.0,23,3,420,agent,0
1996.0,23,4,237,particulier,0
2591.0,20,4,1495,particulier,0
845.0,12,1,444,particulier,0
10190.0,14,8,614,marchand,0
1399.0,13,3,1660,particulier,0
2559.0,19,4,1964,particulier,0
22736.0,15,4,1631,marchand,0
9066.0,15,8,190,marchand,0
4853.0,21,2,1219,particulier,0
2919.0,15,3,315,particulier,0
13679.0,17,2,1527,marchand,0
1228.0,23,3,110,particulier,0
2141.0,21,5,2223,particulier,0
12825.0,16,6,32,marchand,0
19741.0,12,7,298,marchand,0
13950.0,18,5,1819,marchand,0
5195.0,19,2,2089,particulier,0
70654.0,16,7,195,marchand,0
5724.0,20,6,555,particulier,0
5560.0,21,3,146,particulier,0
7164.0,17,4,983,marchand,0
10783.0,9,3,186,particulier,0
11466.0,13,8,1960,marchand,0
1565.0,21,5,1274,particulier,0
1166.0,21,2,538,particulier,0
7590.0,21,2,1278,particulier,0
5824.0,15,3,1419,marchand,0
13093.0,16,10,1487,marchand,0
2053.0,20,1,1930,particulier,0
8114.0,16,1,1949,marchand,0
6480.0,18,3,563,particulier,0
22130.0,13,5,1076,marchand,0
34608.0,14,5,247,marchand,0
3856.0,10,3,2348,particulier,0
1838.0,11,7,597,particulier,0
5677.0,23,1,1444,particulier,0
14350.0,19,4,1743,particulier,0
8844.0,14,10,1627,marchand,0
6734.0,19,2,2087,particulier,0
1395.0,22,2,111,facture,0
1189.0,18,6,788,particulier,0
2458.0,23,0,66,particulier,0
14331.0,17,6,986,marchand,0
10545.0,14,8,1588,marchand,0
7424.0,18,0,2041,particulier,0
4555.0,15,4,1089,marchand,0
2052.0,21,2,837,particulier,0
4713.0,20,4,1464,particulier,0
7854.0,12,3,1142,particulier,0
10574.0,10,8,50,marchand,0
1999.0,8,3,2342,particulier,0
9672.0,15,5,1189,marchand,0
2669.0,19,3,1900,facture,0
10523.0,11,8,658,marchand,0
4207.0,11,5,37,particulier,0
12055.0,7,13,1894,marchand,0
5214.0,20,1,642,particulier,0
1487.0,20,6,649,particulier,0
689.0,22,5,894,particulier,0
16384.0,12,8,824,marchand,0
4024.0,11,4,2312,agent,0
14460.0,21,5,969,particulier,0
8625.0,11,5,1262,marchand,0
3584.0,18,9,42,particulier,0
37116.0,19,6,872,marchand,0
10037.0,23,3,1647,particulier,0
8119.0,23,3,1884,particulier,0
29759.0,13,5,555,marchand,0
1867.0,11,4,1627,particulier,0
1866.0,9,2,2263,particulier,0
4920.0,8,2,2036,agent,0
22821.0,20,7,816,marchand,0
29311.0,16,13,1822,marchand,0
4121.0,11,6,2237,facture,0
44674.0,17,8,1401,marchand,0
3631.0,23,5,1969,particulier,0
43516.0,12,7,1876,marchand,0
1942.0,6,3,1803,agent,0
7499.0,16,3,1694,particulier,0
4575.0,18,3,393,particulier,0
9630.0,15,6,1242,marchand,0
8616.0,15,12,1286,marchand,0
5547.0,22,3,1544,agent,0
7688.0,18,9,2260,marchand,0
2224.0,15,3,128,particulier,0
5055.0,8,4,1435,particulier,0
6239.0,12,8,208,marchand,0
3022.0,20,7,1533,particulier,0
10319.0,14,6,1151,marchand,0
3023.0,22,6,956,particulier,0
5400.0,12,2,1976,particulier,0
3062.0,18,1,1555,particulier,0
3495.0,8,2,1000,particulier,0
16371.0,15,4,2138,marchand,0
5065.0,7,4,1041,particulier,0
17306.0,13,5,2085,marchand,0
8179.0,15,7,1086,marchand,0
12449.0,13,5,1878,marchand,0
7441.0,12,5,408,marchand,0
1927.0,18,6,997,agent,0
39771.0,10,8,1189,marchand,0
755.0,19,2,1513,agent,0
6271.0,22,5,2286,particulier,0
5229.0,19,4,1296,particulier,0
7017.0,22,4,1864,agent,0
8385.0,11,8,812,marchand,0
20109.0,10,8,636,marchand,0
27096.0,10,3,2023,marchand,0
25838.0,11,6,509,marchand,0
2214.0,8,2,1394,particulier,0
4305.0,19,2,1434,agent,0
2551.0,23,2,1615,agent,0
21521.0,16,11,1233,marchand,0
7999.0,11,10,1941,marchand,0
7276.0,11,12,2140,marchand,0
7955.0,14,6,446,marchand,0
2780.0,23,5,1730,particulier,0
20119.0,15,8,1140,marchand,0
4319.0,8,2,2311,particulier,0
10455.0,22,1,1855,agent,0
1353.0,20,3,1554,particulier,0
1000.0,23,4,2134,agent,0
15842.0,21,3,1245,particulier,0
72939.0,14,5,348,marchand,0
1243.0,8,2,1646,agent,0
12686.0,12,8,803,marchand,0
20548.0,17,8,619,marchand,0
12864.0,14,5,804,marchand,0
17041.0,10,1,2006,particulier,0
21626.0,13,5,2147,marchand,0
8269.0,15,10,241,marchand,0
4275.0,9,2,1342,agent,0
7672.0,16,6,565,marchand,0
4079.0,22,3,1552,agent,0
8935.0,19,4,1986,agent,0
11449.0,12,5,1895,marchand,0
2263.0,10,3,737,particulier,0
4656.0,18,4,2029,agent,0
1257.0,10,1,2337,particulier,0
4753.0,13,8,878,marchand,0
4153.0,18,2,1948,particulier,0
2070.0,22,5,769,particulier,0
50576.0,13,8,907,marchand,0
25298.0,17,6,320,marchand,0
2001.0,22,2,397,agent,0
564.0,22,1,1250,particulier,0
3210.0,22,3,829,particulier,0
3731.0,19,7,220,agent,0
1940.0,8,4,594,particulier,0
16554.0,13,4,815,particulier,0
2038.0,23,3,1399,particulier,0
6546.0,20,5,437,agent,0
986.0,12,4,1263,particulier,0
10211.0,15,9,1886,marchand,0
697.0,20,2,297,agent,0
560.0,12,2,842,particulier,0
10538.0,14,10,920,marchand,0
17162.0,16,3,770,marchand,0
9304.0,12,6,876,marchand,0
3911.0,21,5,1483,particulier,0
5679.0,16,4,1552,agent,0
1612.0,18,2,1946,agent,0
8417.0,23,2,332,particulier,0
6934.0,19,9,1219,marchand,0
943.0,8,2,2390,particulier,0
3395.0,22,2,941,agent,0
18188.0,9,4,1720,marchand,0
3415.0,5,4,553,particulier,0
40044.0,12,3,1040,marchand,0
3783.0,9,2,342,particulier,0
2767.0,9,4,769,particulier,0
12917.0,11,5,1075,marchand,0
18552.0,10,4,1831,marchand,0
1774.0,23,0,823,particulier,0
15296.0,15,9,1573,marchand,0
8515.0,18,2,109,agent,0
16330.0,18,2,1394,facture,0
2229.0,9,3,451,particulier,0
318.0,19,2,218,particulier,0
3645.0,22,3,256,particulier,0
2651.0,17,3,216,particulier,0
7046.0,13,6,1254,marchand,0
6212.0,19,3,757,particulier,0
12413.0,15,8,2163,marchand,0
2893.0,20,1,486,particulier,0
7329.0,14,10,1079,marchand,0
7276.0,10,7,2238,marchand,0
2428.0,23,1,2214,particulier,0
53924.0,12,4,1398,marchand,0
1534.0,19,11,620,particulier,0
10593.0,12,12,1506,marchand,0
20761.0,15,9,962,marchand,0
496.0,21,3,409,particulier,0
17735.0,15,4,1534,marchand,0
21136.0,15,10,273,marchand,0
8693.0,10,4,614,particulier,0
2062.0,11,6,1831,particulier,0
18775.0,15,7,859,marchand,0
2775.0,10,3,1118,particulier,0
6807.0,8,9,1263,marchand,0
6895.0,13,11,2387,marchand,0
1688.0,10,3,1859,agent,0
11482.0,10,4,2163,marchand,0
4468.0,16,8,657,marchand,0
45895.0,13,10,695,marchand,0
12401.0,12,6,1436,marchand,0
20881.0,18,7,1417,marchand,0
1058.0,17,2,821,particulier,0
6897.0,5,2,1183,particulier,0
15147.0,13,4,2349,marchand,0
14469.0,8,8,397,marchand,0
14870.0,9,4,2245,marchand,0
3243.0,23,0,1969,agent,0
27467.0,17,8,2201,marchand,0
5362.0,20,0,1143,agent,0
2505.0,21,1,1720,particulier,0
35271.0,19,5,1980,marchand,0
9706.0,22,2,1745,particulier,0
4157.0,22,2,1701,particulier,0
18726.0,14,8,1379,marchand,0
14770.0,14,5,1617,marchand,0
14449.0,14,12,38,marchand,0
4617.0,19,1,779,particulier,0
3441.0,8,6,1412,agent,0
5354.0,16,5,1752,marchand,0
3331.0,23,7,2103,particulier,0
13749.0,14,5,400,marchand,0
1931.0,4,3,2320,particulier,0
2894.0,20,5,2104,particulier,0
28166.0,11,7,934,marchand,0
30435.0,15,7,1058,marchand,0
5201.0,9,1,1190,particulier,0
1879.0,19,10,1328,particulier,0
1554.0,23,0,1151,particulier,0
2562.0,21,6,2102,particulier,0
17899.0,13,10,850,marchand,0
20672.0,13,6,177,marchand,0
13380.0,11,12,1624,marchand,0
4153.0,18,7,1948,agent,0
7127.0,12,3,1364,particulier,0
4904.0,21,5,47,particulier,0
6408.0,17,2,847,particulier,0
1490.0,10,3,816,agent,0
44334.0,15,8,2095,marchand,0
705.0,19,3,1301,particulier,0
11023.0,15,6,232,marchand,0
8179.0,17,3,2041,marchand,0
12167.0,13,12,1391,marchand,0
1383.0,12,3,749,agent,0
199895.0,16,9,2101,marchand,0
1858.0,18,2,1035,agent,0
3062.0,23,5,1101,particulier,0
11577.0,8,4,2152,agent,0
1486.0,22,6,961,particulier,0
1657.0,19,6,1964,agent,0
6456.0,20,3,119,agent,0
9121.0,13,7,891,marchand,0
18802.0,10,6,873,marchand,0
27569.0,20,6,1444,marchand,0
27264.0,11,7,869,marchand,0
18445.0,18,6,448,marchand,0
1868.0,21,2,670,particulier,0
11961.0,12,3,1752,particulier,0
10772.0,23,2,1371,particulier,0
15040.0,15,7,1246,marchand,0
979.0,19,2,898,particulier,0
7088.0,16,2,2008,particulier,0
5962.0,12,9,2225,marchand,0
3395.0,16,3,112,agent,0
3561.0,22,3,852,particulier,0
18635.0,16,10,1035,marchand,0
7635.0,10,4,768,particulier,0
11014.0,21,2,466,particulier,0
6718.0,13,4,1803,marchand,0
15459.0,10,11,1461,marchand,0
13978.0,10,9,980,marchand,0
8072.0,12,7,601,marchand,0
1581.0,21,1,1430,particulier,0
15176.0,15,11,1862,marchand,0
13839.0,16,8,1737,marchand,0
7926.0,15,9,261,marchand,0
42523.0,13,7,589,marchand,0
1985.0,15,2,705,particulier,0
1884.0,18,3,160,agent,0
10405.0,10,7,985,marchand,0
43203.0,17,10,2189,marchand,0
13068.0,7,0,636,agent,0
1469.0,23,4,1064,particulier,0
5652.0,19,4,894,particulier,0
20099.0,19,9,1271,marchand,0
1651.0,22,4,1420,particulier,0
675.0,18,6,296,particulier,0
5321.0,23,1,376,particulier,0
11283.0,6,2,1291,particulier,0
6143.0,12,4,88,marchand,0
4362.0,10,3,1244,particulier,0
11405.0,13,7,1421,marchand,0
2206.0,9,5,1929,particulier,0
1246.0,13,3,1916,particulier,0
46915.0,22,5,2082,agent,1
394.0,23,3,987,particulier,0
6640.0,23,0,1990,particulier,0
24111.0,14,10,458,marchand,0
1654.0,22,4,912,agent,0
3771.0,22,1,2176,particulier,0
15367.0,14,3,1508,marchand,0
3842.0,20,2,2055,particulier,0
6388.0,21,2,1743,particulier,0
9763.0,10,13,470,marchand,0
1844.0,21,6,1756,particulier,0
17201.0,16,8,1068,marchand,0
1875.0,19,4,1644,facture,0
3444.0,22,2,618,particulier,0
1127.0,19,4,789,particulier,0
18725.0,12,6,750,marchand,0
12332.0,10,8,2328,marchand,0
2630.0,16,2,1427,particulier,0
1533.0,23,5,600,agent,0
3291.0,21,3,1874,particulier,0
12204.0,13,14,887,marchand,0
5797.0,20,2,455,agent,0
11878.0,22,3,1867,particulier,0
8978.0,9,3,1394,particulier,0
3249.0,16,6,1660,particulier,0
1463.0,20,3,321,particulier,0
3820.0,22,2,1156,facture,0
2649.0,10,3,759,particulier,0
5573.0,21,2,912,particulier,0
1546.0,18,4,1657,particulier,0
43869.0,13,11,1430,marchand,0
26982.0,19,5,1264,particulier,0
21399.0,17,10,289,marchand,0
23224.0,9,4,2085,particulier,0
14785.0,12,7,2137,marchand,0
8948.0,14,6,2193,marchand,0
6792.0,13,11,1120,marchand,0
10967.0,22,3,2005,agent,0
8248.0,14,3,472,marchand,0
297.0,19,4,1136,particulier,0
3915.0,17,5,2332,marchand,1
21806.0,11,9,1558,marchand,0
765.0,23,5,1449,particulier,0
32344.0,10,8,1823,marchand,0
14758.0,16,12,1279,marchand,0
1154.0,8,5,103,particulier,0
1611.0,22,6,1762,particulier,0
1702.0,20,4,344,particulier,0
9757.0,10,3,141,particulier,0
38534.0,14,10,961,marchand,0
2041.0,19,6,860,particulier,0
11667.0,20,4,2199,marchand,0
34523.0,16,7,1353,marchand,0
3798.0,18,2,1040,agent,0
9240.0,14,4,123,marchand,0
7722.0,19,2,1349,particulier,0
284.0,18,3,2210,particulier,0
18246.0,17,3,1232,marchand,0
1159.0,22,3,1691,agent,0
14618.0,14,6,1547,marchand,0
1856.0,15,5,267,particulier,0
6698.0,15,8,17,marchand,0
751.0,7,4,966,particulier,0
29308.0,9,9,860,marchand,0
14711.0,20,8,1736,particulier,1
520.0,23,6,2370,particulier,0
21273.0,13,9,1945,marchand,0
1832.0,23,1,1937,facture,0
3701.0,22,2,910,particulier,0
6315.0,20,4,1811,particulier,0
1171.0,23,2,2273,particulier,0
6357.0,15,2,702,marchand,0
5812.0,14,10,2291,marchand,0
1663.0,22,2,1568,particulier,0
10545.0,10,7,1253,marchand,0
1646.0,10,1,1404,particulier,0
20742.0,22,3,25,particulier,1
2175.0,10,2,1550,agent,0
1025.0,13,2,1067,agent,0
1532.0,8,4,5,facture,0
3764.0,20,3,2324,particulier,0
1486.0,5,3,2094,agent,0
1913.0,11,8,8,particulier,0
23492.0,16,8,2209,marchand,0
2456.0,18,6,153,particulier,0
22097.0,18,14,2236,marchand,0
3027.0,16,2,1052,agent,0
76570.0,16,10,1689,marchand,0
1033.0,23,5,1372,particulier,0
22976.0,16,4,1171,marchand,0
644.0,10,2,1307,agent,0
1999.0,15,7,1637,marchand,1
6825.0,11,6,1167,marchand,0
2788.0,11,5,2178,agent,0
19818.0,14,5,1513,marchand,0
566.0,5,6,2197,particulier,0
1352.0,9,4,2136,facture,0
16477.0,14,7,1563,marchand,0
6804.0,7,10,142,marchand,0
3267.0,10,2,242,agent,0
2092.0,20,6,1331,particulier,0
2440.0,19,4,1169,particulier,0
2331.0,21,0,2002,particulier,0
2744.0,23,2,391,agent,0
3681.0,20,1,2255,agent,0
1215.0,8,1,325,facture,0
5654.0,19,2,2301,particulier,0
18553.0,14,10,943,marchand,0
6069.0,7,2,1146,particulier,0
10617.0,15,6,1742,marchand,0
22103.0,9,6,1161,marchand,0
761.0,13,4,941,particulier,0
20287.0,16,6,116,marchand,0
39869.0,14,6,1453,marchand,0
363.0,11,3,1304,particulier,0
1929.0,23,2,1563,particulier,0
3521.0,20,5,1971,particulier,0
21595.0,16,5,1295,marchand,0
10605.0,13,4,1484,particulier,0
3607.0,21,4,1993,particulier,0
4868.0,10,3,1390,particulier,0
1598.0,20,1,242,particulier,0
10293.0,7,1,698,agent,0
6613.0,14,4,1715,marchand,0
8577.0,13,7,2266,marchand,0
2467.0,20,4,2004,particulier,0
4314.0,23,2,1231,particulier,0
2187.0,20,4,2214,particulier,0
5087.0,11,4,514,particulier,0
5303.0,19,4,1005,particulier,0
34407.0,12,6,2126,marchand,0
9976.0,13,13,604,marchand,0
10979.0,12,9,2067,marchand,0
6183.0,20,4,112,particulier,0
35625.0,13,4,823,marchand,0
727.0,7,8,916,particulier,0
14194.0,14,6,1875,marchand,0
4591.0,7,4,2342,particulier,0
4192.0,23,5,1947,particulier,0
1697.0,23,2,694,particulier,0
4748.0,22,4,430,particulier,0
6500.0,19,3,452,particulier,0
2394.0,23,4,1034,particulier,0
4076.0,16,9,1317,marchand,0
2453.0,17,10,2043,agent,0
9382.0,19,7,1860,marchand,0
16071.0,23,5,2005,agent,0
4508.0,23,3,1951,agent,0
2174.0,9,3,1307,particulier,0
4820.0,10,4,973,marchand,0
20511.0,17,10,1887,marchand,0
9310.0,16,3,1507,particulier,0
3469.0,19,1,438,particulier,0
24601.0,12,8,971,marchand,0
25922.0,13,6,999,marchand,0
2359.0,8,5,779,particulier,0
6581.0,14,11,2059,marchand,0
6511.0,11,3,576,marchand,0
2338.0,10,3,2312,particulier,0
4326.0,22,1,258,particulier,0
21173.0,16,9,1421,marchand,0
15214.0,23,5,1187,agent,0
20657.0,17,1,1982,particulier,0
2313.0,18,5,1352,agent,0
11339.0,22,4,953,particulier,0
12308.0,16,3,1291,marchand,0
7917.0,10,6,777,particulier,0
16294.0,19,4,32,particulier,0
2112.0,20,3,562,facture,0
28985.0,11,5,1574,marchand,0
34413.0,14,9,1108,marchand,0
5630.0,13,9,2153,marchand,0
22594.0,6,7,476,marchand,0
3910.0,23,6,2341,particulier,0
3767.0,23,0,866,particulier,0
34130.0,14,7,563,marchand,0
10931.0,22,3,857,particulier,0
9539.0,22,6,2054,particulier,0
2583.0,7,2,544,particulier,0
7450.0,10,6,1555,marchand,0
3796.0,8,4,1644,particulier,0
7303.0,8,1,1427,agent,0
1578.0,19,4,1663,particulier,0
1977.0,3,6,1335,particulier,0
19379.0,14,6,903,marchand,0
2106.0,23,2,517,particulier,0
4372.0,19,4,235,facture,0
17888.0,16,10,2377,marchand,0
6189.0,13,9,138,marchand,0
1758.0,19,5,2382,particulier,0
7933.0,20,6,1845,particulier,0
15291.0,12,4,2301,marchand,0
10908.0,6,6,1956,agent,0
5075.0,17,8,1810,marchand,0
2825.0,13,0,1741,particulier,0
31783.0,12,10,1969,marchand,0
11336.0,13,3,670,marchand,0
3049.0,19,4,938,particulier,0
10618.0,16,8,10,marchand,0
4303.0,21,1,2203,particulier,0
3048.0,21,3,2235,particulier,0
27196.0,16,3,2321,marchand,0
12254.0,11,8,2204,marchand,0
7958.0,23,7,2060,particulier,0
4376.0,23,1,863,particulier,0
3554.0,18,4,62,facture,0
5053.0,9,4,1459,agent,0
4430.0,14,10,175,marchand,0
5333.0,21,4,33,particulier,0
1358.0,11,4,1907,agent,0
21518.0,18,5,975,marchand,0
4536.0,22,0,1260,particulier,0
1281.0,23,1,2340,particulier,0
11823.0,20,7,2120,marchand,0
2184.0,4,3,2119,particulier,0
12181.0,19,9,751,particulier,0
2115.0,9,1,1402,particulier,0
3830.0,7,4,580,particulier,0
3803.0,18,4,2301,particulier,0
3492.0,17,1,112,particulier,0
8054.0,14,5,554,marchand,0
8894.0,15,5,1720,marchand,0
946.0,20,3,2114,particulier,0
14490.0,17,3,1932,marchand,0
10801.0,12,6,657,marchand,0
3897.0,8,2,2328,particulier,0
12241.0,14,3,2391,marchand,0
7064.0,17,5,741,particulier,0
6128.0,23,1,1787,particulier,0
19013.0,12,3,759,marchand,0
3748.0,7,5,1959,particulier,0
964.0,10,1,1191,agent,0
5691.0,19,0,1918,particulier,0
26741.0,20,5,1244,marchand,0
6014.0,19,4,1151,particulier,0
2407.0,18,5,2115,particulier,0
11480.0,17,7,203,marchand,0
6762.0,16,7,1483,marchand,0
15097.0,21,1,35,particulier,1
3469.0,21,5,1256,particulier,0
43545.0,11,6,1015,marchand,0
7591.0,14,9,2304,marchand,0
6289.0,21,3,384,particulier,0
1831.0,20,5,318,particulier,0
17753.0,12,6,374,marchand,0
11917.0,17,9,1093,marchand,0
8893.0,14,13,475,marchand,0
15527.0,23,1,2191,particulier,0
2795.0,22,3,2223,particulier,0
9023.0,13,1,1170,particulier,0
862.0,7,4,1980,particulier,0
1834.0,9,5,1223,particulier,0
3332.0,21,5,777,particulier,0
13150.0,14,7,1871,marchand,0
5695.0,11,6,51,marchand,0
5360.0,17,2,1260,particulier,0
4883.0,15,10,2094,marchand,0
5737.0,18,5,325,agent,0
2191.0,7,3,1926,particulier,0
3174.0,18,4,1459,particulier,0
6774.0,22,2,873,agent,0
6214.0,12,5,1882,marchand,0
5967.0,17,8,793,marchand,0
8253.0,9,4,1835,agent,0
4820.0,9,5,783,particulier,0
6888.0,14,7,642,marchand,0
7175.0,18,4,1029,agent,0
5135.0,23,2,1191,agent,0
3947.0,15,6,315,marchand,0
893.0,23,1,1050,particulier,0
2421.0,18,3,2311,particulier,0
46812.0,9,9,1831,marchand,0
7792.0,10,6,183,agent,0
17269.0,17,4,582,marchand,0
20584.0,11,5,766,marchand,0
1947.0,8,3,941,particulier,0
6142.0,14,4,2153,marchand,0
5066.0,21,4,1532,particulier,0
764.0,21,3,935,particulier,0
4346.0,9,4,742,particulier,0
6499.0,5,6,169,particulier,0
4149.0,19,7,734,agent,0
2179.0,22,5,2013,agent,0
3167.0,20,4,2194,particulier,0
9494.0,22,3,2147,particulier,0
5597.0,20,7,747,particulier,0
59321.0,13,7,1339,marchand,0
1352.0,23,0,2118,particulier,0
1262.0,23,6,714,facture,0
4474.0,12,6,919,marchand,0
2648.0,19,4,2235,particulier,0
8618.0,14,11,2324,marchand,0
2813.0,5,5,308,particulier,0
14505.0,12,8,1337,marchand,0
7592.0,22,3,1198,particulier,0
4287.0,8,3,1777,particulier,0
1542.0,22,0,1650,particulier,0
663.0,23,3,148,facture,0
8651.0,13,5,873,marchand,0
3636.0,20,2,998,particulier,0
10950.0,9,0,407,particulier,0
9193.0,9,2,1818,agent,0
8683.0,14,6,2047,marchand,0
9269.0,12,8,1826,marchand,0
27511.0,11,8,2043,marchand,0
8822.0,11,11,975,marchand,0
1059.0,11,3,2373,facture,0
11589.0,15,8,604,marchand,0
5966.0,11,7,1235,marchand,0
2334.0,12,8,599,marchand,1
10158.0,21,4,2141,particulier,0
22415.0,16,5,1529,marchand,0
8848.0,23,4,235,particulier,0
959.0,7,1,1421,particulier,0
4106.0,10,3,1466,particulier,0
5086.0,15,10,1902,marchand,0
15019.0,8,6,2353,marchand,0
24085.0,14,4,2364,marchand,0
16380.0,8,4,1409,marchand,0
1066.0,11,3,579,facture,0
8252.0,5,3,513,agent,0
3423.0,20,5,2319,particulier,0
25333.0,12,8,391,marchand,0
10920.0,10,10,1840,marchand,0
6810.0,23,4,491,agent,0
8542.0,18,6,1930,marchand,0
1820.0,22,2,1339,agent,0
1598.0,17,2,305,particulier,0
1473.0,9,2,13,particulier,0
22695.0,14,5,747,marchand,0
819.0,11,4,1980,particulier,0
4528.0,9,3,525,particulier,0
3533.0,21,3,2224,particulier,0
13501.0,13,10,2152,marchand,0
1937.0,19,7,553,agent,0
12065.0,13,6,1958,marchand,0
11091.0,21,1,2060,agent,0
2001.0,22,1,1709,agent,0
7070.0,20,1,1747,particulier,0
4098.0,23,3,35,particulier,0
44702.0,13,7,1885,marchand,0
12648.0,17,8,1471,marchand,0
9011.0,13,10,1422,marchand,0
17771.0,13,10,2088,marchand,0
3276.0,9,4,2236,agent,0
17194.0,13,10,783,marchand,0
17737.0,14,4,2182,marchand,0
6925.0,16,8,1115,marchand,0
8401.0,23,3,1095,particulier,0
5915.0,9,3,1531,marchand,0
1788.0,18,1,72,particulier,0
1680.0,10,3,630,agent,0
11976.0,17,2,849,marchand,0
19518.0,8,4,1761,marchand,0
4882.0,9,6,1810,particulier,0
10929.0,16,6,1437,marchand,0
1686.0,16,3,27,particulier,0
3208.0,9,3,1106,particulier,0
20977.0,15,9,671,marchand,0
1771.0,22,5,1082,particulier,0
877.0,20,3,1113,particulier,0
3402.0,7,2,71,particulier,0
15830.0,10,10,553,marchand,0
6130.0,19,1,2167,facture,0
22989.0,15,2,1401,marchand,0
20612.0,12,7,516,marchand,0
7295.0,13,8,679,marchand,0
13370.0,17,5,1940,marchand,0
40178.0,13,6,507,marchand,0
7502.0,10,5,1887,particulier,0
306.0,10,2,2260,agent,0
25291.0,12,10,148,marchand,0
2163.0,21,4,2040,particulier,0
19862.0,21,1,2284,particulier,0
1393.0,19,2,2319,particulier,0
21745.0,16,1,1249,marchand,0
12732.0,16,9,137,marchand,0
6885.0,23,2,1109,agent,0
5423.0,20,4,1673,agent,0
1695.0,17,3,2233,particulier,0
12379.0,18,4,2189,agent,0
20254.0,12,10,433,marchand,0
5254.0,16,8,1141,marchand,0
11809.0,13,5,1660,marchand,0
6258.0,13,7,1758,marchand,0
1721.0,11,4,1687,particulier,0
12997.0,22,1,1189,particulier,0
4155.0,11,8,1950,marchand,0
19601.0,10,7,943,marchand,0
3227.0,11,5,1034,marchand,0
7655.0,22,2,1669,particulier,0
4710.0,22,4,620,particulier,0
18267.0,10,10,2108,marchand,0
5030.0,22,2,1776,particulier,0
23206.0,12,9,1390,marchand,0
8483.0,18,6,1665,marchand,0
3811.0,23,3,2023,particulier,0
5838.0,17,9,567,marchand,0
2178.0,10,6,1594,particulier,0
339.0,22,3,1184,agent,0
3502.0,22,3,901,particulier,0
959.0,18,5,35,agent,0
11116.0,15,8,1963,marchand,0
18733.0,16,10,906,marchand,0
8839.0,13,3,262,marchand,0
9241.0,19,5,2388,marchand,0
2529.0,22,1,2314,particulier,0
3161.0,13,4,61,marchand,0
1510.0,22,3,356,particulier,0
11861.0,19,1,1938,facture,0
11145.0,16,13,1605,marchand,0
2504.0,7,4,2264,particulier,0
1042.0,22,2,2300,agent,0
1336.0,20,3,2375,particulier,0
12939.0,17,2,906,marchand,0
37797.0,16,13,519,marchand,0
11558.0,17,4,597,particulier,0
30170.0,18,7,2063,marchand,0
12326.0,17,6,1437,marchand,0
3871.0,18,7,1404,particulier,0
4486.0,16,2,434,particulier,0
31455.0,7,9,1906,marchand,0
12633.0,13,12,162,marchand,0
3775.0,23,1,792,particulier,0
5361.0,16,7,1612,marchand,0
6304.0,12,4,1527,particulier,0
3486.0,10,3,491,particulier,0
21651.0,15,4,1714,marchand,0
7793.0,5,8,1448,particulier,0
1379.0,19,2,655,particulier,0
1465.0,18,1,544,particulier,0
5110.0,20,2,1011,particulier,0
2141.0,22,4,2339,particulier,0
508.0,23,3,1257,particulier,0
11132.0,11,8,167,marchand,0
4322.0,16,1,1639,particulier,0
5207.0,17,2,2161,particulier,0
5581.0,12,1,1567,particulier,0
2216.0,7,6,1527,particulier,0
1108.0,8,3,2356,particulier,0
8706.0,17,8,118,marchand,0
11353.0,17,4,844,marchand,0
5678.0,13,6,2115,particulier,0
4180.0,16,7,1020,marchand,0
799.0,19,8,967,particulier,0
4026.0,12,2,1126,marchand,0
8437.0,11,1,414,particulier,0
36342.0,15,4,1346,marchand,0
2728.0,22,2,241,particulier,0
29229.0,15,5,1641,marchand,0
10091.0,12,7,730,marchand,0
16714.0,14,10,1092,marchand,0
17400.0,20,12,356,marchand,0
7537.0,10,14,1663,marchand,0
7518.0,13,11,44,marchand,0
41841.0,14,7,1631,marchand,0
20726.0,20,3,462,particulier,0
1086.0,19,3,1694,particulier,0
17571.0,17,6,1224,marchand,0
11745.0,21,5,1741,particulier,0
4714.0,8,3,218,particulier,0
37472.0,17,9,2013,marchand,0
2269.0,10,1,249,agent,0
6817.0,11,4,1800,particulier,0
10188.0,23,4,1196,particulier,0
12843.0,10,5,1707,marchand,0
10023.0,10,3,2009,marchand,0
11014.0,12,9,1427,marchand,0
2581.0,23,5,314,particulier,0
26741.0,17,8,1541,marchand,0
7316.0,13,5,1882,marchand,0
48058.0,18,3,193,particulier,1
12018.0,18,2,1018,agent,0
2520.0,20,4,1753,facture,0
23232.0,8,6,1570,marchand,0
2288.0,10,2,195,particulier,0
9474.0,20,2,728,particulier,0
9686.0,11,5,1917,marchand,0
6514.0,14,2,2062,marchand,0
3576.0,23,2,1340,agent,0
33906.0,13,7,1524,marchand,0
8881.0,17,4,1063,particulier,0
8569.0,14,10,1116,marchand,0
8275.0,20,15,650,marchand,1
1245.0,22,3,2236,agent,0
1855.0,23,5,114,particulier,0
5404.0,13,11,1342,marchand,0
6344.0,21,7,121,facture,0
18076.0,16,9,1711,marchand,0
8038.0,10,9,2172,marchand,0
37431.0,11,3,506,marchand,0
1363.0,21,2,264,particulier,0
1872.0,22,2,2201,particulier,0
699.0,8,2,174,agent,0
2112.0,21,1,512,agent,0
2738.0,19,1,727,agent,0
9506.0,12,4,1074,marchand,0
5008.0,12,7,1707,facture,0
4407.0,21,3,2035,agent,0
2497.0,17,0,2264,particulier,0
16374.0,15,8,379,marchand,0
3525.0,12,6,441,particulier,0
6102.0,8,6,185,particulier,0
2783.0,19,5,1220,particulier,0
2439.0,22,8,1035,particulier,0
7286.0,16,2,1112,particulier,0
11145.0,15,6,2263,marchand,0
17407.0,15,11,2397,marchand,0
11429.0,5,10,108,marchand,0
10959.0,21,2,2193,agent,0
4745.0,21,2,870,particulier,0
6673.0,16,5,1196,marchand,0
382.0,12,4,1005,particulier,0
2176.0,19,2,2030,particulier,0
3110.0,18,2,1261,particulier,0
6096.0,9,0,437,facture,0
1602.0,23,2,97,particulier,0
17708.0,15,4,1685,marchand,0
9282.0,19,3,2033,particulier,0
22062.0,11,7,2125,marchand,0
4110.0,18,3,1660,particulier,0
2987.0,8,2,1057,particulier,0
8041.0,12,8,324,marchand,0
10931.0,16,7,75,marchand,0
9904.0,14,9,2163,marchand,0
16197.0,17,4,1316,marchand,0
12517.0,19,3,942,particulier,0
2589.0,16,3,361,particulier,0
3380.0,23,3,660,particulier,0
2324.0,20,1,1824,particulier,0
789.0,19,3,2072,agent,0
9854.0,17,8,1588,marchand,0
19736.0,21,2,1040,particulier,0
1827.0,9,3,1105,agent,0
5524.0,19,1,188,particulier,0
28316.0,17,9,1417,marchand,0
3080.0,20,3,8,agent,0
3660.0,22,1,1823,particulier,0
5585.0,18,1,809,particulier,0
987.0,16,2,2216,agent,0
7188.0,10,1,1639,particulier,0
7324.0,23,0,1203,particulier,0
18383.0,16,6,2294,marchand,0
6017.0,22,3,860,agent,0
2568.0,18,5,280,agent,0
5189.0,9,1,2365,facture,0
2133.0,21,1,757,facture,0
22690.0,15,2,26,marchand,0
11684.0,12,13,2332,marchand,0
8445.0,14,9,563,marchand,0
2865.0,21,8,656,particulier,0
2955.0,4,3,1921,particulier,0
7926.0,5,2,1042,particulier,0
17480.0,14,8,1307,marchand,0
19715.0,15,6,1418,marchand,0
4074.0,23,4,1879,particulier,0
9428.0,13,9,682,marchand,0
59415.0,12,7,798,marchand,0
21041.0,8,6,1308,marchand,0
19117.0,9,3,2287,particulier,0
25027.0,13,9,1390,marchand,0
1605.0,10,3,1593,particulier,0
11574.0,12,8,2366,marchand,0
6623.0,23,8,1167,particulier,0
28655.0,18,14,195,marchand,0
6242.0,10,7,184,marchand,0
7059.0,8,4,1398,particulier,0
4161.0,19,7,544,particulier,0
37893.0,12,10,51,marchand,0
3193.0,9,2,687,particulier,0
1625.0,10,2,2383,facture,0
8717.0,13,9,416,marchand,0
12930.0,13,4,1980,marchand,0
31573.0,17,9,1611,marchand,0
15309.0,22,2,2267,facture,0
5555.0,8,5,1005,agent,0
3052.0,9,4,2132,particulier,0
632.0,6,6,1561,particulier,0
3833.0,16,2,823,agent,0
2652.0,19,8,1499,particulier,0
16242.0,15,8,995,marchand,0
24321.0,10,4,234,marchand,0
21625.0,12,7,2067,marchand,0
661.0,19,5,1051,particulier,0
2388.0,22,1,541,agent,0
11223.0,14,3,2154,marchand,0
6635.0,11,5,2061,facture,0
2367.0,8,6,588,particulier,0
20238.0,12,8,1729,marchand,0
2513.0,8,3,1662,particulier,0
3800.0,21,1,2113,particulier,0
3746.0,23,2,1869,facture,0
8089.0,7,2,1283,particulier,0
38091.0,10,9,960,marchand,0
8252.0,14,13,1299,marchand,0
1920.0,10,1,749,particulier,0
35391.0,11,7,530,marchand,0
18209.0,7,3,211,agent,0
5473.0,19,3,1192,agent,0
1487.0,13,5,583,particulier,0
2250.0,10,4,2372,agent,0
10666.0,11,11,351,marchand,0
13219.0,13,13,894,marchand,0
6438.0,19,3,534,agent,0
1958.0,18,6,862,particulier,0
16417.0,16,4,1183,marchand,0
2421.0,20,2,1867,facture,0
4877.0,19,2,1917,particulier,0
7949.0,21,3,1212,particulier,0
4393.0,10,2,186,agent,0
2032.0,11,6,1138,particulier,0
16277.0,13,7,1786,marchand,0
8432.0,23,2,937,particulier,0
5286.0,15,2,823,agent,0
1007.0,23,3,291,particulier,0
15257.0,15,4,1232,marchand,0
826.0,23,1,1952,facture,0
3681.0,22,3,341,particulier,0
22057.0,9,5,302,marchand,0
2695.0,14,3,17,particulier,0
18457.0,15,7,379,marchand,0
11993.0,10,1,1811,particulier,0
2282.0,14,3,1792,particulier,0
6561.0,12,4,1942,particulier,0
8066.0,18,1,442,particulier,0
5160.0,23,4,2143,agent,0
4284.0,18,4,1495,particulier,0
756.0,19,4,1176,agent,0
2701.0,7,5,2215,particulier,0
3724.0,9,2,945,particulier,0
4956.0,18,4,2203,particulier,0
3442.0,19,7,278,agent,0
10880.0,12,0,999,particulier,0
29682.0,10,10,2214,marchand,0
2371.0,8,3,1698,agent,0
2755.0,23,7,1725,agent,0
15394.0,14,6,799,marchand,0
2657.0,12,4,2084,particulier,0
8771.0,7,1,273,particulier,0
12202.0,18,3,725,particulier,0
5083.0,15,8,840,marchand,0
4147.0,11,5,1334,marchand,0
2693.0,23,4,554,particulier,0
3419.0,10,4,260,particulier,0
10099.0,15,2,1423,marchand,0
1636.0,23,2,2291,particulier,0
8732.0,12,6,567,particulier,0
21859.0,16,6,1802,marchand,0
11838.0,11,9,1368,facture,0
12198.0,14,5,568,marchand,0
1150.0,20,4,1924,particulier,0
10348.0,19,8,295,marchand,0
3412.0,8,3,292,agent,0
8069.0,12,0,603,particulier,0
13352.0,15,8,1342,marchand,0
2040.0,22,8,67,agent,0
8169.0,20,3,1427,particulier,0
10634.0,17,5,666,agent,0
1870.0,9,2,2077,particulier,0
4194.0,23,6,2041,particulier,0
5043.0,13,5,2374,facture,0
9304.0,13,11,1717,marchand,0
5325.0,17,6,1956,particulier,0
430.0,9,4,871,particulier,0
6940.0,20,6,1266,particulier,0
15178.0,19,4,922,particulier,0
11832.0,11,11,425,marchand,0
6139.0,23,1,1596,particulier,0
5993.0,21,7,751,particulier,0
1868.0,23,6,2354,facture,0
2849.0,21,4,217,particulier,0
5811.0,10,3,711,agent,0
4361.0,10,5,1076,particulier,0
4015.0,22,2,863,particulier,0
1860.0,7,4,965,particulier,0
5357.0,21,5,2315,particulier,0
50045.0,18,4,1651,marchand,0
18606.0,12,5,952,marchand,0
12187.0,16,3,1118,marchand,0
26107.0,18,5,268,marchand,0
2293.0,20,5,399,particulier,0
23579.0,13,4,1797,marchand,0
3505.0,17,2,1469,particulier,0
9713.0,23,2,2230,agent,0
8924.0,15,12,1119,marchand,0
11336.0,20,4,1870,particulier,0
11446.0,16,4,963,marchand,0
3368.0,21,6,52,particulier,0
4586.0,16,4,1080,agent,0
11065.0,15,8,1702,marchand,0
10243.0,7,5,846,particulier,0
9812.0,7,4,1170,particulier,0
13379.0,13,4,549,marchand,0
3431.0,11,7,1800,marchand,0
2949.0,18,7,2066,particulier,0
5759.0,17,5,314,particulier,0
17771.0,23,3,61,particulier,1
14718.0,13,7,1593,marchand,0
14919.0,9,10,2389,marchand,0
10225.0,14,8,236,marchand,0
757.0,10,1,1489,particulier,0
2175.0,18,4,682,particulier,0
21608.0,10,10,300,marchand,0
2322.0,9,0,2266,particulier,0
12887.0,16,7,1237,marchand,0
5815.0,9,3,526,particulier,0
726.0,22,7,2276,agent,0
18585.0,13,7,918,marchand,0
4611.0,22,1,2382,agent,0
13559.0,14,12,341,marchand,0
27238.0,16,12,1443,marchand,0
5028.0,21,3,1999,particulier,0
5561.0,7,2,882,agent,0
3909.0,20,1,2391,marchand,1
5243.0,21,5,525,particulier,0
4318.0,7,8,2277,facture,0
78658.0,19,3,1169,particulier,1
3387.0,10,3,49,particulier,0
6946.0,13,6,408,marchand,0
19403.0,16,7,2284,marchand,0
5175.0,17,10,144,marchand,1
15574.0,16,8,934,marchand,0
1905.0,20,2,1990,agent,0
710.0,23,3,232,facture,0
1975.0,20,6,632,particulier,0
6855.0,7,1,888,particulier,0
25681.0,11,9,1061,marchand,0
5375.0,8,2,205,particulier,0
40180.0,12,7,1699,marchand,0
4069.0,20,4,279,facture,0
1289.0,19,4,527,agent,0
9069.0,12,7,1394,marchand,0
2908.0,19,5,1349,agent,0
27735.0,16,7,2045,marchand,0
9729.0,12,9,1644,agent,1
11219.0,12,9,1468,marchand,0
4015.0,20,4,2385,particulier,0
1636.0,6,0,664,agent,0
4051.0,2,1,1568,particulier,0
7595.0,16,9,1472,marchand,0
6286.0,8,4,1667,agent,0
7284.0,9,3,1720,facture,0
2685.0,20,4,1138,particulier,0
3457.0,12,0,663,agent,0
4217.0,20,2,42,agent,0
12865.0,16,11,2107,marchand,0
3125.0,14,1,1084,facture,0
2316.0,13,1,1762,particulier,0
2078.0,23,3,258,particulier,0
14776.0,10,10,2324,marchand,0
15179.0,17,10,1984,marchand,0
1717.0,12,3,2313,particulier,0
4651.0,20,7,2146,particulier,0
16272.0,11,6,2024,marchand,0
4772.0,23,6,2048,particulier,0
3691.0,12,0,41,particulier,0
2189.0,7,3,20,particulier,0
1476.0,18,3,201,particulier,0
21248.0,18,7,1351,marchand,0
16894.0,16,8,1339,marchand,0
20390.0,16,8,2392,marchand,0
15120.0,15,8,1829,marchand,0
13207.0,14,11,2355,marchand,0
7304.0,18,4,802,agent,0
8646.0,5,3,2199,particulier,0
960.0,21,4,1906,particulier,0
2954.0,13,4,269,particulier,0
1966.0,19,3,2044,particulier,0
15022.0,12,10,10,marchand,0
4077.0,10,3,148,particulier,0
22998.0,17,4,1036,marchand,0
2282.0,21,1,1410,particulier,0
7824.0,17,4,1518,facture,0
4712.0,19,5,8,particulier,0
1205.0,21,4,129,particulier,0
17260.0,9,12,2054,marchand,0
5268.0,21,5,1189,particulier,0
2464.0,14,5,438,particulier,0
1480.0,23,2,2399,particulier,0
1847.0,8,2,1593,agent,0
2227.0,12,6,661,particulier,0
3141.0,23,1,803,particulier,0
8024.0,12,8,1872,marchand,0
10730.0,12,4,763,marchand,0
43600.0,13,3,320,marchand,0
6560.0,15,3,1404,marchand,0
2039.0,19,3,1465,agent,0
14923.0,13,6,2155,marchand,0
13526.0,8,7,45,marchand,0
29925.0,11,11,2334,marchand,0
26811.0,15,7,1765,marchand,0
11098.0,17,5,300,particulier,0
5304.0,23,3,128,particulier,0
7570.0,11,8,594,marchand,0
16261.0,16,9,2102,marchand,0
926.0,7,1,151,particulier,0
40253.0,13,6,1673,marchand,0
6198.0,12,4,84,particulier,0
12815.0,20,4,2119,marchand,0
16642.0,9,3,1091,particulier,0
7213.0,8,2,26,particulier,0
23307.0,6,1,1905,particulier,0
2929.0,22,3,848,facture,0
4506.0,9,6,846,agent,0
13213.0,8,8,1347,marchand,0
457.0,11,3,2365,agent,0
818.0,7,3,1944,particulier,0
2724.0,8,6,277,particulier,0
13315.0,14,5,993,marchand,0
1261.0,8,5,630,particulier,0
1170.0,9,1,1652,particulier,0
2319.0,10,4,1335,particulier,0
6323.0,6,2,2023,particulier,0
4426.0,20,1,1708,agent,0
3987.0,18,4,1258,particulier,0
2753.0,8,4,1531,particulier,0
14994.0,16,5,444,marchand,0
9271.0,21,3,1806,particulier,0
14356.0,13,4,1347,marchand,0
7679.0,11,3,273,facture,0
5019.0,14,3,2075,particulier,0
32483.0,10,6,1683,marchand,0
1389.0,19,3,542,agent,0
10926.0,11,3,2078,marchand,0
5836.0,23,7,1439,particulier,0
11616.0,19,1,1772,agent,0
12249.0,12,5,2294,marchand,0
1463.0,18,2,1292,particulier,0
16513.0,14,1,523,marchand,0
7021.0,13,9,1568,marchand,0
3708.0,12,5,2297,agent,0
5156.0,21,2,469,particulier,0
2089.0,8,4,253,particulier,0
4755.0,9,2,1654,particulier,0
13604.0,13,6,1685,marchand,0
9048.0,10,2,867,particulier,0
5243.0,18,5,2300,particulier,0
7907.0,12,6,2102,marchand,0
12141.0,17,7,1318,marchand,0
1391.0,9,5,11,particulier,0
17567.0,13,12,161,marchand,0
1707.0,16,2,347,particulier,0
4149.0,21,3,2061,agent,0
6775.0,16,9,278,marchand,0
1521.0,20,3,22,particulier,0
14128.0,10,6,612,marchand,0
1804.0,12,5,1047,particulier,0
28049.0,15,5,2163,marchand,0
8803.0,21,3,663,particulier,0
4472.0,6,2,1236,particulier,0
5692.0,23,3,1935,particulier,0
6883.0,11,4,474,particulier,0
20500.0,15,5,636,marchand,0
25314.0,14,5,2228,marchand,0
2160.0,15,4,261,facture,0
13889.0,15,6,945,marchand,0
18487.0,17,8,164,marchand,0
34699.0,16,6,1421,marchand,0
5178.0,10,6,631,particulier,0
2913.0,20,5,509,facture,0
16079.0,14,6,586,marchand,0
1472.0,9,3,1990,particulier,0
17535.0,16,7,775,marchand,0
17148.0,13,5,1724,marchand,0
9792.0,13,7,1441,marchand,0
5521.0,13,7,1038,marchand,0
12450.0,17,0,836,agent,0
2503.0,21,3,922,particulier,0
6580.0,20,2,1648,particulier,0
9827.0,14,9,1051,marchand,0
2182.0,10,5,1492,particulier,0
2759.0,8,2,1286,particulier,0
4457.0,15,4,308,marchand,0
3981.0,22,6,925,particulier,0
1201.0,21,6,96,agent,0
2220.0,5,6,338,particulier,0
2379.0,21,8,2314,particulier,0
13590.0,12,9,2003,marchand,0
6348.0,15,7,361,marchand,0
3964.0,5,2,2067,facture,0
8298.0,13,5,566,marchand,0
3355.0,20,3,1637,agent,0
4867.0,7,6,928,marchand,0
10983.0,20,4,748,particulier,0
1798.0,22,4,1192,agent,0
11779.0,13,11,2143,marchand,0
2231.0,13,12,1948,marchand,1
20087.0,14,12,1091,marchand,0
16629.0,13,5,2276,marchand,0
4893.0,9,2,2191,particulier,0
17416.0,10,9,124,marchand,0
5791.0,19,3,1331,particulier,0
4882.0,16,3,1548,particulier,0
4467.0,19,6,558,agent,0
1931.0,19,6,294,particulier,0
2161.0,20,2,1609,particulier,0
2209.0,19,3,2350,particulier,0
3216.0,7,2,1299,particulier,0
6676.0,19,5,1178,agent,0
35625.0,13,8,280,marchand,0
16165.0,19,7,512,marchand,0
3007.0,16,4,67,particulier,0
48303.0,11,9,2340,marchand,0
27499.0,13,9,1514,marchand,0
3670.0,8,4,90,particulier,0
3482.0,11,4,1265,particulier,0
13773.0,11,10,471,marchand,0
8469.0,11,3,1230,marchand,0
8831.0,13,6,231,marchand,0
10138.0,13,6,1216,marchand,0
9420.0,23,4,1061,particulier,0
9369.0,14,5,1369,marchand,0
5126.0,10,5,814,particulier,0
20034.0,12,9,2163,marchand,0
9697.0,16,5,2324,marchand,0
968.0,23,4,341,agent,0
14158.0,17,5,1781,marchand,0
1977.0,21,4,179,agent,0
13928.0,9,9,1371,marchand,0
3920.0,18,2,100,particulier,0
22911.0,16,4,1432,marchand,0
6024.0,8,3,387,particulier,0
13100.0,6,5,328,marchand,0
8095.0,12,8,1809,marchand,0
246.0,20,3,338,particulier,0
42822.0,12,7,190,marchand,0
5194.0,11,3,726,marchand,0
16512.0,18,13,96,marchand,0
9147.0,15,6,1665,marchand,0
24663.0,18,5,1862,marchand,0
2806.0,23,4,1103,particulier,0
12274.0,18,5,645,marchand,0
14771.0,16,8,640,marchand,0
1147.0,19,1,1188,particulier,0
13152.0,10,9,2273,marchand,0
1136.0,19,4,1534,particulier,0
31875.0,13,9,915,marchand,0
17728.0,14,8,1484,marchand,0
2838.0,11,1,1975,particulier,0
4842.0,9,0,618,particulier,0
15285.0,16,7,2248,marchand,0
2515.0,21,4,834,particulier,0
8643.0,19,7,623,agent,0
943.0,20,4,375,particulier,0
3215.0,19,0,1931,facture,0
624.0,13,4,1730,particulier,0
5619.0,11,4,1539,marchand,0
12244.0,14,5,47,marchand,0
3727.0,8,4,1233,particulier,0
43174.0,11,9,429,marchand,0
5286.0,23,3,969,facture,0
8206.0,15,5,2378,marchand,0
23772.0,13,13,934,marchand,0
8900.0,14,3,1154,marchand,0
1964.0,12,8,1748,marchand,1
5431.0,9,2,149,particulier,0
6124.0,14,5,1312,marchand,0
22448.0,14,3,172,marchand,0
31150.0,14,4,1952,marchand,0
9528.0,10,8,1532,marchand,0
20098.0,9,7,1900,marchand,0
907.0,8,3,1244,agent,0
2143.0,21,0,1368,particulier,0
4130.0,22,1,1796,particulier,0
1878.0,21,3,1140,agent,0
8346.0,8,0,1122,particulier,0
19174.0,12,10,2032,marchand,0
14330.0,12,11,1352,marchand,0
17364.0,19,2,2132,marchand,0
3539.0,23,4,548,agent,0
2847.0,12,1,563,particulier,0
9151.0,19,2,1559,agent,0
18184.0,15,10,1675,marchand,0
751.0,20,6,2387,agent,0
15236.0,15,7,1900,marchand,0
17868.0,15,6,434,marchand,0
1551.0,20,3,262,particulier,0
11132.0,12,3,1934,particulier,0
7099.0,20,2,1160,particulier,0
17023.0,11,2,905,marchand,0
4942.0,14,7,2364,marchand,0
9484.0,13,8,2058,marchand,0
14584.0,13,8,1410,marchand,0
1416.0,18,3,1984,particulier,0
3651.0,16,2,1718,agent,0
1084.0,21,4,1206,particulier,0
14325.0,8,5,611,marchand,0
11173.0,17,13,971,marchand,0
3734.0,10,3,1405,agent,0
30567.0,11,7,1124,marchand,0
23783.0,10,6,1770,marchand,0
3617.0,11,5,1903,marchand,0
4581.0,11,4,1807,marchand,0
20163.0,16,3,1628,marchand,0
30626.0,16,8,607,marchand,0
12510.0,14,10,839,marchand,0
5163.0,10,4,2143,marchand,0
11222.0,14,11,767,marchand,0
2347.0,19,4,1119,particulier,0
8301.0,23,8,455,particulier,0
4199.0,21,1,219,agent,0
4584.0,16,7,164,marchand,0
7018.0,20,6,635,particulier,0
13879.0,14,7,2373,marchand,0
13886.0,14,9,2210,marchand,0
14932.0,19,4,1961,marchand,0
9380.0,23,5,1861,particulier,0
12496.0,11,7,908,particulier,0
8577.0,6,2,2194,agent,0
19198.0,13,17,2101,marchand,0
11510.0,10,12,2393,marchand,0
1020.0,21,7,1335,particulier,0
6527.0,22,1,2027,particulier,0
14699.0,16,10,216,marchand,0
8073.0,12,10,1780,marchand,0
2780.0,11,1,420,particulier,0
1997.0,6,3,828,particulier,0
1537.0,20,2,495,particulier,0
6175.0,8,4,1175,particulier,0
10756.0,12,4,1098,marchand,0
5974.0,17,3,963,particulier,0
6366.0,23,2,1572,agent,0
6431.0,16,9,1969,marchand,0
2241.0,17,4,1498,agent,0
5167.0,9,3,759,particulier,0
990.0,5,3,1149,particulier,0
15510.0,14,11,1899,marchand,0
1675.0,22,3,398,particulier,0
851.0,10,2,2183,particulier,0
3664.0,16,5,2399,agent,0
9943.0,19,2,910,particulier,0
15406.0,13,2,146,marchand,0
4481.0,19,6,1744,particulier,0
42075.0,12,6,2077,marchand,0
925.0,21,2,311,agent,0
1030.0,8,3,801,agent,0
3521.0,9,6,428,particulier,0
3449.0,14,3,1855,particulier,0
2806.0,21,1,1427,agent,0
7831.0,11,5,2201,marchand,0
2129.0,19,2,1962,particulier,0
24250.0,15,8,150,marchand,0
6254.0,10,2,91,particulier,0
33261.0,12,7,1964,marchand,0
14405.0,13,8,1483,marchand,0
4691.0,13,8,1434,marchand,0
9018.0,17,11,1928,marchand,0
2793.0,20,5,1938,particulier,0
1546.0,18,2,2271,agent,0
5401.0,12,14,1676,marchand,1
3583.0,20,2,878,particulier,0
25930.0,16,5,1224,marchand,0
2508.0,8,4,2009,particulier,0
31199.0,14,7,985,marchand,0
2797.0,14,11,1165,marchand,1
5031.0,10,3,834,particulier,0
3438.0,10,3,1715,agent,0
11491.0,19,10,2305,marchand,0
15803.0,10,8,1987,marchand,0
577.0,18,3,254,facture,0
1341.0,18,6,84,particulier,0
14838.0,10,9,2333,marchand,0
13038.0,14,9,1238,marchand,0
2489.0,8,3,744,agent,0
1814.0,8,0,1175,particulier,0
19798.0,15,9,1828,marchand,0
755.0,13,4,1602,agent,0
2745.0,23,2,1895,particulier,0
3225.0,18,2,2012,particulier,0
8015.0,21,1,869,particulier,0
26806.0,10,7,732,marchand,0
869.0,5,6,1268,agent,0
19901.0,14,6,122,marchand,0
4462.0,22,1,862,particulier,0
1207.0,20,1,421,agent,0
11032.0,21,2,673,particulier,0
4418.0,9,2,114,agent,0
3506.0,10,1,472,particulier,0
13479.0,11,7,812,marchand,0
2424.0,22,5,813,particulier,0
51860.0,17,13,1578,marchand,0
3031.0,9,2,1531,particulier,0
32014.0,20,3,2263,particulier,0
5973.0,22,1,1245,particulier,0
2659.0,20,3,862,particulier,0
5257.0,22,4,254,agent,0
2381.0,19,3,513,particulier,0
3736.0,23,3,1543,particulier,0
2457.0,23,3,1585,agent,0
14931.0,22,5,1712,agent,0
18545.0,14,5,306,marchand,0
3609.0,12,3,330,agent,0
1394.0,19,6,1073,facture,0
9218.0,12,5,937,marchand,0
32865.0,12,5,1905,marchand,0
5994.0,9,5,1603,agent,0
989.0,19,3,2329,agent,0
4727.0,19,4,1610,particulier,0
3848.0,21,2,1318,particulier,0
2095.0,19,1,720,particulier,0
30354.0,13,4,1093,marchand,0
728.0,23,7,470,particulier,0
12268.0,17,9,2174,marchand,0
6922.0,15,2,941,marchand,0
7314.0,10,10,301,marchand,0
2379.0,22,3,2183,particulier,0
3836.0,18,2,1870,particulier,0
11001.0,20,3,309,particulier,0
2910.0,9,4,2380,particulier,0
2081.0,22,4,843,particulier,0
12785.0,12,9,2244,marchand,0
1915.0,19,3,1020,agent,0
22794.0,15,6,778,marchand,0
7344.0,9,6,784,marchand,0
17307.0,20,12,790,marchand,0
30623.0,9,1,315,marchand,0
39041.0,14,10,1827,marchand,0
8023.0,18,10,928,particulier,0
6699.0,10,1,331,agent,0
6981.0,20,4,1933,particulier,0
19939.0,17,7,2249,marchand,0
16032.0,10,4,1881,marchand,0
2821.0,6,4,1327,agent,0
22122.0,19,1,1241,particulier,0
3101.0,20,5,1828,particulier,0
5418.0,23,4,1268,particulier,0
9089.0,15,9,1647,marchand,0
11152.0,15,6,220,marchand,0
626.0,22,1,1878,particulier,0
2739.0,10,3,64,particulier,0
12937.0,19,10,1917,marchand,0
10611.0,13,4,819,marchand,0
5325.0,23,3,1310,particulier,0
22593.0,19,7,2271,marchand,0
37500.0,18,5,818,marchand,0
24793.0,14,13,1593,marchand,0
1808.0,10,3,622,particulier,0
2483.0,21,5,694,agent,0
1131.0,12,2,657,particulier,0
1551.0,9,3,616,particulier,0
2494.0,8,4,713,particulier,0
1226.0,5,5,945,particulier,0
6613.0,5,3,1477,particulier,0
4221.0,11,2,327,particulier,0
14010.0,14,5,1116,marchand,0
16302.0,21,4,1263,particulier,0
6901.0,21,1,1352,particulier,0
8206.0,15,8,2382,marchand,0
845.0,14,2,404,agent,0
6792.0,21,1,826,particulier,0
4466.0,18,7,693,marchand,0
6103.0,11,5,29,particulier,0
2452.0,23,2,1835,particulier,0
15252.0,23,2,57,facture,0
1353.0,18,2,445,agent,0
1309.0,20,7,1285,particulier,0
855.0,20,2,2071,particulier,0
3152.0,9,5,1435,particulier,0
8706.0,8,3,1408,particulier,0
15613.0,14,6,2038,marchand,0
5387.0,9,0,1596,particulier,0
14889.0,16,8,1486,marchand,0
37189.0,14,3,1062,marchand,0
10099.0,14,6,1469,marchand,0
14972.0,23,3,2052,particulier,0
11674.0,15,8,1184,marchand,0
7019.0,19,4,121,particulier,0
2762.0,12,4,1813,particulier,0
17490.0,10,5,1402,marchand,0
13107.0,8,1,41,particulier,1
5294.0,17,7,57,particulier,0
5658.0,11,3,1888,marchand,0
12091.0,13,7,1869,marchand,0
9233.0,18,7,941,particulier,0
30319.0,14,9,273,marchand,0
1482.0,9,3,718,particulier,0
4734.0,6,4,555,particulier,0
17903.0,11,6,1302,marchand,0
10924.0,12,6,2000,marchand,0
5631.0,23,2,1899,particulier,0
10749.0,9,4,1775,marchand,0
9161.0,22,4,887,agent,0
38418.0,16,7,2305,marchand,0
611.0,8,2,530,particulier,0
1648.0,17,2,2205,particulier,0
1603.0,23,4,1852,agent,0
16643.0,16,7,849,marchand,0
21750.0,14,5,889,marchand,0
10701.0,12,2,948,particulier,0
30663.0,12,11,2252,marchand,0
2173.0,21,1,1453,particulier,0
2107.0,19,6,2265,particulier,0
4255.0,10,8,549,marchand,0
24119.0,13,5,2088,marchand,0
13241.0,11,9,631,marchand,0
3871.0,11,1,206,agent,0
11269.0,12,4,669,marchand,0
2380.0,8,6,366,particulier,0
4085.0,6,1,1656,agent,0
22078.0,17,7,524,marchand,0
11345.0,15,8,359,marchand,0
30488.0,19,1,300,facture,0
9951.0,18,12,2308,marchand,0
13073.0,11,6,2293,marchand,0
14330.0,16,10,864,marchand,0
5120.0,19,6,809,marchand,0
2889.0,19,3,41,particulier,0
2886.0,21,3,1070,particulier,0
22068.0,13,2,963,marchand,0
55348.0,9,8,1502,marchand,0
4572.0,20,3,2238,particulier,0
866.0,23,2,1666,particulier,0
31408.0,21,3,1104,particulier,0
2890.0,22,1,1932,particulier,0
1568.0,14,4,2074,particulier,0
18503.0,9,4,282,particulier,0
1067.0,21,3,1203,particulier,0
1534.0,6,4,739,facture,0
738.0,9,2,2396,particulier,0
804.0,22,1,2303,particulier,0
8067.0,14,8,464,marchand,0
3832.0,19,3,498,particulier,0
24714.0,19,3,1075,agent,0
32973.0,12,9,36,marchand,0
3125.0,15,9,763,marchand,0
2475.0,7,3,71,facture,0
63578.0,16,3,2079,marchand,0
3096.0,12,2,1748,particulier,0
1692.0,23,2,1979,particulier,0
10617.0,10,5,246,marchand,0
12393.0,15,10,479,marchand,0
2832.0,19,2,1740,particulier,0
4442.0,21,1,1894,agent,0
4182.0,6,1,210,particulier,0
3162.0,20,5,489,particulier,0
10877.0,13,8,443,marchand,0
8102.0,23,2,1487,particulier,0
2277.0,18,2,1650,facture,0
23747.0,12,6,909,marchand,0
5162.0,11,3,712,particulier,0
6831.0,18,4,1313,particulier,0
13193.0,16,5,1712,marchand,0
23304.0,14,6,1956,marchand,0
7295.0,18,3,611,particulier,0
2556.0,17,11,2234,marchand,1
925.0,10,6,1031,agent,0
11327.0,16,11,1385,marchand,0
9111.0,6,1,1078,agent,0
523.0,9,0,545,particulier,0
2133.0,23,5,1651,particulier,0
2508.0,23,5,986,agent,0
2633.0,7,2,1336,particulier,0
4202.0,13,5,1756,marchand,0
12967.0,16,3,888,marchand,0
3062.0,23,2,782,particulier,0
3916.0,19,2,917,particulier,0
5841.0,17,1,127,particulier,0
12581.0,14,8,778,marchand,0
5210.0,13,6,652,marchand,0
2102.0,7,6,1433,particulier,0
685.0,15,0,2078,particulier,0
2570.0,21,3,250,agent,0
5563.0,16,1,1951,particulier,0
550.0,18,1,753,particulier,0
11055.0,16,11,20,marchand,0
38075.0,15,4,152,marchand,0
1487.0,17,2,1562,particulier,0
1631.0,23,4,950,particulier,0
18384.0,14,9,1869,marchand,0
2787.0,20,7,763,particulier,0
7234.0,11,7,1279,marchand,0
6036.0,8,2,560,particulier,0
5942.0,22,3,2094,agent,0
14473.0,14,3,671,marchand,0
53003.0,18,9,448,marchand,0
4105.0,10,2,1024,agent,0
9314.0,14,9,661,marchand,0
11530.0,18,6,1065,marchand,0
31862.0,12,5,1662,marchand,0
16991.0,18,6,308,marchand,0
1521.0,20,1,1445,agent,0
1714.0,23,5,173,particulier,0
2725.0,19,5,1000,particulier,0
6419.0,11,12,1650,marchand,1
12854.0,12,8,1383,marchand,0
31805.0,15,8,2366,marchand,0
1018.0,22,2,1677,particulier,0
2297.0,22,2,2104,facture,0
18430.0,11,9,999,marchand,0
53578.0,16,10,538,marchand,0
13040.0,12,5,1312,marchand,0
5708.0,18,4,597,particulier,0
4391.0,14,11,1101,marchand,0
4443.0,20,3,566,particulier,0
1302.0,5,4,2067,particulier,0
10228.0,23,4,31,agent,1
11859.0,17,3,2309,marchand,0
695.0,7,5,1611,particulier,0
68970.0,17,3,457,marchand,0
12951.0,12,7,1699,marchand,0
21640.0,14,5,114,marchand,0
2397.0,21,3,1489,particulier,0
9213.0,14,7,748,marchand,0
3938.0,21,4,1927,agent,0
1005.0,11,2,2081,particulier,0
4625.0,23,4,610,particulier,0
8311.0,15,4,974,marchand,0
9257.0,21,2,681,agent,0
16507.0,16,9,310,marchand,0
2559.0,10,3,409,particulier,0
7474.0,15,8,72,marchand,0
1693.0,20,3,1276,particulier,0
4948.0,10,3,1736,particulier,0
2410.0,23,2,633,particulier,0
42563.0,15,4,1254,marchand,0
8606.0,13,4,1267,marchand,0
15839.0,19,4,2022,particulier,0
1912.0,21,4,27,particulier,0
13572.0,14,7,1992,marchand,0
848.0,19,4,293,particulier,0
17625.0,18,5,312,marchand,0
4539.0,16,2,40,particulier,0
799.0,13,2,1733,facture,0
3012.0,13,3,1111,particulier,0
3163.0,19,0,1733,agent,0
11960.0,22,1,1785,agent,0
2864.0,23,4,2147,agent,0
1457.0,8,6,1139,particulier,0
4545.0,12,1,205,particulier,0
4871.0,18,4,1561,particulier,0
26647.0,10,9,2349,marchand,0
3774.0,19,5,458,agent,0
7676.0,19,3,654,particulier,0
6843.0,13,2,2054,marchand,0
15619.0,15,6,2377,marchand,0
6776.0,19,8,1903,particulier,0
15385.0,14,6,2324,marchand,0
27459.0,11,7,1863,marchand,0
6654.0,9,5,518,particulier,0
871.0,23,3,1799,agent,0
26150.0,11,3,1209,marchand,0
3977.0,20,2,1502,particulier,0
2067.0,10,7,1600,particulier,0
17014.0,10,6,1740,marchand,0
2566.0,20,2,373,agent,0
11599.0,17,13,1153,marchand,0
14670.0,19,9,2295,marchand,0
1243.0,18,2,278,particulier,0
9492.0,8,7,779,marchand,0
21406.0,20,5,1199,facture,0
2349.0,19,2,472,particulier,0
29897.0,8,4,1221,particulier,0
12836.0,11,6,1075,marchand,0
2885.0,23,4,701,particulier,0
11442.0,14,10,2355,marchand,0
1067.0,8,2,2055,particulier,0
16828.0,15,7,228,marchand,0
9825.0,14,4,452,marchand,0
1749.0,13,2,1292,particulier,0
37339.0,12,5,1971,marchand,0
3926.0,20,1,2367,particulier,0
4959.0,23,4,2021,agent,0
21052.0,13,7,257,marchand,0
6488.0,11,2,985,marchand,0
5027.0,16,6,364,marchand,0
4398.0,9,4,2068,particulier,0
4166.0,23,5,1443,facture,0
1367.0,11,3,2349,particulier,0
2888.0,10,3,2245,particulier,0
1055.0,12,4,1353,agent,0
17422.0,10,5,2286,marchand,0
2137.0,8,3,830,particulier,0
1698.0,17,7,809,particulier,0
3852.0,23,4,2199,particulier,0
12108.0,13,3,507,particulier,0
1438.0,11,5,879,particulier,0
3377.0,18,0,1521,agent,0
5463.0,7,6,464,particulier,0
32373.0,17,3,2261,marchand,0
43507.0,13,8,83,marchand,0
5584.0,7,4,1055,agent,0
15627.0,14,10,621,marchand,0
8690.0,23,4,1634,particulier,0
2684.0,21,1,2021,particulier,0
4188.0,23,4,1525,particulier,0
10186.0,13,3,95,agent,0
3289.0,19,6,618,agent,0
10673.0,13,12,1742,marchand,0
10955.0,16,6,2077,marchand,0
37113.0,13,3,1594,marchand,0
35681.0,12,8,1576,marchand,0
832.0,23,7,1282,particulier,0
13560.0,22,4,2172,marchand,0
36459.0,10,4,1292,marchand,0
6875.0,11,4,1746,marchand,0
592.0,19,5,464,particulier,0
1502.0,18,2,1117,particulier,0
1107.0,8,2,1837,particulier,0
10273.0,14,5,556,marchand,0
2878.0,11,1,1703,particulier,0
22237.0,16,12,2375,marchand,0
2079.0,15,5,942,particulier,0
57090.0,14,3,1750,marchand,0
3931.0,17,3,71,particulier,0
2958.0,22,2,600,facture,0
3340.0,16,2,1303,particulier,0
1546.0,23,3,1175,particulier,0
3301.0,23,2,1888,particulier,0
16498.0,11,4,1511,marchand,0
18276.0,17,9,1547,marchand,0
2338.0,23,4,993,particulier,0
9078.0,13,9,2205,marchand,0
6990.0,15,4,768,marchand,0
26502.0,13,10,1513,marchand,0
9989.0,9,6,198,marchand,0
7169.0,6,4,1549,particulier,0
4519.0,23,5,2047,facture,0
11465.0,17,10,2329,marchand,0
1460.0,9,5,2164,particulier,0
20672.0,23,3,754,agent,0
1853.0,10,2,117,particulier,0
1556.0,23,6,135,particulier,0
20469.0,13,6,1433,marchand,0
5165.0,19,3,934,particulier,0
1785.0,11,3,897,particulier,0
12221.0,12,5,334,marchand,0
22080.0,15,7,598,marchand,0
9112.0,14,13,146,marchand,0
28770.0,13,3,1077,marchand,0
19046.0,14,6,1507,marchand,0
9466.0,20,5,1981,agent,0
6958.0,14,5,745,agent,0
28103.0,16,10,2307,marchand,0
3466.0,9,2,1413,particulier,0
19401.0,13,4,1519,marchand,0
16038.0,16,10,1080,marchand,0
12585.0,15,8,1230,marchand,0
6674.0,16,5,1478,marchand,0
4866.0,22,4,1717,particulier,0
4958.0,8,8,1908,particulier,0
1520.0,10,1,1466,particulier,0
4561.0,11,4,1689,marchand,0
26580.0,16,7,485,marchand,0
4270.0,20,3,1728,particulier,0
24639.0,14,2,143,marchand,0
7771.0,21,3,1953,facture,0
6810.0,14,4,1160,particulier,0
2187.0,19,3,1838,agent,0
21672.0,18,3,775,particulier,0
3944.0,23,2,1114,agent,0
1619.0,10,2,803,particulier,0
3544.0,21,3,1942,particulier,0
5113.0,15,3,857,marchand,0
8250.0,11,7,1733,marchand,0
7021.0,15,9,1298,marchand,0
1883.0,21,2,1661,particulier,0
13761.0,15,4,1707,marchand,0
12926.0,8,9,1207,marchand,0
9917.0,14,7,1696,marchand,0
1731.0,20,2,305,particulier,0
11113.0,16,2,452,facture,0
5540.0,18,6,1635,particulier,0
28531.0,13,4,112,marchand,0
13390.0,17,8,2210,marchand,0
17320.0,23,3,1804,particulier,0
52637.0,12,5,1140,marchand,0
2822.0,9,3,1901,particulier,0
8643.0,15,7,1198,marchand,0
12039.0,17,7,2058,marchand,0
10198.0,10,6,233,marchand,0
15029.0,20,2,1355,particulier,0
19821.0,15,9,2011,marchand,0
42712.0,12,5,771,marchand,0
17396.0,8,2,311,agent,0
1451.0,20,1,1817,particulier,0
14531.0,13,7,759,marchand,0
2817.0,10,4,2287,particulier,0
10144.0,14,5,416,marchand,0
2107.0,18,1,112,particulier,0
28007.0,15,12,2093,marchand,0
35029.0,7,3,656,particulier,0
4345.0,13,10,1279,marchand,0
7702.0,17,1,2296,agent,0
19019.0,23,4,1510,particulier,0
7044.0,21,6,293,agent,0
6326.0,15,7,1563,marchand,0
3427.0,21,1,2053,agent,0
3497.0,9,5,1191,particulier,0
9796.0,12,4,1549,marchand,0
18866.0,9,8,643,marchand,0
1873.0,18,7,440,particulier,0
3327.0,11,13,2255,marchand,1
1056.0,19,2,1270,particulier,0
17046.0,23,2,2164,agent,0
6361.0,17,4,1414,facture,0
9540.0,8,9,1629,marchand,0
1339.0,23,1,879,agent,0
15127.0,17,11,921,marchand,0
4991.0,23,2,1941,particulier,0
25746.0,16,7,1317,marchand,0
13249.0,17,8,442,marchand,0
4143.0,13,6,1660,marchand,0
8292.0,22,3,2003,particulier,0
2052.0,22,1,2369,particulier,0
7041.0,14,8,1608,marchand,0
699.0,11,3,1353,agent,0
1997.0,7,3,1146,particulier,0
12695.0,14,6,2311,marchand,0
9364.0,12,5,2268,marchand,0
6151.0,7,9,1668,marchand,0
17867.0,16,12,991,marchand,0
1878.0,22,3,1370,particulier,0
2168.0,19,5,1486,particulier,0
4544.0,8,3,2174,particulier,0
3824.0,23,3,2093,particulier,0
3053.0,13,2,1401,marchand,0
812.0,22,2,1373,facture,0
6982.0,12,11,976,marchand,0
20441.0,21,4,844,particulier,0
8383.0,15,15,966,marchand,0
11407.0,16,10,1362,marchand,0
12215.0,16,6,2347,marchand,0
1324.0,16,4,2051,particulier,0
21774.0,14,5,842,marchand,0
30953.0,13,10,1901,marchand,0
9868.0,13,3,1330,marchand,0
15041.0,15,11,1596,marchand,0
526.0,11,2,846,particulier,0
641.0,11,6,2320,particulier,0
5009.0,18,5,308,marchand,0
1719.0,11,5,2027,agent,0
14424.0,14,10,1596,marchand,0
4089.0,23,4,958,particulier,0
6346.0,10,5,436,particulier,0
2639.0,22,2,893,particulier,0
5225.0,23,3,2379,particulier,0
439.0,20,6,1666,particulier,0
2947.0,18,3,1475,agent,0
2228.0,21,2,1692,particulier,0
7021.0,18,9,1672,marchand,0
9647.0,7,1,1230,agent,0
3854.0,10,5,997,particulier,0
3246.0,23,3,2305,particulier,0
15420.0,13,7,532,marchand,0
37977.0,11,6,357,marchand,0
1231.0,11,4,2094,particulier,0
4285.0,10,6,2382,particulier,0
8008.0,17,2,1239,facture,0
978.0,20,7,568,agent,0
5765.0,21,2,847,particulier,0
26925.0,16,5,1679,marchand,0
15782.0,7,6,177,marchand,0
16382.0,21,5,122,particulier,0
2123.0,19,2,1942,particulier,0
65860.0,13,8,821,marchand,0
13025.0,14,9,142,marchand,0
19588.0,14,6,533,marchand,0
4601.0,11,4,2019,particulier,0
7873.0,11,9,2025,agent,0
3161.0,20,7,1060,particulier,0
14527.0,12,8,2192,marchand,0
9141.0,12,5,198,marchand,0
9793.0,5,3,1831,agent,0
35675.0,14,4,2343,marchand,0
15507.0,17,12,735,marchand,0
14058.0,13,6,2049,marchand,0
28565.0,12,10,917,marchand,0
1345.0,22,4,1330,agent,0
5248.0,14,8,1794,marchand,0
697.0,11,5,716,particulier,0
3759.0,23,4,808,particulier,0
1056.0,12,2,841,agent,0
14272.0,20,3,376,particulier,0
3543.0,8,2,1000,agent,0
1664.0,21,2,1877,particulier,0
29380.0,14,9,946,marchand,0
19430.0,12,6,1308,marchand,0
8529.0,17,7,1113,marchand,0
1140.0,23,4,662,particulier,0
7484.0,9,8,13,marchand,0
3633.0,11,2,1020,particulier,0
4077.0,23,3,458,particulier,0
1717.0,9,6,1909,particulier,0
7800.0,12,10,879,marchand,0
13171.0,9,6,2094,marchand,0
3003.0,20,5,42,agent,0
1007.0,11,2,619,particulier,0
4182.0,20,6,1454,facture,0
4347.0,19,3,803,facture,0
27041.0,15,12,1383,marchand,0
3752.0,18,5,653,agent,0
8639.0,14,7,380,marchand,0
26429.0,6,5,2092,particulier,0
21321.0,14,8,789,marchand,0
23589.0,18,1,2261,facture,0
10906.0,16,5,2158,marchand,0
7960.0,21,4,570,particulier,0
4848.0,10,2,998,agent,0
4348.0,23,4,1477,particulier,0
2266.0,21,4,1034,particulier,0
9785.0,12,6,2062,marchand,0
10173.0,12,9,2021,marchand,0
983.0,9,2,2081,particulier,0
8779.0,7,3,1064,particulier,0
31036.0,15,11,1412,marchand,0
8660.0,19,1,93,particulier,0
11905.0,12,9,179,marchand,0
743.0,23,3,2194,particulier,0
2096.0,16,2,440,facture,0
6311.0,22,4,135,particulier,0
1240.0,11,4,2145,particulier,0
24017.0,13,10,2371,marchand,0
13470.0,12,9,1307,marchand,0
17626.0,14,8,2066,marchand,0
11328.0,6,10,369,marchand,0
1423.0,21,2,698,particulier,0
32722.0,17,5,1156,marchand,0
791.0,19,2,775,particulier,0
14464.0,11,10,1669,marchand,0
3993.0,19,1,1035,particulier,0
20063.0,15,7,234,marchand,0
3104.0,19,0,2180,particulier,0
12951.0,20,4,1623,particulier,0
28269.0,11,7,25,marchand,0
1511.0,10,3,1332,agent,0
1946.0,20,7,1460,facture,0
3596.0,20,3,30,facture,0
10312.0,16,10,2060,marchand,0
1551.0,21,1,1603,facture,0
39903.0,10,6,331,marchand,0
8865.0,15,7,419,marchand,0
1444.0,10,4,1431,particulier,0
2664.0,22,4,2151,particulier,0
14175.0,18,3,1963,particulier,0
5512.0,21,3,1223,particulier,0
5629.0,21,3,2360,particulier,0
15875.0,14,5,884,marchand,0
8579.0,6,2,805,agent,0
3436.0,14,1,1393,agent,0
6542.0,20,2,752,agent,0
4174.0,11,7,1167,marchand,0
1176.0,9,3,373,particulier,0
5167.0,11,4,985,marchand,0
11020.0,16,9,234,marchand,0
4924.0,19,8,409,particulier,0
1313.0,8,3,2398,facture,0
2609.0,18,1,1409,particulier,0
2337.0,9,2,2393,particulier,0
8246.0,21,4,2199,agent,0
14209.0,15,10,1335,marchand,0
32927.0,14,8,1171,marchand,0
12723.0,19,7,1042,marchand,0
7661.0,13,8,2216,marchand,0
45175.0,16,7,1588,marchand,0
12001.0,14,7,2388,marchand,0
25470.0,16,4,1097,marchand,0
2424.0,20,1,1884,particulier,0
15004.0,16,6,1382,marchand,0
10251.0,19,4,399,particulier,0
2178.0,11,4,45,particulier,0
1642.0,22,2,1781,particulier,0
21358.0,13,8,718,marchand,0
29066.0,11,9,1691,marchand,0
19321.0,17,5,807,marchand,0
3938.0,19,2,2163,particulier,0
8702.0,16,3,2138,particulier,0
6022.0,18,3,1215,particulier,0
23284.0,15,5,1427,marchand,0
19101.0,17,8,1809,marchand,0
10985.0,16,4,98,marchand,0
5562.0,10,7,932,marchand,0
6738.0,8,5,1232,marchand,0
4606.0,19,2,2054,particulier,0
15072.0,8,7,1260,marchand,0
13911.0,9,2,1053,particulier,0
10382.0,10,5,358,marchand,0
20745.0,16,2,1000,marchand,0
3202.0,22,4,136,particulier,0
1620.0,10,5,2027,particulier,0
35513.0,12,5,2257,marchand,0
14782.0,11,9,2305,marchand,0
23633.0,13,7,1237,marchand,0
71678.0,13,8,710,marchand,0
933.0,11,4,2043,facture,0
3021.0,17,4,1275,particulier,0
6179.0,21,2,482,particulier,0
9338.0,14,6,1601,marchand,0
8365.0,18,3,593,agent,0
722.0,23,7,1530,particulier,0
9250.0,22,2,2160,particulier,0
2085.0,23,6,103,particulier,0
2142.0,17,3,1806,particulier,0
7555.0,14,6,11,marchand,0
11309.0,13,4,1048,marchand,0
10942.0,19,4,1424,marchand,0
2980.0,5,6,622,particulier,0
482.0,11,5,2227,particulier,0
18455.0,10,5,811,marchand,0
7694.0,12,3,1177,particulier,0
1326.0,8,1,2221,particulier,0
2925.0,21,3,2140,agent,0
2264.0,20,3,844,particulier,0
1953.0,8,1,1435,particulier,0
5014.0,13,5,1836,marchand,0
6333.0,19,2,1342,particulier,0
18154.0,10,9,1191,marchand,0
12297.0,13,3,939,marchand,0
10366.0,15,5,1717,marchand,0
3385.0,12,6,1500,particulier,0
1160.0,10,2,1036,particulier,0
2321.0,21,3,562,particulier,0
3899.0,15,11,1885,marchand,0
20653.0,16,10,1375,marchand,0
4085.0,20,1,223,particulier,0
6620.0,8,3,1699,particulier,0
1772.0,22,5,2284,particulier,0
9865.0,11,5,592,marchand,0
2559.0,11,4,638,particulier,0
57840.0,15,7,2313,marchand,0
2698.0,21,5,1857,particulier,0
6062.0,15,8,2368,marchand,0
5088.0,11,3,1207,agent,0
2684.0,9,1,1352,agent,0
1234.0,13,7,1656,particulier,0
22839.0,10,5,1072,marchand,0
3874.0,21,5,1383,particulier,0
7528.0,12,6,790,particulier,0
2460.0,9,4,1262,particulier,0
18198.0,17,9,1529,marchand,0
1406.0,9,4,437,particulier,0
4620.0,5,6,2194,agent,0
3341.0,8,5,454,particulier,0
23251.0,10,8,2274,marchand,0
13147.0,16,6,1264,marchand,0
46816.0,16,4,1440,marchand,0
2542.0,9,5,1904,particulier,0
3212.0,15,9,240,marchand,0
448.0,11,0,542,particulier,0
2774.0,22,1,2069,facture,0
10806.0,9,0,1404,particulier,0
23318.0,15,3,299,marchand,0
2580.0,11,2,780,facture,0
3937.0,21,3,1281,particulier,0
32549.0,16,2,576,marchand,0
2746.0,19,4,1921,particulier,0
3002.0,22,2,806,agent,0
5461.0,18,5,386,facture,0
68083.0,16,8,336,marchand,0
24725.0,15,10,849,marchand,0
2988.0,14,4,340,particulier,0
2249.0,18,2,2104,agent,0
27328.0,16,12,10,marchand,0
34524.0,15,4,2211,marchand,0
4527.0,14,3,1783,facture,0
11932.0,20,3,711,particulier,0
2265.0,23,3,2368,agent,0
2092.0,10,3,1491,particulier,0
5127.0,13,3,400,marchand,0
4349.0,18,4,835,agent,0
14259.0,23,1,1248,particulier,0
4297.0,23,1,225,particulier,0
18173.0,15,2,142,marchand,0
869.0,23,3,815,particulier,0
5793.0,11,4,353,particulier,0
3110.0,3,4,557,agent,0
3663.0,17,3,284,particulier,0
12196.0,11,6,51,marchand,0
9758.0,21,3,1560,particulier,0
2104.0,11,5,388,particulier,0
2263.0,19,2,2068,facture,0
7605.0,15,7,2227,marchand,0
6335.0,23,2,2377,particulier,0
4172.0,11,2,147,agent,0
11853.0,5,3,1672,particulier,0
3073.0,9,4,325,particulier,0
1909.0,17,7,2187,particulier,0
1547.0,11,5,758,facture,0
3527.0,11,1,715,particulier,0
12800.0,18,4,1799,agent,0
68997.0,13,11,1918,marchand,0
6715.0,11,5,16,particulier,0
4015.0,7,3,982,agent,0
9122.0,19,6,2353,marchand,0
7144.0,10,5,974,facture,0
19530.0,17,14,2354,marchand,0
8271.0,10,8,436,marchand,0
48182.0,13,5,1924,marchand,0
8008.0,15,5,881,marchand,0
12535.0,13,5,2289,marchand,0
7780.0,10,11,1429,marchand,0
47610.0,12,5,1971,marchand,0
363.0,20,5,692,agent,0
6407.0,13,9,2175,marchand,0
4269.0,9,2,302,particulier,0
2756.0,8,12,2014,marchand,1
4391.0,11,4,982,particulier,0
4739.0,9,5,9,agent,0
9704.0,15,2,1865,marchand,0
5440.0,22,5,885,particulier,0
3732.0,6,6,1761,particulier,0
11830.0,14,12,389,marchand,0
6564.0,12,5,1893,marchand,0
4187.0,20,2,1487,particulier,0
16424.0,17,6,1914,marchand,0
9117.0,19,3,407,particulier,0
21651.0,9,7,30,marchand,0
1251.0,21,2,871,particulier,0
11408.0,9,1,2027,particulier,0
4759.0,6,3,1609,particulier,0
18389.0,16,9,1066,marchand,0
1845.0,23,2,2379,particulier,0
18253.0,9,4,1854,particulier,0
4484.0,23,2,1485,agent,0
4794.0,23,4,691,agent,0
893.0,21,4,1051,particulier,0
1621.0,21,6,1252,particulier,0
3423.0,19,3,862,agent,0
2043.0,19,2,1034,facture,0
1521.0,23,4,123,particulier,0
15233.0,11,7,2378,marchand,0
5411.0,14,9,631,marchand,0
2023.0,16,6,2091,particulier,0
2832.0,21,4,430,facture,0
5812.0,8,2,1718,particulier,0
1538.0,23,2,1255,particulier,0
6493.0,22,2,876,particulier,0
17694.0,11,5,1901,agent,0
3097.0,19,3,1778,facture,0
10504.0,10,6,1773,marchand,0
6092.0,7,3,520,particulier,0
21464.0,12,6,2365,marchand,0
7003.0,16,3,575,marchand,0
17313.0,14,8,2207,marchand,0
4114.0,23,2,1997,agent,0
7046.0,5,1,2032,agent,0
18234.0,14,6,323,marchand,0
10899.0,10,9,1845,marchand,0
1145.0,10,4,1268,particulier,0
12199.0,12,2,2382,marchand,0
8811.0,20,2,733,particulier,0
8880.0,16,4,742,marchand,0
16765.0,14,12,1219,marchand,0
5723.0,16,3,2300,agent,0
1462.0,20,1,279,particulier,0
5629.0,17,4,455,facture,0
19512.0,12,8,931,marchand,0
18973.0,14,3,1700,marchand,0
14472.0,17,9,784,marchand,0
4384.0,22,7,834,particulier,0
6790.0,10,5,396,agent,0
21423.0,11,6,2321,marchand,0
32282.0,18,10,1388,marchand,0
8602.0,21,1,837,particulier,0
512.0,9,5,433,particulier,0
5070.0,21,1,148,particulier,0
2728.0,21,5,1343,particulier,0
6330.0,23,2,425,agent,0
7957.0,12,5,309,marchand,0
9836.0,12,7,2255,marchand,0
885.0,11,3,341,agent,0
2544.0,20,2,156,particulier,0
9519.0,13,7,24,marchand,0
14781.0,18,7,1163,marchand,0
1497.0,17,4,1111,particulier,0
4675.0,20,4,423,facture,0
7995.0,14,5,1230,marchand,0
2568.0,23,1,1964,particulier,0
21493.0,16,11,1332,marchand,0
6177.0,13,5,910,marchand,0
4205.0,22,6,2358,particulier,0
1763.0,6,1,1386,particulier,0
6025.0,15,6,2172,marchand,0
27262.0,12,17,335,marchand,0
2071.0,19,3,1886,particulier,0
4946.0,17,5,1515,agent,0
1393.0,22,2,1456,particulier,0
1138.0,21,4,293,particulier,0
7079.0,17,6,1540,marchand,0
15781.0,12,8,66,marchand,0
23411.0,11,9,132,marchand,0
2201.0,23,2,1713,particulier,0
6417.0,11,12,1668,marchand,0
78760.0,9,1,2137,agent,1
15311.0,20,3,1074,particulier,0
57446.0,14,8,531,marchand,0
24484.0,16,8,307,marchand,0
21178.0,13,3,676,marchand,0
4497.0,21,3,1705,particulier,0
3108.0,17,1,353,marchand,1
28224.0,17,10,331,marchand,0
1070.0,10,1,1945,agent,0
10846.0,16,9,1824,marchand,0
35809.0,15,5,1803,marchand,0
22346.0,14,4,1871,marchand,0
8096.0,16,10,857,marchand,0
21024.0,16,7,285,marchand,0
1395.0,23,4,2273,particulier,0
3201.0,19,5,486,facture,0
17885.0,21,5,2334,particulier,0
18907.0,18,2,2054,particulier,0
9850.0,13,1,485,marchand,0
1792.0,18,4,2371,particulier,0
3392.0,15,3,2283,particulier,0
2968.0,23,6,488,particulier,0
33340.0,14,10,1605,marchand,0
3627.0,20,2,1353,particulier,0
13184.0,10,7,2309,marchand,0
6483.0,15,6,2259,marchand,0
6978.0,22,2,1755,particulier,0
12203.0,14,5,531,marchand,0
3427.0,7,0,805,agent,0
22019.0,17,10,532,marchand,0
14219.0,19,3,2290,particulier,0
7531.0,23,3,2198,agent,0
1073.0,10,2,1693,particulier,0
3193.0,13,3,1244,particulier,0
3823.0,15,5,588,particulier,0
7926.0,13,10,494,marchand,0
4948.0,22,0,1231,particulier,0
1991.0,21,2,2009,agent,0
16008.0,16,8,1221,marchand,0
3591.0,22,2,571,particulier,0
8958.0,14,3,496,particulier,0
2309.0,20,8,379,agent,0
38703.0,20,4,1200,facture,1
16344.0,12,3,2234,particulier,0
9576.0,13,7,271,marchand,0
2495.0,21,6,1602,particulier,0
3364.0,8,5,1643,particulier,0
7521.0,17,3,1645,agent,0
5348.0,8,4,1328,particulier,0
584.0,23,2,1350,particulier,0
836.0,18,4,825,particulier,0
2201.0,18,5,369,particulier,0
25759.0,15,15,368,marchand,0
4224.0,19,6,1570,agent,0
12799.0,16,7,532,marchand,0
8758.0,14,7,1581,marchand,0
6918.0,14,6,762,marchand,0
5243.0,22,3,957,particulier,0
20175.0,13,11,690,marchand,0
2430.0,23,3,1868,particulier,0
752.0,18,4,2117,particulier,0
8614.0,10,2,1470,particulier,0
2093.0,10,2,867,particulier,0
2109.0,20,4,236,particulier,0
3016.0,10,6,405,marchand,1
1887.0,23,2,579,particulier,0
10668.0,12,3,875,particulier,0
1574.0,20,2,53,agent,0
8859.0,12,13,75,marchand,0
1333.0,23,1,128,particulier,0
6809.0,13,9,1245,marchand,0
8126.0,15,6,1054,marchand,0
1259.0,9,0,1132,particulier,0
1128.0,18,3,560,particulier,0
5045.0,20,0,505,agent,0
5639.0,19,5,455,marchand,0
27034.0,12,9,339,marchand,0
4700.0,16,5,1237,marchand,0
3995.0,23,3,2008,particulier,0
3556.0,21,4,1401,agent,0
1881.0,8,2,1062,particulier,0
2607.0,8,6,1218,particulier,0
23409.0,16,6,1460,marchand,0
1727.0,17,1,1274,particulier,0
18890.0,15,2,1690,marchand,0
44333.0,14,5,1908,marchand,0
5813.0,8,10,814,particulier,0
11628.0,11,4,1758,particulier,0
23846.0,15,3,2168,marchand,0
1866.0,23,5,338,particulier,0
2856.0,4,3,1270,facture,0
12040.0,14,5,1481,marchand,0
17031.0,15,5,1603,marchand,0
856.0,7,2,1634,agent,0
5730.0,16,8,2152,marchand,0
12662.0,16,2,530,marchand,0
909.0,22,1,1861,particulier,0
695.0,8,4,2130,particulier,0
9411.0,14,9,1315,marchand,0
8512.0,16,3,1793,marchand,0
1676.0,4,5,821,particulier,0
1629.0,21,2,1821,agent,0
2072.0,22,2,1909,particulier,0
21218.0,14,7,180,marchand,0
613.0,17,2,586,particulier,0
4585.0,10,5,24,agent,0
4282.0,23,3,332,particulier,0
4159.0,8,4,2233,particulier,0
5807.0,8,4,204,particulier,0
24995.0,11,5,1389,marchand,0
843.0,19,6,449,particulier,0
12257.0,12,12,1802,marchand,0
4367.0,7,3,642,particulier,0
4017.0,10,3,1233,agent,0
11714.0,14,9,518,marchand,0
24659.0,12,8,2389,marchand,0
1408.0,21,1,190,particulier,0
32171.0,10,4,1818,marchand,0
11016.0,18,6,1933,marchand,0
13543.0,12,5,1739,marchand,0
828.0,16,2,1029,particulier,0
32585.0,10,7,1333,marchand,0
21145.0,12,2,526,marchand,0
1078.0,18,3,502,agent,0
7256.0,12,6,1091,marchand,0
1768.0,22,6,1676,particulier,0
21216.0,14,4,1569,marchand,0
7374.0,15,5,2371,marchand,0
792.0,23,4,88,agent,0
4595.0,17,2,1590,agent,0
8438.0,15,6,1371,marchand,0
2712.0,9,5,1910,particulier,0
3591.0,23,6,1703,particulier,0
805.0,9,2,1226,particulier,0
8577.0,14,5,2074,marchand,0
16199.0,13,10,1518,marchand,0
4643.0,23,1,1134,particulier,0
32258.0,14,6,651,marchand,0
14776.0,10,9,1693,marchand,0
2694.0,20,2,2096,particulier,0
5017.0,22,0,641,particulier,0
4558.0,20,5,974,agent,0
9674.0,11,6,89,marchand,0
1801.0,20,3,1454,particulier,0
22277.0,11,8,2092,marchand,0
21847.0,14,6,197,marchand,0
15171.0,14,4,2042,marchand,0
16587.0,14,5,360,marchand,0
2681.0,15,2,887,facture,0
1497.0,13,7,633,marchand,1
12575.0,8,6,1976,marchand,0
21449.0,12,8,1638,marchand,0
3823.0,10,3,48,particulier,0
21635.0,11,5,369,marchand,0
1108.0,19,5,2006,particulier,0
9060.0,18,8,490,marchand,0
7842.0,11,6,498,marchand,0
8166.0,15,14,647,marchand,0
1996.0,6,4,202,particulier,0
35106.0,13,8,280,marchand,0
3310.0,23,1,1266,particulier,0
1500.0,23,7,2122,facture,0
2163.0,7,3,892,agent,0
39332.0,12,9,1986,marchand,0
4792.0,18,3,1347,particulier,0
709.0,20,3,1733,particulier,0
1469.0,19,4,1478,facture,0
12113.0,15,3,1624,marchand,0
24372.0,14,7,2215,marchand,0
19934.0,11,4,2141,marchand,0
11353.0,17,6,1570,marchand,0
17726.0,13,6,330,marchand,0
3731.0,23,1,1331,agent,0
10454.0,19,5,889,particulier,0
34285.0,18,9,1494,marchand,0
5408.0,16,10,2369,marchand,0
22546.0,9,5,261,marchand,0
577.0,16,5,346,particulier,0
2025.0,22,5,1647,particulier,0
13149.0,15,10,348,marchand,0
4675.0,12,8,87,marchand,0
7611.0,22,1,1304,particulier,0
2033.0,20,3,50,particulier,0
3693.0,21,2,39,facture,0
954.0,23,3,1474,facture,0
3385.0,13,7,486,particulier,0
20503.0,11,4,1156,marchand,0
2872.0,8,5,1614,particulier,0
4382.0,12,3,244,particulier,0
9684.0,15,9,1828,marchand,0
5665.0,21,3,1698,particulier,0
13944.0,16,9,1171,marchand,0
5747.0,14,10,783,marchand,0
12917.0,13,11,508,marchand,0
10535.0,23,4,448,agent,0
6988.0,15,9,2218,marchand,0
9147.0,12,9,483,marchand,0
13563.0,10,11,1428,marchand,0
4583.0,14,6,68,marchand,0
5619.0,13,8,1285,marchand,0
1320.0,22,2,2378,particulier,0
12180.0,11,3,1139,marchand,0
8821.0,21,1,1133,agent,0
2180.0,9,7,1153,particulier,0
7429.0,13,4,1639,marchand,0
1076.0,23,3,1273,particulier,0
6178.0,11,4,260,marchand,0
5588.0,4,5,768,agent,0
2815.0,8,3,93,particulier,0
14543.0,11,8,2268,marchand,0
7079.0,18,3,1085,particulier,0
5788.0,13,11,1209,marchand,0
24723.0,11,6,118,marchand,0
8244.0,8,4,568,particulier,0
18991.0,7,5,1726,particulier,0
37625.0,14,4,188,marchand,0
3188.0,18,2,1355,particulier,0
7926.0,10,3,1305,facture,0
3953.0,19,1,2005,particulier,0
27934.0,15,5,1910,marchand,0
3055.0,5,3,1976,particulier,0
26396.0,13,11,1164,marchand,0
27541.0,17,6,1130,marchand,0
7198.0,18,3,395,marchand,0
19583.0,12,7,1728,marchand,0
5293.0,17,6,664,particulier,0
1437.0,19,2,992,agent,0
1740.0,23,1,308,particulier,0
30737.0,13,5,74,marchand,0
2761.0,8,4,192,particulier,0
36208.0,12,5,2201,marchand,0
5800.0,20,1,300,particulier,0
13895.0,10,6,1933,marchand,0
25079.0,14,3,1816,marchand,0
72594.0,10,5,801,marchand,0
753.0,10,3,38,agent,0
8585.0,20,3,453,particulier,0
5744.0,19,3,183,agent,0
4812.0,22,4,1831,particulier,0
2611.0,17,4,214,particulier,0
1710.0,7,2,36,agent,0
10424.0,14,6,1066,marchand,0
10782.0,23,4,495,particulier,0
1417.0,20,2,855,particulier,0
14487.0,9,7,677,marchand,0
980.0,22,3,1020,particulier,0
1157.0,6,3,1747,facture,0
23966.0,17,3,1708,marchand,0
17454.0,14,6,1067,marchand,0
19163.0,16,11,667,marchand,0
2407.0,19,2,1953,particulier,0
12150.0,16,9,2071,marchand,0
10643.0,11,7,198,marchand,0
4809.0,18,2,10,particulier,0
6290.0,13,4,252,marchand,0
2922.0,12,4,896,agent,0
2966.0,7,3,734,particulier,0
4689.0,15,10,1415,marchand,0
6760.0,11,0,1149,agent,0
196.0,18,1,1821,agent,0
20573.0,12,5,99,marchand,0
20706.0,14,7,1164,marchand,0
4422.0,18,3,1226,particulier,0
4669.0,15,7,1347,marchand,0
7408.0,16,3,1703,marchand,0
23794.0,15,6,209,marchand,0
1757.0,18,3,707,particulier,0
14245.0,11,17,8,marchand,0
7125.0,16,3,1267,marchand,0
1071.0,8,4,2178,facture,0
8810.0,16,6,1567,particulier,0
20000.0,11,6,471,marchand,0
7189.0,8,2,487,agent,0
12531.0,14,8,672,marchand,0
3195.0,19,4,484,particulier,0
3920.0,12,6,1192,facture,0
1293.0,17,2,949,particulier,0
2056.0,19,1,12,particulier,0
3807.0,7,3,481,particulier,0
639.0,22,4,1259,agent,0
738.0,6,2,2223,particulier,0
10586.0,18,4,623,particulier,0
5288.0,6,2,1495,particulier,0
3505.0,22,7,212,particulier,0
4411.0,18,5,1459,particulier,0
893.0,13,4,623,facture,0
7065.0,14,6,309,marchand,0
3550.0,8,5,1123,particulier,0
3317.0,8,2,364,particulier,0
2788.0,11,6,670,particulier,0
1619.0,8,3,53,particulier,0
16854.0,13,3,2073,marchand,0
5514.0,21,4,190,particulier,0
9611.0,6,1,181,particulier,0
24970.0,11,11,2219,marchand,0
21012.0,17,9,1080,marchand,0
14505.0,15,6,1720,marchand,0
23253.0,10,7,77,marchand,0
24706.0,14,9,1863,marchand,0
19987.0,11,5,1732,marchand,0
3927.0,15,12,340,marchand,1
6785.0,14,9,37,marchand,0
11075.0,11,8,211,marchand,0
47857.0,18,5,2045,agent,1
4376.0,22,2,1834,agent,0
14178.0,11,3,1301,marchand,0
14527.0,22,0,106,particulier,0
2968.0,23,2,1440,agent,0
21977.0,16,9,770,marchand,0
2929.0,9,6,8,particulier,0
5546.0,20,6,1680,particulier,0
6664.0,9,11,1947,marchand,0
3465.0,20,4,2146,agent,0
11294.0,20,2,1303,particulier,0
8564.0,14,8,1684,marchand,0
3604.0,23,2,1341,particulier,0
12338.0,13,9,1606,marchand,0
5491.0,15,5,154,marchand,0
1932.0,21,1,1398,particulier,0
2032.0,20,2,290,agent,0
9029.0,15,11,1227,marchand,0
18319.0,17,7,2091,marchand,0
2172.0,17,4,2037,agent,0
12999.0,15,7,389,marchand,0
31997.0,12,6,2324,marchand,0
12574.0,13,8,613,marchand,0
1957.0,22,2,2116,facture,0
1116.0,10,3,1134,particulier,0
1190.0,19,4,880,agent,0
10344.0,14,7,1196,marchand,0
12721.0,15,12,497,marchand,0
2275.0,9,4,1224,particulier,0
10363.0,12,7,552,marchand,0
47521.0,14,8,2171,marchand,0
4829.0,20,4,586,particulier,0
15886.0,16,6,114,marchand,0
26940.0,16,4,2372,marchand,0
55506.0,11,6,1310,marchand,0
9471.0,22,5,2018,particulier,0
3819.0,8,1,109,particulier,0
21595.0,9,6,872,marchand,0
1319.0,7,6,1529,particulier,0
24590.0,14,7,622,marchand,0
4397.0,7,2,713,facture,0
15703.0,16,7,1260,marchand,0
21824.0,15,8,1221,marchand,0
20178.0,17,5,504,marchand,0
20101.0,11,4,2055,marchand,0
2297.0,20,4,1336,particulier,0
3205.0,10,3,304,agent,0
8733.0,15,5,1196,marchand,0
8714.0,11,6,253,marchand,0
2150.0,10,3,1693,particulier,0
20412.0,13,14,2081,marchand,0
1926.0,6,4,2161,particulier,0
1586.0,20,4,1164,facture,0
4683.0,18,3,1689,facture,0
7084.0,11,2,1757,particulier,0
3805.0,16,3,2214,particulier,0
2872.0,20,6,1499,particulier,0
20735.0,14,9,1142,marchand,0
9621.0,11,7,436,marchand,0
1995.0,19,7,931,particulier,0
17171.0,14,4,745,marchand,0
7940.0,21,0,32,particulier,0
7348.0,13,7,337,marchand,0
1284.0,7,0,1063,particulier,0
5352.0,9,1,2398,particulier,0
1079.0,12,4,656,agent,0
3668.0,11,4,1482,agent,0
3363.0,22,3,2078,particulier,0
7289.0,5,4,1471,agent,0
16892.0,13,4,1442,marchand,0
16507.0,13,11,209,marchand,0
23930.0,18,3,949,agent,1
14488.0,12,9,487,marchand,0
1446.0,19,2,2221,agent,0
9711.0,23,6,67,particulier,0
7936.0,13,10,2149,marchand,0
3371.0,9,0,390,particulier,0
10195.0,19,2,1145,particulier,0
13874.0,16,4,1629,agent,0
6618.0,23,2,1883,particulier,0
20853.0,13,6,1357,marchand,0
3664.0,12,2,1082,particulier,0
4064.0,10,3,1945,particulier,0
1094.0,23,3,141,particulier,0
3378.0,22,4,112,facture,0
8967.0,11,5,1399,marchand,0
2329.0,8,1,84,particulier,0
17178.0,18,7,791,marchand,0
8831.0,13,7,367,marchand,0
14046.0,17,8,286,marchand,0
36441.0,13,7,287,marchand,0
1982.0,10,1,1782,agent,0
2827.0,16,2,1805,particulier,0
2008.0,19,3,347,particulier,0
12417.0,14,8,2248,marchand,0
5675.0,23,2,1738,particulier,0
7860.0,22,2,2261,particulier,0
2753.0,6,3,577,agent,0
3157.0,21,6,2172,agent,0
22355.0,12,2,1853,particulier,0
29526.0,16,11,164,marchand,0
17315.0,16,3,733,marchand,0
5740.0,13,5,1582,marchand,0
28794.0,15,8,2107,marchand,0
12510.0,22,2,1684,agent,0
3593.0,22,4,2322,particulier,0
3270.0,16,2,2218,particulier,0
1973.0,20,2,1718,particulier,0
4835.0,20,3,1483,particulier,0
19974.0,11,4,1302,marchand,0
1205.0,11,5,1965,particulier,0
1661.0,15,3,1334,particulier,0
6175.0,15,7,1611,marchand,0
6022.0,9,7,155,particulier,0
7171.0,23,2,863,particulier,0
2914.0,18,3,704,particulier,0
5607.0,11,5,1345,marchand,0
11320.0,6,7,892,marchand,0
26299.0,13,8,215,marchand,0
1060.0,11,2,2375,particulier,0
4491.0,21,4,1111,agent,0
596.0,16,7,214,particulier,0
8038.0,18,2,899,particulier,0
1648.0,11,6,292,particulier,0
21477.0,12,6,535,marchand,0
13331.0,12,7,2011,marchand,0
3419.0,21,0,619,agent,0
26389.0,11,6,451,marchand,0
14738.0,10,6,2238,marchand,0
3831.0,22,4,373,particulier,0
35092.0,14,1,1877,marchand,0
3862.0,7,2,2114,particulier,0
18351.0,13,6,1151,marchand,0
4957.0,8,4,186,particulier,0
19078.0,9,7,1197,marchand,0
6434.0,15,7,183,marchand,0
3843.0,12,1,142,agent,0
18551.0,10,10,108,marchand,0
9098.0,12,6,2146,marchand,0
12074.0,15,11,840,marchand,0
10836.0,13,10,1471,marchand,0
4131.0,22,3,2051,particulier,0
1871.0,5,3,1156,particulier,0
1295.0,23,3,125,particulier,0
48262.0,13,7,1909,marchand,0
1097.0,22,4,1938,particulier,0
2839.0,13,3,1579,particulier,0
16508.0,13,14,404,marchand,0
4810.0,22,2,13,agent,0
8000.0,15,7,2354,marchand,0
2284.0,19,0,1377,agent,0
1980.0,17,4,1970,particulier,0
4231.0,17,2,1352,facture,0
10716.0,7,3,1946,particulier,0
4480.0,21,3,1411,particulier,0
1565.0,21,6,1757,particulier,0
1635.0,18,4,1375,agent,0
7422.0,19,2,303,particulier,0
9727.0,14,5,858,marchand,0
927.0,22,6,1910,particulier,0
3463.0,9,3,1207,particulier,0
16170.0,15,5,1815,marchand,0
26346.0,10,5,1299,marchand,0
3732.0,15,5,2213,marchand,0
1534.0,21,4,403,agent,0
2613.0,15,10,1030,marchand,0
6749.0,18,6,2193,marchand,0
1585.0,8,4,1161,particulier,0
5489.0,8,1,2260,particulier,0
9221.0,18,3,1102,particulier,0
7202.0,21,5,2284,particulier,0
3215.0,9,2,2042,particulier,0
15176.0,10,6,1963,marchand,0
1621.0,9,10,68,particulier,0
11376.0,11,9,771,marchand,0
19336.0,8,4,2113,particulier,0
8027.0,14,6,2201,marchand,0
6163.0,9,3,1256,particulier,0
1070.0,11,3,2012,particulier,0
3777.0,22,3,412,agent,0
3041.0,19,4,2331,particulier,0
22595.0,12,6,720,marchand,0
850.0,8,3,403,particulier,0
9815.0,15,10,1894,marchand,0
8539.0,16,8,678,marchand,0
4730.0,23,2,752,particulier,0
1179.0,19,2,1390,agent,0
594.0,17,5,1502,particulier,0
17147.0,12,9,537,marchand,0
9132.0,13,9,520,marchand,0
6953.0,23,3,2149,particulier,0
1931.0,22,4,641,agent,0
896.0,4,3,393,particulier,0
4544.0,12,3,2354,marchand,0
5666.0,19,6,1288,particulier,0
11586.0,12,13,1948,marchand,0
11476.0,23,1,275,particulier,0
4787.0,23,3,1645,particulier,0
1234.0,22,5,550,particulier,0
2216.0,9,2,834,particulier,0
28603.0,10,9,2084,marchand,0
3643.0,10,4,1813,particulier,0
14282.0,15,8,2281,marchand,0
3196.0,20,5,1900,particulier,0
3560.0,14,0,334,particulier,0
1895.0,21,3,1365,particulier,0
2298.0,8,5,1210,particulier,0
9632.0,20,3,1026,agent,0
3907.0,22,6,599,particulier,0
1204.0,7,2,489,particulier,0
727.0,20,2,1959,particulier,0
12031.0,16,7,660,marchand,0
35844.0,11,5,1035,marchand,0
42999.0,14,7,1885,marchand,0
588.0,21,4,196,agent,0
1281.0,9,4,1258,particulier,0
2342.0,20,7,1638,particulier,0
1631.0,23,7,1081,particulier,0
667.0,22,7,1810,particulier,0
5965.0,17,7,1705,marchand,0
21604.0,12,6,1243,marchand,0
2577.0,23,4,756,agent,0
28916.0,16,6,501,marchand,0
9081.0,9,2,1145,particulier,0
6868.0,13,8,333,marchand,0
4013.0,8,5,1779,particulier,0
4419.0,19,6,1692,particulier,0
15997.0,9,2,1449,particulier,0
3863.0,11,2,2163,agent,0
23621.0,9,7,1972,marchand,0
9477.0,11,14,960,marchand,0
662.0,23,3,1542,particulier,0
28881.0,14,8,1710,marchand,0
9546.0,17,5,2310,marchand,0
3234.0,22,5,1823,particulier,0
2081.0,18,3,1025,particulier,0
4703.0,9,2,283,particulier,0
1315.0,10,2,2378,particulier,0
2578.0,20,4,100,particulier,0
12139.0,15,10,337,marchand,0
4029.0,23,3,1824,particulier,0
1997.0,23,2,552,particulier,0
3564.0,16,1,1535,particulier,0
1447.0,21,3,1174,particulier,0
12437.0,10,9,971,marchand,0
1453.0,9,3,1568,agent,0
16789.0,12,11,1150,marchand,0
1085.0,9,3,1373,particulier,0
4287.0,23,3,287,particulier,0
1949.0,8,6,1162,facture,0
21995.0,15,8,1395,marchand,0
11260.0,9,5,1252,marchand,0
3695.0,17,4,94,particulier,0
11242.0,18,12,1708,marchand,1
5743.0,11,5,2158,agent,0
8453.0,20,5,459,agent,0
2366.0,7,1,1638,particulier,0
10494.0,17,1,761,marchand,0
2129.0,8,2,1404,particulier,0
2791.0,20,1,193,particulier,0
3646.0,14,6,2024,particulier,0
3652.0,8,2,1254,particulier,0
47001.0,17,9,601,marchand,0
9396.0,15,6,2149,marchand,0
766.0,19,5,1981,particulier,0
3078.0,21,1,1085,particulier,0
7094.0,11,4,1844,agent,0
21070.0,14,10,556,marchand,0
6314.0,15,3,817,marchand,0
5419.0,16,11,885,marchand,0
12026.0,14,8,1108,marchand,0
4384.0,12,9,2338,particulier,0
1776.0,9,5,1163,particulier,0
8049.0,21,3,631,particulier,0
5800.0,22,7,1985,particulier,0
882.0,2,3,1151,facture,0
2400.0,10,3,1002,particulier,0
1171.0,22,2,1431,particulier,0
5724.0,22,4,471,particulier,0
10531.0,16,8,2239,marchand,0
2812.0,12,3,1012,particulier,0
3404.0,20,2,422,particulier,0
3141.0,12,1,2094,agent,0
6910.0,21,7,1293,particulier,0
2207.0,21,4,958,particulier,0
7618.0,15,8,1632,marchand,0
8131.0,20,3,1670,particulier,0
1744.0,20,5,1713,particulier,0
1058.0,22,5,1080,particulier,0
5488.0,12,2,1467,particulier,0
19629.0,15,8,1819,marchand,0
17785.0,12,9,674,marchand,0
800.0,8,0,2278,agent,0
36919.0,14,6,1506,marchand,0
8441.0,5,2,1445,particulier,0
9041.0,9,7,1648,marchand,0
1576.0,23,4,428,particulier,0
1887.0,19,3,2132,particulier,0
6263.0,21,3,504,agent,0
4032.0,18,5,1406,particulier,0
3147.0,20,7,2107,agent,0
2666.0,18,4,1188,particulier,0
30922.0,11,6,1233,marchand,0
2417.0,19,3,1882,particulier,0
1862.0,23,2,1048,particulier,0
3754.0,14,5,1823,agent,0
2116.0,19,1,352,particulier,0
1225.0,6,3,1804,particulier,0
17408.0,13,10,123,marchand,0
30355.0,17,8,311,marchand,0
3077.0,20,0,1949,facture,0
18417.0,12,6,611,marchand,0
6496.0,21,3,1209,agent,0
754.0,15,6,1838,agent,0
10135.0,16,3,1656,marchand,0
35272.0,18,8,1592,marchand,0
8381.0,11,11,1240,marchand,0
12475.0,8,8,714,particulier,0
6101.0,6,2,435,agent,0
17136.0,17,7,2134,marchand,0
5966.0,21,3,442,particulier,0
688.0,19,2,1790,agent,0
4258.0,19,5,995,particulier,0
2894.0,8,5,496,agent,0
19931.0,15,5,2147,marchand,0
20299.0,15,9,1185,marchand,0
4340.0,20,3,2159,particulier,0
17563.0,11,4,22,marchand,0
4506.0,18,3,1978,facture,0
6794.0,9,1,1821,agent,0
6980.0,6,4,2172,particulier,0
1238.0,15,2,1338,particulier,0
8959.0,14,8,2311,marchand,0
3074.0,6,7,2139,facture,0
3929.0,19,2,1427,particulier,0
16420.0,13,3,595,marchand,0
16735.0,13,5,1013,marchand,0
2998.0,9,1,2123,agent,0
1563.0,23,2,2359,particulier,0
5632.0,21,4,1642,agent,0
26145.0,15,6,715,marchand,0
7353.0,17,8,1749,marchand,1
3644.0,22,2,1857,agent,0
13657.0,14,5,2391,marchand,0
7363.0,17,2,851,facture,0
4747.0,23,4,585,agent,0
109761.0,16,10,1242,marchand,0
2314.0,11,2,1327,particulier,0
7510.0,14,5,838,marchand,0
12869.0,17,8,2274,marchand,0
4734.0,16,4,1284,particulier,0
32846.0,12,6,1163,marchand,0
2104.0,23,4,2199,agent,0
43681.0,10,4,837,marchand,0
8894.0,21,2,757,particulier,0
1131.0,23,1,2067,facture,0
3224.0,15,7,490,marchand,1
6128.0,11,9,1050,marchand,0
1053.0,20,2,1732,particulier,0
16402.0,16,5,408,marchand,0
14296.0,16,7,1147,marchand,0
954.0,18,6,528,particulier,0
11819.0,13,5,2039,marchand,0
13250.0,12,10,1680,marchand,0
16541.0,12,8,1557,marchand,0
10293.0,13,8,182,marchand,0
2687.0,15,2,564,particulier,0
9789.0,20,1,1067,particulier,0
898.0,8,5,869,particulier,0
7536.0,22,3,1315,particulier,0
6767.0,18,4,1083,agent,0
28433.0,13,8,280,marchand,0
328.0,22,8,783,agent,0
14459.0,17,4,65,marchand,0
974.0,23,2,1416,particulier,0
10310.0,15,6,1053,marchand,0
16821.0,15,11,1698,marchand,0
7947.0,8,4,908,agent,0
15873.0,15,5,11,marchand,0
9021.0,12,8,1105,marchand,0
9289.0,14,7,455,marchand,0
12217.0,9,1,881,agent,0
2560.0,21,3,520,facture,0
488.0,7,5,1838,particulier,0
17937.0,15,7,206,marchand,0
531.0,22,2,264,facture,0
10048.0,8,0,1637,agent,0
11668.0,19,2,1500,particulier,0
12905.0,14,7,110,marchand,0
9124.0,16,10,861,marchand,0
9865.0,17,5,1029,marchand,0
1750.0,11,4,2056,particulier,0
6353.0,19,6,510,particulier,0
20921.0,17,6,1350,marchand,0
10850.0,22,3,1368,particulier,0
9645.0,17,2,626,particulier,0
9261.0,8,7,361,agent,0
19666.0,16,6,2399,marchand,0
4713.0,7,5,1135,particulier,0
1661.0,22,7,859,particulier,0
745.0,20,3,1851,agent,0
14117.0,15,6,503,marchand,0
2816.0,19,2,974,particulier,0
11016.0,9,4,1721,particulier,0
13463.0,12,4,963,marchand,0
1959.0,16,1,905,particulier,0
6585.0,21,0,2115,particulier,0
8928.0,7,2,948,particulier,0
894.0,21,5,414,agent,0
2822.0,9,2,1303,particulier,0
18369.0,14,7,653,marchand,0
3655.0,19,3,1705,particulier,0
12578.0,20,3,234,particulier,0
5206.0,23,2,2310,agent,0
19365.0,12,1,975,particulier,0
2844.0,8,0,211,particulier,0
32421.0,22,0,170,particulier,0
660.0,6,3,1706,particulier,0
11798.0,11,8,601,marchand,0
4090.0,11,3,128,agent,0
8824.0,23,4,1122,particulier,0
24315.0,10,4,877,marchand,0
6399.0,17,6,2192,marchand,0
9419.0,11,3,2157,marchand,0
831.0,21,4,1122,particulier,0
2357.0,20,2,1581,particulier,0
2001.0,18,5,517,particulier,0
8670.0,12,4,2369,marchand,0
3145.0,8,2,530,agent,0
2398.0,16,2,1124,agent,0
10217.0,12,10,566,marchand,0
1875.0,6,2,1608,particulier,0
10323.0,14,11,658,marchand,0
10795.0,23,6,572,agent,0
11422.0,9,4,1562,marchand,0
893.0,22,3,2349,particulier,0
42392.0,12,7,97,marchand,0
22134.0,15,9,2318,marchand,0
20718.0,15,6,448,marchand,0
5702.0,13,5,1166,marchand,0
6720.0,12,8,611,marchand,0
24826.0,17,9,551,marchand,0
13110.0,16,9,620,marchand,0
13735.0,19,9,1380,marchand,0
7964.0,23,4,1729,agent,0
25660.0,15,7,1062,marchand,0
4582.0,20,5,561,particulier,0
6471.0,17,1,424,facture,0
15737.0,13,9,478,marchand,0
19577.0,23,2,1470,particulier,0
11473.0,16,8,479,marchand,0
7097.0,18,2,2399,particulier,0
32647.0,12,3,1985,marchand,0
16980.0,19,3,599,marchand,0
3388.0,8,1,990,particulier,0
19602.0,13,5,1244,marchand,0
32907.0,14,9,388,marchand,0
10996.0,13,12,2056,marchand,0
21418.0,12,8,392,marchand,0
3018.0,21,3,1212,particulier,0
10761.0,15,9,1978,marchand,0
41420.0,22,2,2277,facture,1
8578.0,23,5,1322,particulier,0
13264.0,11,10,2187,marchand,0
2083.0,21,7,2059,particulier,0
1827.0,21,0,1598,agent,0
1539.0,19,3,1804,agent,0
5643.0,15,5,870,marchand,0
12025.0,23,1,1402,particulier,0
5142.0,19,6,1759,particulier,0
1699.0,8,2,1478,agent,0
11358.0,14,8,675,marchand,0
3751.0,23,4,1146,particulier,0
14736.0,13,8,779,marchand,0
64658.0,15,8,1738,marchand,0
16358.0,12,5,1310,marchand,0
2498.0,9,5,1835,particulier,0
1822.0,7,6,2132,particulier,0
6509.0,13,3,1529,marchand,0
556.0,22,2,1507,particulier,0
5267.0,22,2,465,particulier,0
1788.0,20,3,1766,agent,0
4714.0,10,4,1953,marchand,0
6893.0,20,1,1562,particulier,0
10223.0,15,5,912,marchand,0
14173.0,12,10,590,marchand,0
7418.0,9,10,2188,marchand,0
3338.0,20,4,736,agent,0
4721.0,21,1,1511,agent,0
5750.0,21,6,1487,particulier,0
5353.0,11,7,333,marchand,0
20799.0,12,7,2192,marchand,0
10334.0,18,2,520,particulier,0
5513.0,23,3,20,agent,0
4137.0,10,2,2397,agent,0
4222.0,7,5,100,particulier,0
14098.0,15,7,1154,marchand,0
15365.0,14,9,1746,marchand,0
3654.0,15,3,957,agent,0
791.0,18,2,1263,particulier,0
5474.0,15,4,627,marchand,0
23321.0,13,7,1978,marchand,0
16056.0,15,8,206,marchand,0
16868.0,23,4,354,particulier,0
3624.0,18,5,257,agent,0
28102.0,16,8,321,marchand,0
7070.0,14,11,135,marchand,0
15014.0,10,7,478,marchand,0
3730.0,13,8,2271,particulier,0
10847.0,12,9,418,marchand,0
1037.0,9,3,118,agent,0
2926.0,21,4,1246,facture,0
28770.0,6,2,1757,agent,1
3196.0,17,1,1400,particulier,0
4379.0,9,6,1832,marchand,0
7684.0,21,7,55,particulier,1
20651.0,17,6,1382,marchand,0
9340.0,14,7,526,marchand,0
15611.0,18,9,2211,marchand,0
3772.0,12,2,567,particulier,0
9767.0,17,7,575,marchand,0
12040.0,12,9,1747,marchand,0
989.0,19,2,1303,agent,0
1819.0,20,2,2246,particulier,0
6695.0,22,3,2172,particulier,0
5955.0,14,7,2399,marchand,0
18436.0,10,8,821,marchand,0
14248.0,20,8,686,particulier,1
23868.0,14,2,2308,marchand,0
2869.0,20,6,2223,particulier,0
1841.0,13,7,286,agent,0
3312.0,18,2,308,particulier,0
6989.0,19,3,373,agent,0
4081.0,23,8,1863,facture,0
17274.0,12,6,1962,marchand,0
39589.0,13,1,925,marchand,0
2679.0,23,3,199,particulier,0
19138.0,20,6,1268,particulier,0
19153.0,18,8,151,marchand,0
5442.0,12,4,894,particulier,0
2282.0,17,3,330,particulier,0
2761.0,10,1,438,particulier,0
52938.0,8,6,158,marchand,0
4567.0,10,1,1655,facture,0
8369.0,9,3,2376,agent,0
3762.0,7,2,395,particulier,0
4532.0,20,8,1052,facture,0
10352.0,22,4,1361,particulier,0
24384.0,17,11,314,marchand,0
2819.0,21,8,2231,particulier,0
1510.0,22,3,80,particulier,0
40725.0,11,3,645,marchand,0
28879.0,17,4,2309,marchand,0
2641.0,23,4,1295,particulier,0
10694.0,21,5,773,particulier,0
11833.0,14,9,379,marchand,0
3515.0,22,3,1455,particulier,0
6179.0,15,3,867,marchand,0
21239.0,19,3,1875,agent,0
22241.0,12,7,1449,marchand,0
1609.0,8,2,917,particulier,0
28415.0,11,7,740,marchand,0
677.0,19,5,124,particulier,0
21068.0,12,6,272,marchand,0
4306.0,21,2,435,particulier,0
6872.0,19,8,865,marchand,0
21809.0,17,10,1381,marchand,0
2328.0,9,6,322,particulier,0
3137.0,20,5,949,particulier,0
23809.0,9,7,1381,marchand,0
7169.0,20,3,1682,particulier,0
1892.0,22,3,723,particulier,0
2003.0,20,3,1483,particulier,0
3968.0,10,4,1186,particulier,0
8198.0,16,5,411,marchand,0
3214.0,23,3,2371,particulier,0
5335.0,19,3,793,particulier,0
746.0,23,3,297,particulier,0
4424.0,21,2,1850,particulier,0
7212.0,11,9,741,marchand,0
16885.0,13,6,2074,marchand,0
4200.0,21,2,2126,particulier,0
36048.0,10,5,420,marchand,0
6834.0,17,7,1381,marchand,0
14227.0,15,11,371,marchand,0
55408.0,14,12,286,marchand,0
4335.0,22,3,1706,particulier,0
5689.0,16,3,1762,agent,0
21745.0,19,4,186,particulier,0
22665.0,9,5,689,marchand,0
25145.0,19,10,2378,marchand,0
7904.0,11,8,855,marchand,0
10137.0,8,5,1813,marchand,0
24282.0,10,7,1282,marchand,0
13296.0,9,4,2370,particulier,0
44809.0,13,3,658,marchand,0
1040.0,19,2,939,agent,0
8266.0,11,5,2399,facture,0
1696.0,22,3,1695,agent,0
15420.0,14,8,2042,marchand,0
2387.0,17,1,2111,facture,0
11833.0,22,1,1224,particulier,0
10459.0,21,1,709,particulier,0
783.0,20,6,1935,particulier,0
1187.0,9,4,1282,particulier,0
1640.0,19,5,1786,particulier,0
7602.0,14,12,284,marchand,0
2836.0,18,3,16,particulier,0
9921.0,14,9,1112,marchand,0
17216.0,14,5,579,marchand,0
4646.0,20,4,513,particulier,0
14857.0,12,6,2029,marchand,0
2403.0,8,3,440,particulier,0
1160.0,21,3,1562,particulier,0
855.0,11,6,339,particulier,0
7209.0,12,11,40,marchand,0
31111.0,23,5,704,particulier,0
4394.0,20,0,2222,agent,0
23738.0,17,6,444,marchand,0
1535.0,22,4,1782,particulier,0
18238.0,11,5,1638,particulier,0
18003.0,17,5,961,marchand,0
3400.0,13,8,2134,marchand,0
957.0,20,1,680,particulier,0
5631.0,15,5,331,marchand,0
4174.0,9,4,1867,particulier,0
3406.0,20,2,1096,particulier,0
8108.0,11,7,868,marchand,0
1465.0,23,6,374,particulier,0
43872.0,14,8,1230,marchand,0
4257.0,9,0,1815,particulier,0
3239.0,15,1,245,particulier,0
1579.0,23,0,721,particulier,0
8349.0,15,8,1043,marchand,0
969.0,9,1,56,particulier,0
6026.0,10,4,1926,particulier,0
4503.0,23,4,1995,particulier,0
2658.0,20,4,127,particulier,0
3292.0,15,2,1081,particulier,0
22699.0,9,10,1824,marchand,0
3684.0,22,5,1406,particulier,0
15383.0,12,8,820,marchand,0
6833.0,23,2,2041,particulier,0
30995.0,9,7,1344,marchand,0
12565.0,14,5,1844,marchand,0
1158.0,23,0,1541,particulier,0
6720.0,7,2,723,particulier,0
18970.0,15,7,913,marchand,0
16012.0,14,6,789,marchand,0
2169.0,15,1,1562,particulier,0
2402.0,10,1,1403,particulier,0
10036.0,8,6,574,agent,0
4547.0,15,9,2004,marchand,0
3338.0,8,2,192,particulier,0
3794.0,22,2,13,particulier,0
6250.0,23,3,2166,agent,0
3106.0,11,4,1754,particulier,0
25284.0,14,7,900,marchand,0
6094.0,18,4,1875,particulier,0
15068.0,23,8,1033,marchand,0
28591.0,13,10,2369,marchand,0
5618.0,13,4,718,particulier,0
8759.0,7,2,1299,particulier,0
24401.0,12,9,116,marchand,0
13754.0,11,11,693,marchand,0
7693.0,23,4,1190,particulier,0
1717.0,23,2,375,particulier,0
3869.0,22,3,210,particulier,0
5345.0,15,3,492,particulier,0
42895.0,12,8,280,marchand,0
27152.0,13,7,1289,marchand,0
1699.0,21,1,1036,particulier,0
4011.0,13,3,579,particulier,0
28484.0,12,6,2031,marchand,0
4089.0,10,1,539,particulier,0
614.0,23,5,1321,particulier,0
14069.0,13,3,1297,marchand,0
5723.0,17,4,2193,agent,0
4520.0,10,3,71,particulier,0
16055.0,14,7,1454,marchand,0
18227.0,14,7,1793,marchand,0
47986.0,13,6,2393,marchand,0
11800.0,14,8,1679,marchand,0
3454.0,19,3,2071,particulier,0
6623.0,16,6,1280,marchand,0
3727.0,5,4,762,particulier,0
2724.0,22,6,925,particulier,0
19017.0,14,5,1798,marchand,0
10727.0,20,1,2357,particulier,0
6581.0,14,8,1707,marchand,0
1525.0,17,7,1311,particulier,0
2180.0,20,3,568,particulier,0
25869.0,6,3,636,agent,1
18592.0,16,7,104,marchand,0
3022.0,11,2,752,particulier,0
1136.0,19,2,2265,particulier,0
7543.0,9,4,337,marchand,0
7722.0,11,1,2175,particulier,0
2094.0,17,7,1734,particulier,0
2669.0,16,1,1663,agent,0
8904.0,15,9,2388,marchand,0
6194.0,14,10,985,marchand,0
865.0,10,3,888,facture,0
3978.0,22,3,296,agent,0
5001.0,6,3,612,particulier,0
10188.0,23,3,517,particulier,0
359.0,20,3,810,particulier,0
23524.0,9,6,615,marchand,0
3385.0,20,5,327,particulier,0
24601.0,15,7,1218,marchand,0
6689.0,7,3,907,particulier,0
5361.0,10,3,830,agent,0
20618.0,18,4,1883,facture,0
4396.0,14,10,108,marchand,0
18527.0,7,2,1225,particulier,0
9387.0,23,1,335,particulier,0
1309.0,23,2,1435,particulier,0
1801.0,23,8,1872,agent,0
39130.0,17,2,1668,particulier,0
3102.0,16,4,1228,agent,0
1775.0,23,3,407,particulier,0
5045.0,20,6,1232,particulier,0
9996.0,15,5,871,marchand,0
1646.0,8,5,211,agent,0
2383.0,21,1,903,agent,0
827.0,9,3,733,facture,0
12018.0,11,6,1366,marchand,0
1272.0,20,4,722,particulier,0
19044.0,12,4,1148,marchand,0
5598.0,20,5,114,agent,0
1936.0,22,5,683,particulier,0
1123.0,7,5,2103,agent,0
2383.0,16,10,1291,marchand,1
23437.0,17,6,2162,marchand,0
17271.0,14,5,49,marchand,0
21979.0,8,6,2138,marchand,0
2476.0,21,2,854,facture,0
10408.0,10,11,244,marchand,0
4273.0,20,1,1574,particulier,0
24479.0,10,7,10,marchand,0
4351.0,8,3,1249,facture,0
5075.0,7,6,869,particulier,0
518.0,19,4,1267,particulier,0
14020.0,14,3,2225,marchand,0
524.0,18,5,850,particulier,0
8540.0,15,7,1751,marchand,0
936.0,6,3,804,particulier,0
4205.0,21,0,351,particulier,0
28083.0,15,6,2240,marchand,0
17097.0,14,5,1236,marchand,0
11375.0,17,8,594,marchand,0
27396.0,16,5,951,marchand,0
26981.0,14,7,1352,marchand,0
13054.0,14,4,2322,marchand,0
1222.0,22,3,491,particulier,0
1976.0,7,3,621,agent,0
3545.0,19,0,313,particulier,0
887.0,6,2,136,agent,0
2874.0,10,4,1654,particulier,0
4727.0,23,5,1502,agent,0
8140.0,6,3,1744,particulier,0
4095.0,23,3,2060,agent,0
3921.0,7,1,2282,particulier,0
6752.0,14,7,219,marchand,0
3396.0,10,2,721,particulier,0
15925.0,13,10,1039,marchand,0
1203.0,17,1,816,agent,0
6527.0,17,4,220,particulier,0
937.0,23,1,353,facture,0
1566.0,17,1,728,particulier,0
21534.0,13,10,2291,marchand,0
6507.0,15,3,972,marchand,0
12081.0,10,9,348,marchand,0
12988.0,23,4,517,particulier,0
3059.0,11,4,22,particulier,0
6938.0,13,6,1203,marchand,0
1155.0,23,6,166,particulier,0
16146.0,6,4,1853,marchand,0
43063.0,13,3,2082,marchand,0
1753.0,7,5,1965,particulier,0
1224.0,8,3,1338,particulier,0
17482.0,14,5,2186,marchand,0
2703.0,19,0,2206,agent,0
4773.0,20,6,1549,facture,0
3390.0,23,3,543,particulier,0
6739.0,8,1,1587,particulier,0
31813.0,12,5,250,marchand,0
1950.0,14,2,879,agent,0
1107.0,12,3,1246,particulier,0
19554.0,15,10,102,marchand,0
3317.0,21,0,2291,particulier,0
1378.0,19,2,609,particulier,0
20782.0,13,1,163,marchand,0
9727.0,18,3,1859,particulier,0
7052.0,12,6,1561,marchand,0
2209.0,9,2,1666,particulier,0
35220.0,11,7,916,marchand,0
693.0,18,3,2389,particulier,0
6048.0,14,8,1916,marchand,0
68129.0,14,7,1168,marchand,0
700.0,20,3,433,particulier,0
4187.0,19,4,1922,particulier,0
1529.0,23,6,1083,facture,0
309.0,16,1,595,particulier,0
10167.0,18,4,1713,marchand,0
2635.0,19,8,492,agent,0
55161.0,12,1,170,marchand,0
8811.0,10,0,1894,agent,0
17314.0,14,10,430,marchand,0
6016.0,13,5,482,marchand,0
21514.0,14,2,1232,marchand,0
8135.0,13,5,1981,marchand,0
1733.0,23,5,1682,particulier,0
2660.0,23,3,1902,particulier,0
5531.0,15,2,760,agent,0
4688.0,22,4,62,particulier,0
3360.0,22,4,701,particulier,0
1932.0,11,2,2396,facture,0
3991.0,7,2,2074,particulier,0
6888.0,17,5,1948,marchand,0
1975.0,21,6,1536,particulier,0
3361.0,20,3,2197,agent,0
15735.0,12,9,593,marchand,0
1154.0,23,1,804,particulier,0
19623.0,13,9,453,marchand,0
1233.0,21,3,1485,particulier,0
15358.0,10,7,1343,marchand,0
10279.0,9,4,1931,marchand,0
6436.0,14,6,209,marchand,0
4224.0,9,4,787,particulier,0
12658.0,15,6,1639,marchand,0
8020.0,10,7,196,marchand,0
11099.0,10,0,1385,particulier,0
8196.0,10,8,2039,marchand,0
26514.0,8,3,1309,marchand,0
7401.0,20,3,828,particulier,0
10964.0,10,9,1931,marchand,0
17406.0,22,3,387,particulier,0
19995.0,13,7,2140,marchand,0
4168.0,23,4,2393,particulier,0
3149.0,6,1,1187,particulier,0
914.0,19,6,2339,particulier,0
6423.0,15,6,1411,marchand,0
2253.0,8,5,211,particulier,0
1247.0,21,3,514,particulier,0
2796.0,6,1,778,particulier,0
38041.0,12,9,1704,marchand,0
29934.0,17,8,1776,marchand,0
7423.0,17,9,747,marchand,0
4443.0,20,1,272,particulier,0
1029.0,23,1,2322,particulier,0
5504.0,13,3,1149,facture,0
16929.0,11,6,249,marchand,0
1221.0,19,4,2173,particulier,0
7747.0,15,3,1171,facture,0
1374.0,23,5,1742,particulier,0
24761.0,13,6,1378,marchand,0
10879.0,12,1,1637,marchand,0
3109.0,21,4,1567,particulier,0
35905.0,16,6,2238,marchand,0
16468.0,16,10,1258,marchand,0
2240.0,23,1,912,agent,0
27117.0,17,7,376,marchand,0
9122.0,13,4,1622,marchand,0
3248.0,21,2,1218,agent,0
2749.0,20,3,563,particulier,0
1112.0,18,1,601,particulier,0
4745.0,23,2,883,agent,0
12122.0,21,3,106,agent,0
2763.0,19,7,1367,agent,0
5358.0,20,3,1153,particulier,0
5068.0,20,7,471,marchand,1
1766.0,22,2,1976,agent,0
39344.0,13,6,2225,marchand,0
31782.0,12,5,645,marchand,0
3357.0,11,2,683,facture,0
11952.0,14,10,1270,marchand,0
8142.0,11,11,2183,marchand,0
2098.0,19,5,6,agent,0
18127.0,19,1,1853,agent,0
22226.0,11,3,1291,marchand,0
1934.0,20,5,1343,agent,0
13685.0,22,4,1586,agent,0
5838.0,20,6,1533,particulier,0
12293.0,18,8,1997,marchand,0
18339.0,11,3,1338,marchand,0
8792.0,18,0,1080,facture,0
7616.0,8,4,497,particulier,0
2615.0,19,2,958,particulier,0
5248.0,9,5,2077,particulier,0
1411.0,22,10,572,particulier,0
13836.0,20,4,685,particulier,0
7669.0,10,7,835,marchand,0
3357.0,8,0,2179,particulier,0
19476.0,13,3,536,marchand,0
28634.0,13,8,1891,marchand,0
10229.0,12,9,1340,marchand,0
11231.0,10,7,1859,marchand,0
7043.0,23,1,1705,particulier,0
11978.0,12,7,892,marchand,0
15314.0,21,4,688,particulier,0
51320.0,12,4,496,marchand,0
4956.0,6,2,1929,agent,0
10328.0,13,8,584,marchand,0
2214.0,23,6,271,particulier,0
14482.0,15,7,411,marchand,0
7154.0,18,9,1910,marchand,0
5957.0,15,4,1217,particulier,0
17090.0,14,10,2029,marchand,0
6034.0,19,1,1042,particulier,0
15549.0,17,11,906,marchand,0
3168.0,18,0,643,agent,0
22452.0,12,5,1691,marchand,0
16011.0,12,10,2055,marchand,0
14085.0,9,0,1619,particulier,0
23827.0,14,8,218,marchand,0
33407.0,14,8,1139,marchand,0
2041.0,17,5,525,particulier,0
12390.0,17,10,256,marchand,0
2795.0,21,3,63,particulier,0
4728.0,22,3,81,facture,0
5423.0,12,3,1112,particulier,0
3870.0,23,2,2286,particulier,0
18623.0,11,6,1848,marchand,0
22854.0,14,6,51,marchand,0
7295.0,17,10,560,marchand,0
9759.0,15,4,1813,marchand,0
2342.0,7,0,2340,particulier,0
2433.0,23,6,2112,particulier,0
21369.0,11,5,370,marchand,0
1721.0,10,2,1399,particulier,0
26080.0,20,4,244,particulier,0
1118.0,20,6,1181,agent,0
2218.0,21,2,894,particulier,0
5911.0,20,2,217,particulier,0
2323.0,21,4,1215,agent,0
9822.0,12,7,758,marchand,0
5587.0,18,1,1781,particulier,0
11090.0,13,7,2275,marchand,0
3430.0,10,4,66,particulier,0
11968.0,21,0,2292,particulier,0
5093.0,5,3,1993,particulier,0
38779.0,17,9,318,marchand,0
20732.0,13,4,831,marchand,0
13807.0,14,10,600,marchand,0
12439.0,11,5,882,marchand,0
5127.0,8,4,805,particulier,0
9979.0,22,2,103,particulier,0
25229.0,14,12,587,marchand,0
1224.0,23,2,1635,particulier,0
12203.0,13,8,1876,marchand,0
3697.0,23,1,642,particulier,0
27038.0,12,6,2259,marchand,0
1702.0,18,1,1393,particulier,0
4439.0,17,0,587,particulier,0
4801.0,20,1,1881,facture,0
4551.0,14,10,2169,marchand,0
11318.0,15,9,743,marchand,0
10274.0,13,5,1061,marchand,0
7006.0,9,1,478,facture,0
5477.0,18,1,20,particulier,0
18646.0,11,9,1055,marchand,0
3488.0,11,1,1873,particulier,0
16153.0,15,6,1188,marchand,0
1664.0,21,4,135,particulier,0
9742.0,14,8,853,marchand,0
14846.0,12,6,319,marchand,0
28036.0,12,8,1476,marchand,0
9857.0,10,9,1160,marchand,0
863.0,18,2,500,particulier,0
9714.0,20,2,2355,agent,0
4810.0,11,3,2070,marchand,0
2902.0,23,2,1851,particulier,0
18905.0,11,6,398,facture,0
2054.0,10,0,1628,particulier,0
10530.0,23,7,342,particulier,0
907.0,20,2,889,particulier,0
559.0,19,1,1830,particulier,0
4511.0,18,6,917,marchand,0
7438.0,17,9,618,marchand,0
17696.0,10,9,1804,marchand,0
8550.0,18,1,473,agent,0
6795.0,20,6,2100,particulier,0
13258.0,12,9,683,marchand,0
5226.0,9,1,2232,particulier,0
4674.0,18,2,599,particulier,0
6668.0,13,9,413,marchand,0
30221.0,16,9,683,marchand,0
10403.0,16,3,469,marchand,0
2290.0,18,2,1812,particulier,0
1020.0,19,2,1328,particulier,0
12089.0,19,2,747,particulier,0
8706.0,18,4,1232,particulier,0
9841.0,14,8,1208,marchand,0
15325.0,12,8,2165,marchand,0
8188.0,22,4,378,agent,0
14371.0,7,4,1475,marchand,0
14862.0,16,4,339,particulier,0
903.0,20,4,1510,particulier,0
35881.0,20,8,1140,marchand,0
13252.0,21,2,1344,facture,0
9588.0,23,6,2038,particulier,0
2405.0,14,2,2321,particulier,0
32700.0,23,3,621,particulier,0
16543.0,14,3,2021,marchand,0
10916.0,9,3,2351,particulier,0
19502.0,13,12,194,marchand,0
28139.0,9,10,1142,marchand,0
1605.0,15,3,2185,agent,0
2938.0,23,7,1957,particulier,0
12850.0,18,2,1961,particulier,0
7607.0,21,5,981,facture,0
933.0,21,6,2222,particulier,0
2405.0,17,3,1283,particulier,0
6645.0,15,3,2367,marchand,0
22486.0,6,14,1638,marchand,0
16309.0,11,12,1130,marchand,0
6304.0,6,2,1631,particulier,0
6471.0,5,4,1671,agent,0
16011.0,14,10,6,marchand,0
10446.0,13,11,1817,marchand,0
263.0,16,4,851,particulier,0
6283.0,11,5,2395,particulier,0
1447.0,23,1,1816,agent,0
9576.0,10,7,1762,marchand,0
1608.0,23,2,1513,particulier,0
14412.0,18,4,46,particulier,0
8725.0,15,11,649,marchand,0
75338.0,19,7,735,marchand,0
6774.0,5,3,1166,particulier,0
5068.0,8,1,1640,particulier,0
34499.0,17,4,691,marchand,0
5245.0,9,8,1133,agent,0
3961.0,22,3,1933,facture,0
8518.0,19,8,2258,marchand,0
873.0,21,5,1999,particulier,0
8378.0,22,2,22,particulier,0
1152.0,10,3,1848,facture,0
682.0,23,6,1420,particulier,0
5537.0,12,4,1678,marchand,0
9719.0,14,3,2014,marchand,0
9191.0,13,6,76,marchand,0
6166.0,12,9,476,marchand,0
4190.0,19,3,950,particulier,0
2031.0,9,0,925,particulier,0
1757.0,11,2,644,facture,0
2085.0,22,6,2175,particulier,0
1157.0,10,5,1510,particulier,0
1311.0,8,6,734,particulier,0
4509.0,22,4,1415,particulier,0
1733.0,19,1,697,particulier,0
2932.0,8,5,115,particulier,0
407.0,19,3,2245,facture,0
1725.0,23,1,2314,particulier,0
14842.0,23,5,1912,agent,0
16101.0,14,6,2128,marchand,0
23511.0,13,13,752,marchand,0
23755.0,19,2,1559,particulier,0
6010.0,20,6,1173,agent,0
14318.0,14,6,1289,marchand,0
12212.0,20,6,1347,particulier,0
3753.0,21,3,1800,agent,0
4349.0,20,7,1086,agent,0
39529.0,14,10,300,marchand,0
6381.0,22,2,1484,particulier,0
5072.0,11,7,1713,marchand,0
16625.0,14,7,2257,marchand,0
1071.0,19,1,746,particulier,0
25108.0,14,11,2285,marchand,0
5108.0,21,2,1160,particulier,0
8301.0,12,8,236,marchand,0
2747.0,21,1,1665,particulier,0
1842.0,7,4,318,particulier,0
4344.0,11,5,344,marchand,0
8743.0,14,10,1882,marchand,0
3656.0,5,3,1650,particulier,0
10991.0,8,6,1524,particulier,0
22620.0,8,5,830,particulier,0
5006.0,21,4,1651,particulier,0
26257.0,21,4,1293,particulier,0
11360.0,6,4,1787,particulier,0
784.0,19,4,2222,particulier,0
4328.0,16,5,2158,particulier,0
3182.0,8,4,1127,particulier,0
28547.0,12,9,1101,marchand,0
5719.0,17,6,349,marchand,0
14347.0,12,6,58,marchand,0
22126.0,9,7,60,marchand,0
8043.0,19,3,1192,particulier,0
18359.0,11,13,2291,marchand,0
5287.0,22,1,1129,particulier,0
6597.0,13,8,1458,marchand,0
14182.0,20,7,441,marchand,0
9935.0,16,12,1584,marchand,0
3656.0,20,4,1919,particulier,0
10034.0,16,8,462,marchand,0
7234.0,6,4,589,particulier,0
24145.0,20,5,2146,marchand,0
1163.0,23,2,2309,particulier,0
2849.0,7,5,1448,facture,0
8379.0,15,10,1104,marchand,0
13178.0,7,12,761,marchand,0
16564.0,11,8,155,marchand,0
2063.0,11,2,1563,particulier,0
21677.0,13,13,2019,marchand,0
4845.0,23,2,2241,particulier,0
1223.0,19,1,510,particulier,0
2748.0,23,5,333,agent,0
16245.0,17,6,1653,marchand,0
12931.0,16,6,187,particulier,0
8191.0,10,9,2293,marchand,0
1229.0,23,5,2291,particulier,0
1247.0,21,5,2375,particulier,0
6386.0,8,9,1866,facture,0
3288.0,22,3,736,agent,0
5090.0,17,7,153,marchand,0
7718.0,22,2,1409,agent,0
7226.0,19,2,2208,particulier,0
2932.0,22,2,248,particulier,0
2630.0,6,2,2347,particulier,0
16941.0,16,6,1508,marchand,0
2702.0,22,5,965,agent,0
6357.0,20,2,1789,agent,0
8308.0,7,7,2252,particulier,0
921.0,22,2,889,particulier,0
672.0,22,7,1058,particulier,0
7423.0,20,4,2396,agent,0
29489.0,15,8,210,marchand,0
3513.0,8,3,166,facture,0
3177.0,9,4,1679,particulier,0
1554.0,19,2,57,particulier,0
1583.0,8,6,2029,particulier,0
2413.0,19,3,472,facture,0
15884.0,7,1,384,particulier,0
3123.0,22,3,252,particulier,0
13268.0,18,10,141,marchand,0
1753.0,22,5,454,particulier,0
14210.0,19,2,1040,marchand,0
7631.0,14,11,964,marchand,0
6272.0,20,2,646,particulier,0
4875.0,23,2,1253,agent,0
35889.0,12,6,671,marchand,0
1441.0,16,6,672,particulier,0
25464.0,17,4,2176,marchand,0
5278.0,6,2,1700,particulier,0
11272.0,18,3,1729,agent,0
6030.0,8,4,382,marchand,0
795.0,19,3,626,particulier,0
679.0,9,3,597,agent,0
3324.0,22,2,1261,particulier,0
2213.0,19,2,410,particulier,0
14807.0,21,4,2091,particulier,0
8876.0,22,4,1368,facture,0
2280.0,18,2,257,agent,0
1442.0,19,4,2233,particulier,0
6986.0,15,8,508,marchand,0
19401.0,14,11,365,marchand,0
14309.0,12,5,2297,marchand,0
23384.0,16,3,1996,marchand,0
33819.0,11,5,1801,marchand,0
4450.0,23,2,1676,particulier,0
940.0,21,2,2182,particulier,0
3954.0,19,2,1582,particulier,0
15032.0,16,8,1656,marchand,0
1742.0,20,2,659,particulier,0
10761.0,17,5,1633,marchand,0
2831.0,17,4,1044,particulier,0
2607.0,7,8,1706,agent,0
6552.0,17,1,1571,agent,0
4978.0,8,2,994,particulier,0
10038.0,20,2,656,particulier,0
11160.0,12,3,1083,facture,0
21538.0,13,5,1834,marchand,0
6608.0,18,2,1813,particulier,0
22092.0,13,5,1264,marchand,0
69413.0,15,4,98,marchand,0
20619.0,9,7,269,particulier,1
1956.0,18,3,949,particulier,0
10200.0,10,10,844,marchand,0
1816.0,23,4,1656,particulier,0
4238.0,21,5,146,agent,0
4024.0,7,6,443,particulier,0
10467.0,10,8,1502,marchand,0
2215.0,21,2,1960,particulier,0
9004.0,21,3,869,agent,0
18087.0,13,3,860,marchand,0
46882.0,11,4,464,marchand,0
19994.0,16,6,1650,marchand,0
5046.0,12,3,2177,facture,0
21427.0,13,10,136,marchand,0
4401.0,9,1,154,particulier,0
2588.0,23,2,139,particulier,0
1701.0,15,3,2247,particulier,0
19360.0,7,3,269,particulier,0
6058.0,13,8,1180,marchand,0
9883.0,8,4,1705,agent,0
8042.0,10,6,1535,marchand,0
22514.0,12,14,1035,marchand,0
7231.0,17,9,411,marchand,0
5973.0,15,7,1885,marchand,0
1331.0,22,4,962,particulier,0
969.0,23,5,2265,facture,0
9631.0,12,5,2295,marchand,0
5054.0,15,6,1904,marchand,0
1091.0,20,3,794,particulier,0
2882.0,9,3,1515,particulier,0
21868.0,14,8,2086,marchand,0
17168.0,12,9,2245,marchand,0
17462.0,15,6,896,marchand,0
7914.0,10,2,1518,particulier,0
8080.0,23,3,191,particulier,0
14821.0,13,7,380,marchand,0
1085.0,9,5,289,particulier,0
6155.0,11,5,635,marchand,0
9042.0,10,7,2159,marchand,0
18313.0,17,4,2240,marchand,0
4748.0,17,7,1229,agent,0
6785.0,22,8,1554,particulier,0
1977.0,23,1,1294,particulier,0
10137.0,21,3,526,particulier,0
17676.0,16,9,1945,marchand,0
3369.0,5,4,247,particulier,0
4664.0,23,4,1107,particulier,0
7577.0,11,7,352,particulier,0
1325.0,11,0,821,agent,0
1054.0,23,2,436,particulier,0
21735.0,15,6,1214,marchand,0
6316.0,16,4,1749,facture,0
1275.0,6,5,664,particulier,0
1489.0,23,2,1078,particulier,0
5075.0,17,2,428,facture,0
16086.0,13,7,1088,marchand,0
12228.0,15,4,395,marchand,0
2412.0,7,5,331,agent,0
3516.0,9,4,2123,particulier,0
23556.0,21,6,2173,agent,1
2365.0,14,6,996,marchand,1
3564.0,13,6,1046,marchand,0
10293.0,16,8,1406,marchand,0
2628.0,17,5,2159,agent,0
28146.0,12,5,2325,marchand,0
12696.0,13,10,275,marchand,0
13532.0,10,10,581,marchand,0
2757.0,12,1,1821,agent,0
2086.0,19,0,561,agent,0
2334.0,8,2,2313,particulier,0
6006.0,13,1,1130,marchand,0
1862.0,20,2,1805,agent,0
786.0,20,3,145,particulier,0
1820.0,18,9,638,particulier,0
4420.0,15,7,1501,marchand,0
1749.0,20,1,1872,particulier,0
13728.0,18,12,552,marchand,0
3842.0,19,2,1327,particulier,0
979.0,18,0,236,agent,0
3985.0,7,4,1297,particulier,0
15647.0,11,4,2095,particulier,0
4132.0,23,1,1941,particulier,0
6146.0,14,10,1272,marchand,0
1060.0,21,2,411,particulier,0
6199.0,12,2,832,particulier,0
6943.0,13,3,2283,particulier,0
15630.0,12,5,2154,marchand,0
28412.0,11,4,1750,marchand,0
1153.0,21,8,1585,particulier,0
1705.0,21,2,2115,particulier,0
9666.0,12,7,1021,marchand,0
1989.0,22,1,452,particulier,0
8045.0,9,6,1595,marchand,0
8962.0,20,2,588,particulier,0
11155.0,21,5,80,particulier,0
859.0,22,8,427,agent,0
7790.0,21,8,856,particulier,0
9306.0,13,8,1952,marchand,0
15835.0,17,6,2172,marchand,0
7513.0,15,4,817,marchand,0
13321.0,15,7,932,marchand,0
4275.0,11,2,124,particulier,0
7114.0,21,3,213,facture,0
4577.0,23,4,2152,agent,0
8318.0,22,2,661,agent,0
4457.0,23,2,1769,agent,0
2003.0,8,2,473,particulier,0
21221.0,16,3,1470,marchand,0
19515.0,11,2,2345,particulier,0
16287.0,12,10,673,marchand,0
5013.0,12,9,1585,marchand,0
14447.0,10,10,484,marchand,0
2376.0,23,1,1431,agent,0
27337.0,11,4,796,marchand,0
1619.0,23,3,1338,particulier,0
12003.0,14,5,2098,marchand,0
2764.0,8,1,2337,agent,0
8792.0,16,6,790,marchand,0
17128.0,13,8,1708,marchand,0
7458.0,16,6,463,marchand,0
9168.0,23,5,751,particulier,0
31597.0,13,4,359,marchand,0
9250.0,12,3,2119,marchand,0
9571.0,12,7,262,marchand,0
13368.0,13,5,1736,marchand,0
526.0,21,4,1713,agent,0
1076.0,21,2,2056,agent,0
448.0,23,3,715,particulier,0
4844.0,22,4,649,agent,0
4953.0,22,2,1602,particulier,0
8813.0,22,3,1186,particulier,0
37161.0,16,1,2261,marchand,0
16791.0,13,6,1654,marchand,0
1382.0,23,2,313,agent,0
11889.0,14,2,1143,marchand,0
2535.0,11,1,57,particulier,0
1292.0,15,3,2324,particulier,0
29502.0,12,6,144,marchand,0
4209.0,22,8,1644,agent,0
3739.0,21,3,729,agent,0
3190.0,7,2,1885,particulier,0
942.0,23,3,2149,agent,0
3140.0,23,3,148,agent,0
6658.0,23,7,1459,particulier,0
15892.0,16,8,775,marchand,0
8822.0,16,9,976,marchand,0
8605.0,14,7,1490,marchand,0
