montant,heure,frequence_7j,anciennete_jours,type_contrepartie,fraude
4268.0,17,2,532,particulier,0
1361.0,10,1,909,particulier,0
6235.0,22,1,586,particulier,0
7328.0,8,4,1393,agent,0
627.0,8,4,283,particulier,0
1089.0,8,3,54,particulier,0
3673.0,22,4,1615,particulier,0
2518.0,20,3,1334,particulier,0
3248.0,12,1,1933,particulier,0
1595.0,17,3,250,particulier,0
6957.0,23,3,923,particulier,0
6381.0,8,5,1002,agent,0
3485.0,9,4,721,facture,0
8588.0,6,3,626,particulier,0
4902.0,18,5,1990,agent,0
1587.0,22,3,1759,particulier,0
4507.0,9,4,677,particulier,0
1458.0,21,2,1153,agent,0
6951.0,21,5,375,particulier,0
3158.0,20,3,1330,facture,0
2815.0,19,6,1801,particulier,0
1847.0,21,3,722,particulier,0
9313.0,8,5,38,particulier,0
2889.0,18,5,476,particulier,0
2289.0,23,4,225,particulier,0
2442.0,9,6,1433,particulier,0
5179.0,14,4,1277,particulier,0
4495.0,8,4,582,particulier,0
4679.0,9,1,1265,agent,0
4751.0,23,1,237,particulier,0
20341.0,22,2,1207,particulier,0
2332.0,18,4,286,particulier,0
2132.0,22,2,560,particulier,0
1650.0,9,1,877,particulier,0
5561.0,7,2,1441,particulier,0
8601.0,19,2,1712,particulier,0
2990.0,17,9,455,particulier,0
1613.0,5,2,1044,particulier,0
1635.0,20,3,1470,facture,0
5727.0,20,0,2177,particulier,0
6197.0,21,3,463,particulier,0
5227.0,19,7,174,particulier,0
1871.0,20,4,495,particulier,0
4013.0,21,3,372,particulier,0
3638.0,19,6,238,particulier,0
3967.0,19,3,203,particulier,0
6910.0,20,6,958,particulier,0
3984.0,21,3,817,particulier,0
5867.0,22,4,1384,particulier,0
3489.0,22,2,298,facture,0
4212.0,9,2,680,agent,0
5634.0,5,3,1806,particulier,0
955.0,21,4,136,particulier,0
2511.0,20,3,580,particulier,0
2209.0,18,4,1318,agent,0
1914.0,23,4,252,agent,0
2607.0,8,5,776,particulier,0
11739.0,7,2,608,particulier,0
1578.0,21,2,531,particulier,0
7503.0,21,0,2150,agent,0
788.0,23,1,1765,particulier,0
2478.0,20,0,1615,agent,0
3783.0,22,4,1469,facture,0
5422.0,21,5,1764,particulier,0
6030.0,23,3,1705,particulier,0
6466.0,10,2,261,facture,0
2449.0,8,4,921,agent,0
2224.0,23,5,1865,facture,0
6831.0,12,4,1040,particulier,0
2800.0,9,0,1528,particulier,0
1114.0,20,4,1335,particulier,0
1257.0,4,6,397,particulier,0
1508.0,9,5,928,particulier,0
5027.0,19,2,1189,facture,0
3718.0,17,6,1316,particulier,0
5925.0,19,3,1373,agent,0
2291.0,11,0,221,particulier,0
3770.0,8,5,1019,particulier,0
5607.0,23,1,225,particulier,0
2533.0,22,4,210,particulier,0
4857.0,17,4,1238,particulier,0
1877.0,13,3,1027,agent,0
2420.0,20,2,447,particulier,0
2382.0,23,2,1126,particulier,0
1192.0,19,3,418,particulier,0
4984.0,8,3,1654,particulier,0
2211.0,23,4,1636,facture,0
3330.0,19,2,1049,particulier,0
4957.0,18,3,120,particulier,0
4815.0,21,4,1065,particulier,0
5800.0,20,3,1069,agent,0
3030.0,19,6,700,particulier,0
2299.0,5,1,1192,particulier,0
3079.0,18,5,1820,particulier,0
785.0,19,0,1837,particulier,0
963.0,20,4,797,particulier,0
1070.0,16,2,104,facture,0
1411.0,23,2,1355,particulier,0
4628.0,17,1,281,particulier,0
1526.0,18,8,2178,agent,0
2389.0,23,3,179,particulier,0
9940.0,10,3,1045,particulier,0
2434.0,21,1,812,particulier,0
6167.0,16,3,1655,particulier,0
1490.0,7,2,388,particulier,0
2767.0,20,3,1206,particulier,0
1469.0,9,5,1859,agent,0
2470.0,23,4,1990,facture,0
6730.0,23,2,1338,agent,0
759.0,7,2,1658,agent,0
4766.0,19,5,641,particulier,0
4032.0,5,4,525,particulier,0
1988.0,19,5,1295,agent,0
964.0,14,3,1947,agent,0
3503.0,18,1,2171,particulier,0
2101.0,15,5,673,particulier,0
4015.0,20,4,1789,agent,0
3356.0,12,7,5,particulier,0
12855.0,17,5,134,particulier,0
2688.0,10,1,622,particulier,0
1380.0,17,4,296,particulier,0
3837.0,20,5,1977,agent,0
3972.0,18,4,1575,particulier,0
10460.0,23,1,853,agent,0
6700.0,21,4,1242,particulier,0
4462.0,11,2,248,particulier,0
11428.0,9,3,1424,particulier,0
1199.0,23,6,141,particulier,0
1913.0,21,2,752,particulier,0
1499.0,19,4,331,facture,0
2365.0,23,1,929,particulier,0
1022.0,12,0,1235,particulier,0
5653.0,19,2,134,particulier,0
2727.0,17,5,130,particulier,0
944.0,16,4,1374,particulier,0
1390.0,12,2,752,particulier,0
4301.0,10,4,2035,particulier,0
6717.0,5,6,1191,agent,0
17984.0,20,3,608,agent,0
39214.0,23,4,1905,agent,1
4686.0,22,2,346,particulier,0
1421.0,11,3,867,particulier,0
538.0,23,5,277,facture,0
4136.0,9,5,1300,agent,0
1651.0,17,4,1397,particulier,0
2314.0,22,5,1084,agent,0
1958.0,20,3,1781,agent,0
2923.0,20,3,576,particulier,0
8153.0,11,2,240,particulier,0
3765.0,12,2,1734,particulier,0
2879.0,19,1,2003,particulier,0
1366.0,23,5,1185,particulier,0
794.0,8,5,2137,particulier,0
2179.0,15,3,171,particulier,0
3147.0,13,5,603,agent,0
14805.0,10,9,371,particulier,0
3680.0,20,0,492,agent,0
7596.0,22,4,936,particulier,0
2155.0,20,2,1037,particulier,0
1203.0,19,3,715,particulier,0
1450.0,7,2,633,particulier,0
1779.0,23,4,1407,particulier,0
20115.0,18,1,1864,particulier,0
1639.0,22,3,1526,facture,0
6719.0,7,2,2149,particulier,0
1529.0,22,4,859,particulier,0
7272.0,17,6,1567,particulier,0
4570.0,11,1,462,agent,0
2884.0,20,4,636,agent,0
3182.0,21,4,102,particulier,0
1888.0,23,2,1728,particulier,0
4813.0,19,6,1619,facture,0
2238.0,8,1,172,particulier,0
1162.0,8,4,322,particulier,0
1112.0,9,1,1583,particulier,0
3815.0,9,1,2012,particulier,0
12610.0,21,3,1412,particulier,0
3774.0,19,5,1115,particulier,0
2978.0,6,3,424,particulier,0
4200.0,22,3,420,particulier,0
9998.0,9,1,60,particulier,0
3970.0,18,2,2125,particulier,0
2323.0,20,4,2123,particulier,0
8437.0,12,1,535,particulier,0
4743.0,11,1,333,particulier,0
12154.0,19,2,1881,agent,0
3850.0,19,5,305,particulier,0
1164.0,17,2,1490,particulier,0
1030.0,18,4,140,facture,0
13404.0,9,1,305,particulier,0
14259.0,19,6,663,particulier,0
2828.0,12,4,1821,agent,0
2379.0,17,2,1627,particulier,0
11410.0,20,2,1879,agent,0
1286.0,12,7,1807,particulier,0
1540.0,23,6,1977,particulier,0
5692.0,23,8,1774,particulier,0
2356.0,19,2,64,particulier,0
3280.0,6,0,1994,particulier,0
2867.0,23,1,1513,facture,0
4389.0,22,5,296,particulier,0
10898.0,5,3,1692,particulier,0
3558.0,10,1,1483,particulier,0
5695.0,16,4,1402,agent,0
577.0,23,1,480,particulier,0
3161.0,20,2,1855,particulier,0
1609.0,7,3,1973,particulier,0
1169.0,4,1,1113,agent,0
1562.0,10,2,1207,particulier,0
2480.0,8,3,1380,particulier,0
7176.0,19,1,372,agent,0
1067.0,18,0,1293,agent,0
3381.0,10,5,1665,agent,0
2183.0,10,7,1671,particulier,0
2494.0,9,3,1797,facture,0
7726.0,19,2,62,agent,0
5205.0,9,4,59,agent,0
10268.0,8,3,820,particulier,0
2889.0,9,3,96,facture,0
1823.0,17,6,534,particulier,0
2724.0,23,2,759,particulier,0
4049.0,9,1,803,agent,0
3828.0,8,5,1484,particulier,0
1311.0,20,3,1641,particulier,0
3558.0,18,4,761,agent,0
4000.0,10,7,2185,particulier,0
27997.0,10,4,395,agent,1
16241.0,20,0,1696,agent,0
1595.0,20,3,314,particulier,0
2580.0,17,2,495,agent,0
950.0,19,3,1875,particulier,0
1994.0,23,1,289,agent,0
4308.0,21,3,1851,particulier,0
9182.0,21,3,400,particulier,0
1773.0,19,5,635,agent,0
1889.0,17,3,424,particulier,0
531.0,8,2,236,particulier,0
2869.0,15,2,1662,particulier,0
1335.0,8,2,938,particulier,0
2101.0,17,3,47,particulier,0
1563.0,11,1,2174,particulier,0
3041.0,11,3,1612,agent,0
739.0,20,4,1296,particulier,0
947.0,11,4,201,particulier,0
20128.0,11,2,2109,particulier,0
1103.0,17,4,1003,particulier,0
1297.0,8,6,246,agent,0
15699.0,23,3,1699,particulier,0
38922.0,23,6,1861,facture,1
1217.0,15,2,1816,particulier,0
2409.0,22,4,988,facture,0
4404.0,19,5,2148,agent,0
14320.0,19,6,1706,particulier,0
1424.0,11,4,611,particulier,0
2674.0,23,3,1532,particulier,0
6379.0,22,3,893,particulier,0
4767.0,10,2,1374,agent,0
2393.0,13,1,1671,particulier,0
2940.0,22,3,160,particulier,0
1024.0,7,5,1718,particulier,0
2691.0,21,3,915,particulier,0
2627.0,22,5,1725,particulier,0
4013.0,19,1,1784,agent,0
2055.0,18,4,1185,particulier,0
4919.0,8,2,414,particulier,0
7792.0,20,5,2007,particulier,0
3760.0,21,3,1625,particulier,0
4443.0,22,5,1150,facture,0
3447.0,23,2,1036,particulier,0
3295.0,11,1,678,particulier,0
1784.0,22,3,1323,particulier,0
4311.0,5,3,218,facture,0
3033.0,20,6,1318,particulier,0
19520.0,10,3,2083,particulier,0
12548.0,8,4,380,particulier,0
4573.0,22,1,730,particulier,0
1722.0,19,1,508,particulier,0
1280.0,10,1,1954,particulier,0
9068.0,21,1,2100,facture,0
4119.0,21,5,1387,agent,0
4955.0,8,7,55,particulier,0
748.0,12,1,580,particulier,0
7247.0,8,5,1033,agent,0
4848.0,7,5,1674,particulier,0
1282.0,23,2,1097,facture,0
2207.0,10,3,1506,particulier,0
4122.0,19,3,1527,particulier,0
3445.0,11,4,2036,particulier,0
2570.0,7,4,1830,particulier,0
3017.0,21,3,436,particulier,0
2659.0,12,4,1413,particulier,0
3751.0,22,3,935,particulier,0
11508.0,23,3,1675,particulier,0
372.0,19,6,399,particulier,0
2694.0,22,6,2078,particulier,0
3828.0,17,2,1373,particulier,0
4237.0,8,3,152,particulier,0
2402.0,21,6,1781,particulier,0
740.0,6,3,365,particulier,0
4354.0,23,2,519,facture,0
14303.0,6,2,1835,particulier,0
894.0,8,3,1267,agent,0
6865.0,19,3,1338,particulier,0
2492.0,20,0,637,particulier,0
3127.0,10,4,1384,particulier,0
1346.0,21,1,1179,particulier,0
2479.0,22,3,1622,particulier,0
9947.0,22,1,2060,facture,0
5406.0,18,2,1540,particulier,0
14364.0,10,2,1692,particulier,0
8962.0,9,6,894,particulier,0
4785.0,9,4,1199,particulier,0
14506.0,17,2,1521,facture,0
4785.0,9,3,1160,particulier,0
6659.0,23,5,53,particulier,0
2560.0,7,2,61,particulier,0
3486.0,21,1,1614,particulier,0
1821.0,18,3,1962,particulier,0
7640.0,10,2,1559,particulier,0
1210.0,10,3,2003,particulier,0
6406.0,22,3,1462,facture,0
2802.0,19,6,842,particulier,0
8916.0,22,5,223,particulier,0
6237.0,12,6,1723,particulier,0
15484.0,11,0,1548,particulier,0
6131.0,8,4,2049,particulier,0
866.0,8,2,697,agent,0
3112.0,9,4,2160,agent,0
1217.0,19,1,2158,agent,0
2121.0,20,2,1552,particulier,0
11903.0,8,2,921,particulier,0
5664.0,22,4,736,particulier,0
1819.0,20,7,2003,agent,0
1392.0,18,2,105,facture,0
3388.0,15,4,779,particulier,0
1171.0,8,3,228,particulier,0
1862.0,17,3,323,particulier,0
4295.0,9,5,1321,particulier,0
8796.0,19,3,1379,particulier,0
5527.0,20,2,89,particulier,0
470.0,15,3,1511,agent,0
4267.0,22,5,1904,particulier,0
3502.0,20,3,1666,particulier,0
4684.0,12,2,591,particulier,0
13014.0,8,1,2042,particulier,0
570.0,20,4,1602,facture,0
1993.0,8,2,916,particulier,0
5444.0,13,7,1812,particulier,0
859.0,21,4,20,particulier,0
11551.0,22,3,1411,facture,0
4506.0,18,1,901,agent,0
6766.0,10,1,534,particulier,0
2028.0,19,5,1007,particulier,0
6579.0,12,5,1267,particulier,0
8170.0,7,3,730,particulier,0
4016.0,20,2,446,agent,0
4021.0,22,1,139,particulier,0
4146.0,21,3,1381,particulier,0
1582.0,19,5,1487,particulier,0
2906.0,10,3,165,particulier,0
2894.0,13,5,1805,agent,0
4564.0,21,3,484,particulier,0
7707.0,11,3,1369,particulier,0
1340.0,20,1,2056,particulier,0
2962.0,20,3,1334,particulier,0
11606.0,21,0,493,particulier,0
1751.0,20,0,258,particulier,0
1638.0,20,2,1868,particulier,0
3913.0,19,2,1129,facture,0
6753.0,6,5,1773,agent,0
3327.0,21,4,311,particulier,0
10195.0,23,7,258,agent,0
6825.0,22,1,11,particulier,0
6738.0,21,4,1969,particulier,0
5276.0,23,0,1350,particulier,0
23825.0,21,1,956,agent,0
2767.0,18,2,1746,agent,0
600.0,7,5,1665,particulier,0
12882.0,20,3,436,agent,0
2233.0,19,7,1017,particulier,0
3611.0,22,5,1304,particulier,0
10028.0,23,2,62,particulier,0
844.0,16,1,197,particulier,0
1137.0,20,1,2173,agent,0
845.0,8,2,611,particulier,0
1677.0,10,4,341,particulier,0
4787.0,11,5,1187,particulier,0
5144.0,23,4,228,particulier,0
4167.0,23,3,1128,particulier,0
991.0,23,3,171,particulier,0
462.0,13,2,887,agent,0
3450.0,18,0,1694,agent,0
2206.0,10,2,23,agent,0
4868.0,23,4,463,particulier,0
5983.0,18,1,1402,particulier,0
3705.0,20,3,209,particulier,0
6286.0,18,4,334,particulier,0
4003.0,8,1,654,particulier,0
5170.0,21,4,408,particulier,0
1810.0,21,1,2093,agent,0
2828.0,15,3,1361,particulier,0
3894.0,5,3,886,agent,0
6617.0,21,4,2036,particulier,0
2357.0,20,3,1423,particulier,0
5131.0,20,3,1503,particulier,0
2628.0,22,0,888,particulier,0
2981.0,17,3,911,agent,0
6668.0,19,1,845,particulier,0
605.0,22,3,1819,agent,0
1094.0,19,1,1944,particulier,0
935.0,21,5,956,particulier,0
453.0,7,5,377,particulier,0
1851.0,19,1,1189,particulier,0
6229.0,16,3,1252,particulier,0
2586.0,6,0,1060,agent,0
3898.0,9,3,2009,agent,0
8315.0,22,7,1738,particulier,0
10184.0,11,2,248,facture,0
3106.0,23,0,873,agent,0
10410.0,7,1,1888,particulier,0
3563.0,15,4,907,particulier,0
1617.0,7,3,995,facture,0
1988.0,18,2,1162,particulier,0
936.0,21,1,1703,particulier,0
1549.0,7,4,1228,particulier,0
2430.0,20,9,1096,agent,0
6523.0,22,4,1525,particulier,0
14224.0,22,2,653,particulier,0
1018.0,20,2,1294,particulier,0
4600.0,20,1,442,agent,0
1360.0,19,4,710,facture,0
4932.0,20,1,114,agent,0
2947.0,22,4,302,particulier,0
695.0,15,3,1811,particulier,0
7252.0,19,3,375,particulier,0
1970.0,17,1,1646,agent,0
2093.0,22,2,1511,agent,0
1327.0,20,4,844,particulier,0
1889.0,9,1,762,particulier,0
4740.0,9,4,800,particulier,0
2805.0,14,6,884,particulier,0
4356.0,9,3,1423,agent,0
4481.0,23,4,321,particulier,0
10123.0,9,2,1740,agent,0
2462.0,17,3,594,particulier,0
939.0,1,5,156,particulier,0
8161.0,18,5,1109,particulier,0
2486.0,23,5,1827,particulier,0
8496.0,12,2,1798,particulier,0
4564.0,16,2,367,facture,0
2947.0,7,4,848,particulier,0
4431.0,5,1,356,agent,0
17298.0,13,2,1867,particulier,0
19253.0,21,3,1644,particulier,0
3495.0,17,4,673,particulier,0
3775.0,13,6,2029,particulier,0
8224.0,23,3,235,particulier,0
1605.0,17,2,1004,particulier,0
4373.0,9,7,571,particulier,0
3223.0,12,8,1131,particulier,0
4302.0,10,9,630,agent,0
1622.0,19,1,585,particulier,0
853.0,23,2,537,particulier,0
566.0,10,5,621,particulier,0
1274.0,19,5,1293,particulier,0
2231.0,22,7,1003,agent,0
2568.0,19,2,1658,agent,0
17097.0,11,3,990,particulier,0
8435.0,20,3,1117,particulier,0
1454.0,22,4,56,facture,0
4427.0,23,2,794,facture,0
2331.0,23,5,118,particulier,0
2587.0,9,3,638,particulier,0
3857.0,23,2,1098,agent,0
5576.0,18,3,1215,particulier,0
2469.0,18,4,808,agent,0
8138.0,19,5,1461,agent,0
1248.0,19,4,1589,agent,0
3312.0,5,1,2005,facture,0
29972.0,15,2,633,particulier,0
3982.0,23,3,1805,particulier,0
11139.0,23,2,1116,particulier,0
3561.0,11,5,1324,agent,0
5397.0,13,3,773,particulier,0
3139.0,23,2,1084,particulier,0
2850.0,20,4,310,particulier,0
1698.0,19,3,1982,particulier,0
4749.0,14,1,1172,particulier,0
1597.0,7,1,1517,particulier,0
5801.0,12,2,1760,particulier,0
8287.0,6,6,684,particulier,0
4499.0,21,5,1980,facture,0
2583.0,22,4,803,particulier,0
4846.0,21,3,1511,particulier,0
2534.0,8,1,173,particulier,0
7297.0,22,2,13,facture,0
695.0,23,6,462,agent,0
2477.0,23,4,520,particulier,0
607.0,18,3,725,particulier,0
924.0,11,3,551,agent,0
10502.0,17,1,676,agent,0
7051.0,9,4,1901,particulier,0
1787.0,19,3,272,particulier,0
919.0,8,0,1822,particulier,0
265.0,8,2,136,particulier,0
2076.0,6,4,1528,particulier,0
25780.0,12,4,213,agent,1
4768.0,20,6,406,facture,0
2047.0,19,3,189,particulier,0
4892.0,9,2,2078,particulier,0
874.0,7,3,1554,particulier,0
2559.0,11,5,1851,particulier,0
3585.0,8,0,435,particulier,0
3062.0,22,3,1645,particulier,0
6452.0,21,5,1055,particulier,0
4416.0,11,3,1809,particulier,0
5814.0,18,4,447,facture,0
1835.0,5,4,677,particulier,0
7067.0,21,1,1113,agent,0
13156.0,12,7,1950,agent,1
1444.0,10,6,1042,particulier,0
1549.0,21,4,473,particulier,0
10254.0,9,4,806,particulier,0
2800.0,22,3,1169,facture,0
10864.0,19,1,243,particulier,0
2262.0,10,4,1924,facture,0
11348.0,19,3,187,particulier,0
3684.0,23,4,664,particulier,0
4103.0,12,2,752,particulier,0
12457.0,7,4,1521,particulier,0
2422.0,19,2,901,particulier,0
1480.0,14,4,498,particulier,0
2250.0,17,3,1189,particulier,0
4839.0,23,1,361,particulier,0
871.0,11,2,1635,particulier,0
5664.0,16,6,303,particulier,0
2084.0,4,2,72,particulier,0
8740.0,6,8,168,particulier,0
430.0,10,5,2121,particulier,0
1688.0,7,7,1641,particulier,0
786.0,22,6,2139,particulier,0
1632.0,11,1,1563,particulier,0
4066.0,20,2,1431,facture,0
2829.0,23,3,602,particulier,0
2656.0,23,1,557,facture,0
2878.0,12,4,916,particulier,0
3916.0,15,1,1031,particulier,0
1398.0,18,4,1917,agent,0
6008.0,23,5,1065,agent,0
5786.0,21,2,33,agent,0
4570.0,10,1,856,particulier,0
5287.0,19,6,752,particulier,0
4238.0,9,3,1217,particulier,0
18579.0,7,2,2025,particulier,0
3059.0,23,1,1055,particulier,0
2538.0,22,3,1536,agent,0
1736.0,22,1,1613,particulier,0
1370.0,22,2,1065,particulier,0
1144.0,20,4,330,agent,0
1548.0,18,3,1526,agent,0
3102.0,10,2,760,particulier,0
4377.0,23,4,1185,particulier,0
3441.0,20,1,2045,facture,0
1719.0,22,3,171,particulier,0
7081.0,10,3,777,particulier,0
6176.0,21,4,434,particulier,0
2876.0,7,2,689,agent,0
1891.0,22,3,781,particulier,0
5251.0,10,6,1455,particulier,0
3865.0,23,3,259,particulier,0
962.0,19,5,1388,particulier,0
3109.0,21,2,482,particulier,0
4116.0,18,2,1825,particulier,0
1533.0,8,6,1928,particulier,0
3871.0,19,6,1365,particulier,0
957.0,21,3,932,particulier,0
10257.0,22,2,1623,particulier,0
9516.0,21,4,557,particulier,0
2658.0,9,3,184,particulier,0
4487.0,22,6,718,particulier,0
425.0,9,2,1344,particulier,0
1233.0,13,1,1387,agent,0
2566.0,21,7,1772,particulier,0
1324.0,22,3,89,particulier,0
6047.0,18,4,474,agent,0
17992.0,22,0,1407,particulier,0
1212.0,11,2,1096,particulier,0
1617.0,22,5,26,particulier,0
4024.0,23,0,465,agent,0
12958.0,10,4,107,agent,0
1166.0,15,3,1788,agent,0
4071.0,12,2,148,particulier,0
15492.0,6,2,376,particulier,0
809.0,15,2,153,particulier,0
1109.0,22,4,1500,agent,0
2298.0,23,2,483,particulier,0
2116.0,8,5,993,particulier,0
6573.0,20,1,186,particulier,0
4046.0,9,0,226,particulier,0
729.0,10,2,1297,agent,0
5106.0,17,4,401,particulier,0
2016.0,8,3,1553,particulier,0
9733.0,23,2,2095,particulier,0
1932.0,22,2,428,particulier,0
1918.0,13,4,730,particulier,0
5218.0,22,4,2180,particulier,0
6301.0,7,1,351,particulier,0
4822.0,9,4,2080,particulier,0
786.0,23,5,796,particulier,0
5205.0,17,1,889,particulier,0
1368.0,21,3,1551,particulier,0
4024.0,22,3,2125,particulier,0
982.0,9,2,1494,particulier,0
4814.0,22,0,609,particulier,0
1660.0,8,3,184,agent,0
1107.0,16,5,1076,particulier,0
6044.0,22,5,985,particulier,0
4046.0,22,4,2185,particulier,0
1955.0,23,3,893,particulier,0
11311.0,23,3,1513,particulier,0
2265.0,18,3,560,agent,0
3386.0,23,2,2031,particulier,0
4141.0,22,2,969,particulier,0
1946.0,20,6,1123,facture,0
4917.0,18,3,700,particulier,0
2093.0,21,5,532,agent,0
2322.0,21,1,763,particulier,0
10491.0,8,2,772,particulier,0
1360.0,19,4,1644,particulier,0
424.0,22,5,2172,agent,0
12956.0,20,2,313,particulier,0
28765.0,23,2,172,particulier,0
2334.0,10,3,389,particulier,0
635.0,6,4,1501,particulier,0
2530.0,10,4,1466,particulier,0
2583.0,23,4,2115,particulier,0
2803.0,21,4,2138,particulier,0
1279.0,17,1,1977,particulier,0
5392.0,8,5,1127,particulier,0
5145.0,19,3,1878,particulier,0
925.0,21,4,1480,particulier,0
5969.0,18,4,237,particulier,0
18860.0,8,3,1546,particulier,0
3813.0,19,6,2109,particulier,0
2473.0,23,6,43,agent,0
2920.0,6,2,77,particulier,0
5558.0,19,6,1772,particulier,0
757.0,9,2,683,particulier,0
3789.0,18,9,73,particulier,0
2364.0,10,5,2095,particulier,0
15846.0,11,7,594,facture,0
2841.0,19,3,1687,particulier,0
13598.0,9,2,1644,particulier,0
1289.0,21,3,2113,agent,0
5427.0,23,5,590,particulier,0
4322.0,18,2,531,particulier,0
1574.0,20,5,2104,particulier,0
3831.0,20,6,1584,agent,0
9234.0,23,3,54,facture,0
2502.0,8,2,1680,particulier,0
782.0,9,3,1100,particulier,0
3246.0,21,3,1838,agent,0
1530.0,23,2,1042,agent,0
2463.0,23,5,1739,particulier,0
3074.0,22,2,844,particulier,0
773.0,10,0,1104,particulier,0
834.0,7,3,165,particulier,0
4963.0,23,3,39,particulier,0
2113.0,20,2,488,particulier,0
372.0,22,4,1269,particulier,0
6420.0,22,3,1413,particulier,0
4153.0,17,3,1831,particulier,0
1796.0,20,0,777,particulier,0
1076.0,21,3,927,particulier,0
6704.0,20,4,1710,agent,0
4434.0,9,1,706,particulier,0
24965.0,8,3,1229,particulier,0
4709.0,19,3,783,particulier,0
4580.0,17,2,1707,agent,0
2859.0,11,3,1434,particulier,0
6596.0,22,5,1910,particulier,0
5604.0,3,2,902,particulier,0
9547.0,22,5,2165,particulier,0
2115.0,8,2,1013,agent,0
2275.0,21,5,1038,particulier,0
2192.0,8,1,1628,particulier,0
6452.0,18,5,159,particulier,0
11774.0,8,2,1279,facture,0
2231.0,20,1,1286,particulier,0
2296.0,22,4,1302,particulier,0
4303.0,8,4,1034,particulier,0
2673.0,21,4,1535,particulier,0
7400.0,18,3,603,particulier,0
486.0,23,2,1951,particulier,0
1632.0,7,4,561,particulier,0
1694.0,10,3,1017,particulier,0
458.0,23,3,2178,particulier,0
1452.0,11,2,302,particulier,0
1513.0,9,4,215,particulier,0
2777.0,6,1,1870,agent,0
8485.0,17,2,108,particulier,0
2675.0,23,2,1003,particulier,0
1372.0,21,1,1720,particulier,0
3139.0,20,5,1756,particulier,0
8037.0,17,5,658,particulier,0
1437.0,9,1,1689,particulier,0
1519.0,20,4,572,particulier,0
5296.0,23,2,723,facture,0
2729.0,21,4,1848,particulier,0
5712.0,21,4,969,agent,0
3256.0,7,4,607,particulier,0
5981.0,23,3,2170,particulier,0
1367.0,10,3,803,agent,0
3261.0,23,1,1223,particulier,0
2754.0,20,3,1353,particulier,0
1172.0,12,2,796,particulier,0
872.0,9,5,501,particulier,0
5901.0,20,2,2173,particulier,0
2445.0,11,2,894,particulier,0
1382.0,15,3,1727,particulier,0
3036.0,21,4,78,particulier,0
8594.0,19,2,84,particulier,0
474.0,19,2,1603,particulier,0
923.0,8,1,701,particulier,0
1503.0,20,2,1227,particulier,0
11407.0,9,4,1548,particulier,0
4189.0,7,3,606,particulier,0
6325.0,17,5,1228,particulier,0
1250.0,21,2,539,particulier,0
1272.0,19,0,1707,agent,0
4821.0,17,0,252,particulier,0
3462.0,7,3,1561,agent,0
5252.0,5,7,620,particulier,0
2809.0,21,4,1399,agent,0
4173.0,19,2,1791,particulier,0
3768.0,17,2,1973,facture,0
6381.0,18,2,1422,particulier,0
6542.0,16,0,1477,particulier,0
831.0,23,2,1991,particulier,0
488.0,23,2,1521,particulier,0
7719.0,23,3,2089,particulier,0
9041.0,19,3,449,particulier,0
1384.0,23,3,1827,facture,0
678.0,21,7,679,particulier,0
3584.0,19,2,35,particulier,0
7268.0,19,7,650,agent,0
15183.0,20,0,1983,agent,0
5109.0,14,5,1336,agent,0
2402.0,21,7,29,facture,0
1542.0,20,6,379,particulier,0
3327.0,20,3,1575,particulier,0
2555.0,23,1,392,particulier,0
1390.0,20,2,1615,particulier,0
18797.0,11,9,1486,particulier,1
15024.0,7,3,489,particulier,0
8653.0,20,2,121,agent,0
1506.0,17,2,2036,particulier,0
6814.0,11,2,460,particulier,0
5674.0,23,3,1695,particulier,0
4799.0,17,0,297,particulier,0
9530.0,7,3,1131,particulier,0
5654.0,21,4,1706,particulier,0
6180.0,23,5,839,particulier,0
5661.0,21,1,460,facture,0
4401.0,23,6,725,particulier,0
723.0,14,1,1275,particulier,0
3537.0,23,5,1835,particulier,0
2053.0,23,9,483,particulier,0
1110.0,23,5,422,particulier,0
13760.0,21,1,1299,agent,0
14323.0,21,3,1343,particulier,0
10460.0,20,1,847,particulier,0
4093.0,21,5,675,facture,0
10384.0,21,3,1038,particulier,0
3328.0,8,3,1165,particulier,0
3914.0,20,6,922,agent,0
1301.0,8,4,1007,agent,0
4617.0,17,1,1004,facture,0
3468.0,18,1,1909,particulier,0
1089.0,7,6,648,agent,0
3154.0,7,4,2096,particulier,0
3079.0,19,3,2121,particulier,0
15183.0,21,4,480,facture,0
7045.0,10,3,1066,agent,0
3327.0,23,6,2179,particulier,0
4070.0,19,5,765,particulier,0
3421.0,20,2,596,agent,0
2773.0,7,4,229,particulier,0
1313.0,18,0,1220,agent,0
2898.0,19,4,379,particulier,0
1747.0,9,2,626,particulier,0
1138.0,23,3,647,agent,0
5087.0,6,0,2020,agent,0
4594.0,19,5,1662,particulier,0
721.0,8,5,851,particulier,0
2968.0,22,2,215,agent,0
7680.0,21,4,1558,particulier,0
8106.0,20,3,160,agent,0
7879.0,11,5,173,agent,0
3405.0,17,4,2072,particulier,0
1606.0,21,2,2049,particulier,0
1311.0,23,6,1316,particulier,0
4416.0,17,2,577,particulier,0
4548.0,11,10,1675,agent,0
9840.0,20,2,339,particulier,0
8392.0,20,4,909,agent,0
2944.0,7,1,313,facture,0
1144.0,18,2,1509,particulier,0
2512.0,18,0,997,agent,0
3963.0,22,5,2172,agent,0
2775.0,19,4,63,facture,0
2016.0,6,4,1606,facture,0
4084.0,20,4,1559,particulier,0
2147.0,22,5,69,particulier,0
1932.0,8,0,1763,particulier,0
4293.0,22,4,1639,particulier,0
2341.0,10,1,923,particulier,0
4054.0,20,7,105,particulier,0
4156.0,6,8,1189,particulier,0
1251.0,5,2,1799,facture,0
2188.0,8,4,525,particulier,0
11183.0,19,5,1184,particulier,0
1227.0,14,4,2039,particulier,0
545.0,9,3,38,particulier,0
677.0,23,2,447,particulier,0
3377.0,23,1,1342,particulier,0
3382.0,21,3,1331,agent,0
2981.0,9,5,815,particulier,0
9247.0,7,3,1639,agent,0
340.0,17,1,1535,agent,0
4613.0,20,4,1256,particulier,0
12422.0,23,4,867,particulier,0
1263.0,21,3,1335,particulier,0
2386.0,8,2,1420,particulier,0
1737.0,19,3,2036,particulier,0
1540.0,8,3,345,particulier,0
2497.0,18,6,2034,particulier,0
11085.0,18,2,45,agent,1
15706.0,10,2,1914,facture,0
2476.0,18,0,2008,particulier,0
16636.0,10,1,303,agent,0
3396.0,9,3,1661,particulier,0
14627.0,6,2,2069,particulier,0
3043.0,9,6,290,particulier,0
3683.0,23,1,701,particulier,0
4495.0,17,2,970,particulier,0
49120.0,11,2,556,facture,1
6793.0,19,3,75,particulier,0
1806.0,11,1,2072,agent,0
7507.0,23,3,2198,particulier,0
2422.0,9,1,2113,facture,0
2173.0,22,3,1866,particulier,0
7132.0,8,1,145,facture,0
3383.0,19,0,1023,particulier,0
4175.0,19,5,1985,particulier,0
3334.0,9,4,23,facture,0
4386.0,19,2,303,particulier,0
4728.0,21,1,1697,particulier,0
635.0,23,2,877,particulier,0
5806.0,20,2,395,particulier,0
1430.0,23,5,176,particulier,0
967.0,23,4,1392,particulier,0
3135.0,22,7,234,particulier,0
3538.0,22,5,1247,particulier,0
1827.0,8,4,1420,particulier,0
6677.0,8,5,1151,particulier,0
1053.0,22,5,796,particulier,0
2331.0,22,3,875,particulier,0
2004.0,21,2,1798,agent,0
3167.0,9,2,1695,agent,0
4176.0,11,4,566,particulier,0
1399.0,22,2,1423,agent,0
6098.0,23,2,1581,agent,0
3476.0,7,3,236,particulier,0
660.0,23,4,858,particulier,0
623.0,23,4,1295,agent,0
3260.0,18,4,1006,particulier,0
2730.0,8,2,936,particulier,0
3017.0,19,4,1351,particulier,0
3217.0,18,4,819,particulier,0
3991.0,8,4,72,particulier,0
7372.0,23,10,791,particulier,0
1281.0,19,11,789,particulier,0
1217.0,16,5,964,particulier,0
1301.0,10,4,607,particulier,0
4212.0,22,9,611,particulier,0
9492.0,19,3,1736,agent,0
2283.0,12,1,872,agent,0
393.0,13,3,1988,particulier,0
774.0,21,2,606,facture,0
1623.0,22,6,1579,agent,0
2051.0,19,2,1748,particulier,0
2328.0,22,3,469,particulier,0
3404.0,23,2,192,particulier,0
2528.0,12,3,1693,particulier,0
8038.0,8,5,1430,particulier,0
1855.0,7,5,484,facture,0
1583.0,22,1,1279,particulier,0
4950.0,19,1,1215,particulier,0
893.0,9,2,2060,agent,0
4588.0,21,5,1621,particulier,0
3595.0,23,5,1372,agent,0
2906.0,22,3,287,facture,0
12709.0,23,2,2081,agent,0
1941.0,23,4,2065,particulier,0
18982.0,21,3,1424,particulier,0
2720.0,10,2,735,agent,0
1113.0,18,3,2077,agent,0
3496.0,17,2,890,particulier,0
1320.0,23,5,125,particulier,0
1739.0,20,6,1046,agent,0
4617.0,16,4,1614,agent,0
5283.0,23,3,340,agent,0
1941.0,21,2,1001,agent,0
7626.0,23,4,69,particulier,0
8812.0,9,2,742,particulier,0
11169.0,19,2,878,particulier,0
5167.0,22,5,1697,particulier,0
10498.0,10,1,94,agent,0
666.0,11,2,173,agent,0
2514.0,7,5,329,particulier,0
1577.0,23,1,1403,particulier,0
3646.0,8,3,1805,particulier,0
2027.0,18,3,2117,particulier,0
2861.0,8,2,323,particulier,0
16315.0,9,4,274,particulier,0
2852.0,15,2,423,agent,0
4683.0,8,6,1438,particulier,0
2704.0,9,2,1568,particulier,0
3513.0,19,5,1442,particulier,0
3311.0,20,4,1195,particulier,0
4823.0,6,3,854,particulier,0
8871.0,19,5,1754,particulier,0
13364.0,23,4,1559,particulier,0
4286.0,22,6,1650,agent,0
5438.0,9,3,965,particulier,0
1239.0,9,3,744,particulier,0
3057.0,20,3,767,particulier,0
7326.0,13,1,1008,particulier,0
6878.0,9,1,1858,facture,0
3944.0,23,4,1131,particulier,0
6998.0,16,2,609,particulier,0
5000.0,18,5,1192,particulier,0
9139.0,6,7,1889,facture,0
4213.0,23,2,593,particulier,0
2435.0,21,4,1120,facture,0
4383.0,23,2,1165,agent,0
273.0,20,3,566,agent,0
4562.0,20,3,1556,particulier,0
148.0,20,1,861,facture,0
761.0,23,3,630,particulier,0
4837.0,13,0,89,particulier,0
4944.0,10,2,914,particulier,0
1227.0,10,2,503,particulier,0
1799.0,22,2,1578,agent,0
10561.0,18,1,1756,particulier,0
2183.0,12,4,1019,facture,0
22170.0,21,2,657,particulier,0
3289.0,21,3,1763,facture,0
4660.0,22,1,1119,particulier,0
13021.0,20,5,704,particulier,0
3683.0,21,3,1454,particulier,0
1405.0,8,3,458,particulier,0
3001.0,3,8,1691,particulier,0
3196.0,7,3,750,particulier,0
1033.0,9,5,19,facture,0
2651.0,13,3,1567,particulier,0
1753.0,20,0,2046,particulier,0
7228.0,16,2,1215,particulier,0
3393.0,4,1,829,particulier,0
2591.0,23,5,403,particulier,0
3010.0,11,2,860,particulier,0
3982.0,19,2,1358,particulier,0
5565.0,17,7,1977,particulier,0
1408.0,7,2,1058,agent,0
1359.0,9,1,2073,facture,0
8425.0,8,1,2018,particulier,0
2320.0,21,6,736,particulier,0
988.0,20,1,325,facture,0
4804.0,19,4,714,particulier,0
4885.0,10,6,996,particulier,0
897.0,19,1,403,particulier,0
4004.0,19,1,709,particulier,0
6156.0,20,2,1705,particulier,0
4529.0,7,4,55,agent,0
5637.0,22,3,182,agent,0
999.0,9,6,346,particulier,0
4365.0,23,3,1966,agent,0
2547.0,6,4,1609,particulier,0
2186.0,11,3,1194,agent,0
6905.0,21,4,1667,agent,0
11584.0,19,0,1436,agent,0
15142.0,23,4,1277,particulier,0
10073.0,21,2,1851,facture,0
3001.0,14,1,78,particulier,0
4446.0,22,2,929,particulier,0
6322.0,21,4,640,agent,0
3652.0,9,2,156,particulier,0
3682.0,19,3,2081,particulier,0
6636.0,21,1,1758,particulier,0
3133.0,12,1,775,particulier,0
1772.0,8,3,258,particulier,0
2316.0,21,6,1588,particulier,0
5647.0,21,3,2182,agent,0
3303.0,23,2,622,agent,0
4399.0,21,1,807,agent,0
5823.0,12,4,430,agent,0
2396.0,18,4,1043,particulier,0
6265.0,23,3,583,particulier,0
4546.0,19,7,1541,particulier,0
1153.0,8,5,116,agent,0
11226.0,9,3,1182,particulier,0
2152.0,21,7,1907,particulier,0
807.0,22,1,887,particulier,0
1355.0,15,4,1475,agent,0
1383.0,19,5,526,particulier,0
3444.0,11,2,2138,facture,0
2610.0,10,4,2061,particulier,0
2474.0,11,5,1493,particulier,0
5579.0,15,3,684,particulier,0
4398.0,11,3,1703,particulier,0
4310.0,20,1,1706,particulier,0
4667.0,23,2,1208,agent,0
5562.0,21,2,1445,particulier,0
549.0,8,5,1673,particulier,0
2417.0,8,4,127,facture,0
516.0,22,2,497,particulier,0
3397.0,11,4,96,particulier,0
3282.0,7,4,1135,particulier,0
8012.0,6,1,971,particulier,0
9041.0,20,2,1898,particulier,0
3914.0,11,3,1411,agent,0
2153.0,10,2,1970,particulier,0
4976.0,12,4,1742,particulier,0
2103.0,16,2,208,agent,0
3291.0,6,3,1292,particulier,0
7618.0,12,2,1298,particulier,0
2051.0,20,1,443,particulier,0
6534.0,10,4,604,agent,0
5859.0,18,3,972,agent,0
1463.0,17,3,2061,facture,0
7539.0,18,5,233,particulier,0
5966.0,16,3,30,particulier,0
3593.0,17,2,478,agent,0
1723.0,17,5,170,agent,0
1587.0,23,6,996,particulier,0
2086.0,17,4,782,particulier,0
5225.0,20,1,882,agent,0
1462.0,8,1,777,particulier,0
4779.0,23,7,2027,agent,0
1147.0,20,0,609,agent,0
2770.0,20,4,48,particulier,0
3616.0,21,2,2134,agent,0
26327.0,23,4,214,particulier,0
1022.0,14,5,1026,facture,0
11513.0,22,2,2073,particulier,0
3742.0,23,3,1256,particulier,0
4673.0,21,4,715,particulier,0
3643.0,23,6,2029,facture,0
4808.0,8,4,634,particulier,0
2891.0,12,2,1879,particulier,0
11338.0,18,2,2160,particulier,0
2235.0,18,6,2175,particulier,0
8625.0,19,3,582,particulier,0
1905.0,23,1,2185,particulier,0
3130.0,23,2,500,facture,0
1325.0,11,3,1703,agent,0
4850.0,20,4,392,particulier,0
11253.0,22,6,653,particulier,0
3085.0,9,2,1361,agent,0
2787.0,20,5,957,agent,0
1277.0,20,2,1322,particulier,0
2711.0,10,6,1763,particulier,0
851.0,20,6,759,agent,0
1516.0,20,2,339,particulier,0
3995.0,9,1,1058,agent,0
10109.0,23,4,1807,particulier,0
35876.0,12,2,1560,particulier,0
2001.0,23,4,973,facture,0
11159.0,21,4,1061,particulier,0
4053.0,8,5,1584,particulier,0
2897.0,20,4,1768,agent,0
4759.0,8,3,1988,particulier,0
3472.0,19,6,732,facture,0
3619.0,23,5,2122,facture,0
2328.0,9,2,38,particulier,0
1004.0,19,4,1852,particulier,0
887.0,20,3,316,agent,0
5740.0,20,5,1644,particulier,0
2604.0,10,3,1357,particulier,0
1985.0,10,4,2100,agent,0
3318.0,21,6,986,particulier,0
6475.0,22,6,200,agent,0
3840.0,23,3,2043,particulier,0
1886.0,21,3,1746,particulier,0
9343.0,18,2,440,particulier,0
12611.0,8,7,267,particulier,0
5016.0,21,3,333,agent,0
7537.0,21,4,1024,particulier,0
9468.0,16,3,1327,particulier,0
8609.0,19,3,1894,particulier,0
5552.0,19,3,1747,particulier,0
5479.0,23,3,2059,particulier,0
5124.0,19,3,1184,particulier,0
1296.0,9,3,1189,particulier,0
5977.0,19,1,793,agent,0
1041.0,22,3,815,agent,0
1677.0,3,3,883,particulier,0
9977.0,22,3,1693,agent,0
6729.0,23,4,1020,facture,0
11664.0,13,4,1153,particulier,0
2615.0,16,4,2079,particulier,0
1237.0,22,1,1653,particulier,0
2686.0,7,3,488,particulier,0
3593.0,17,6,1882,particulier,0
3523.0,5,5,244,particulier,0
8635.0,22,3,1098,facture,0
2423.0,23,4,1192,particulier,0
4444.0,17,1,656,particulier,0
1422.0,22,2,1329,agent,0
4831.0,23,2,1528,particulier,0
3303.0,23,7,1778,particulier,0
1742.0,12,3,752,particulier,0
2696.0,23,3,1777,particulier,0
2817.0,23,3,1379,particulier,0
2619.0,15,3,757,agent,0
14848.0,19,0,2142,agent,0
3030.0,23,6,1568,agent,0
2678.0,9,7,1797,particulier,0
554.0,19,3,1327,particulier,0
1541.0,21,4,1433,particulier,0
2634.0,7,2,2131,particulier,0
1839.0,11,1,2011,particulier,0
10662.0,20,3,692,facture,0
2864.0,23,4,2055,particulier,0
9850.0,11,2,2186,agent,0
3472.0,17,2,1792,particulier,0
3400.0,19,3,775,agent,0
3055.0,18,3,31,agent,0
3305.0,19,2,985,particulier,0
14200.0,12,2,2180,particulier,0
459.0,21,4,199,particulier,0
601.0,23,5,1650,particulier,0
2076.0,19,3,959,particulier,0
3335.0,19,6,1827,agent,0
5923.0,10,6,41,particulier,0
4925.0,10,0,1737,agent,0
2377.0,23,6,1000,agent,0
7834.0,10,3,546,particulier,0
7908.0,19,2,262,particulier,0
3852.0,19,5,1746,particulier,0
7467.0,23,2,797,particulier,0
4154.0,20,3,204,particulier,0
2044.0,23,5,885,particulier,0
5962.0,11,0,817,agent,0
3619.0,23,3,1934,agent,0
3298.0,20,4,1805,particulier,0
11522.0,10,1,1954,agent,0
410.0,9,2,827,particulier,0
987.0,19,3,7,particulier,0
1201.0,16,2,2054,particulier,0
2419.0,9,2,883,particulier,0
2653.0,21,5,1063,agent,0
915.0,19,2,1024,particulier,0
1426.0,21,7,2124,particulier,0
1585.0,21,4,1895,particulier,0
26604.0,23,1,1817,particulier,0
15237.0,10,2,1429,particulier,0
2322.0,20,2,1221,facture,0
2419.0,10,4,1061,particulier,0
1240.0,20,4,1665,agent,0
651.0,21,4,870,particulier,0
2983.0,23,0,1901,particulier,0
1411.0,18,4,1281,particulier,0
3065.0,18,2,299,particulier,0
845.0,9,5,1040,particulier,0
1724.0,20,7,295,facture,0
3738.0,23,5,1006,agent,0
4498.0,17,4,641,facture,0
4698.0,20,4,935,particulier,0
1072.0,19,4,1484,particulier,0
6812.0,23,0,1822,particulier,0
1669.0,23,4,2140,particulier,0
5642.0,11,1,273,agent,0
3265.0,9,4,379,agent,0
1023.0,17,5,803,particulier,0
2518.0,23,2,1662,agent,0
4494.0,18,5,2006,agent,0
5547.0,23,2,696,agent,0
2922.0,5,3,2109,particulier,0
12113.0,21,11,280,particulier,0
7757.0,10,2,1648,particulier,0
2649.0,23,2,780,facture,0
6233.0,11,3,344,particulier,0
17047.0,10,3,143,agent,0
17438.0,9,1,36,particulier,1
1160.0,5,3,65,facture,0
1499.0,21,3,2107,agent,0
11640.0,23,3,268,particulier,0
1340.0,22,7,1305,particulier,0
1070.0,9,3,1385,agent,0
2179.0,9,2,1803,particulier,0
4709.0,21,8,14,particulier,0
3020.0,10,1,1582,particulier,0
1895.0,19,0,159,facture,0
1857.0,22,1,2045,particulier,0
1798.0,23,3,1446,agent,0
1560.0,20,1,2175,facture,0
22911.0,21,3,1996,particulier,0
4242.0,10,5,610,agent,0
7001.0,22,5,480,agent,0
2174.0,20,9,1988,particulier,0
2813.0,18,6,671,particulier,0
1796.0,21,7,588,particulier,0
346.0,8,4,380,particulier,0
1021.0,9,3,1554,particulier,0
707.0,20,0,352,agent,0
487.0,9,4,1239,particulier,0
1193.0,7,2,1286,agent,0
10160.0,10,4,612,particulier,0
3172.0,20,3,406,agent,0
9867.0,20,2,36,particulier,0
4672.0,4,5,1844,particulier,0
6407.0,17,6,661,facture,0
1532.0,22,1,1720,particulier,0
5143.0,22,4,1415,particulier,0
6121.0,19,4,925,facture,0
2018.0,23,1,1170,particulier,0
5301.0,7,3,160,facture,0
5331.0,17,0,1622,agent,0
2065.0,19,1,1943,particulier,0
1269.0,6,5,1158,agent,0
1204.0,19,5,1805,particulier,0
3546.0,20,5,917,particulier,0
4350.0,9,5,1541,agent,0
1680.0,7,3,1910,particulier,0
3370.0,11,4,1898,particulier,0
5351.0,21,0,1839,particulier,0
5572.0,20,3,1069,agent,0
12321.0,9,3,947,particulier,0
9754.0,10,3,6,agent,1
1407.0,22,3,1636,particulier,0
13781.0,9,5,574,particulier,0
2098.0,21,5,1336,particulier,0
8008.0,22,6,871,particulier,0
3490.0,19,1,1529,particulier,0
2321.0,23,5,1063,particulier,0
709.0,8,1,842,facture,0
2847.0,23,4,704,particulier,0
875.0,10,2,1716,particulier,0
7497.0,16,7,778,agent,0
11959.0,9,4,1162,particulier,0
1673.0,21,2,957,particulier,0
4259.0,7,5,2079,agent,0
1778.0,19,2,1615,particulier,0
1931.0,12,2,335,agent,0
6363.0,22,2,149,particulier,0
3188.0,21,2,29,agent,0
14454.0,9,1,148,particulier,0
2187.0,23,5,2045,agent,0
7704.0,4,4,1417,agent,0
3579.0,21,3,1639,particulier,0
6480.0,10,4,837,particulier,0
2253.0,9,1,1915,particulier,0
3159.0,8,4,860,particulier,0
2986.0,22,5,326,particulier,0
1619.0,21,1,1262,particulier,0
5784.0,7,3,1278,particulier,0
5726.0,22,3,1669,particulier,0
5456.0,12,3,1896,particulier,0
12166.0,21,5,1113,particulier,0
11293.0,20,1,1484,particulier,0
2395.0,6,2,1910,particulier,0
4524.0,18,2,2181,particulier,0
1939.0,20,3,2000,agent,0
3361.0,20,6,1950,particulier,0
1979.0,10,1,2044,particulier,0
13057.0,23,3,2157,particulier,0
4488.0,8,3,929,agent,0
2737.0,19,1,1705,particulier,0
9087.0,22,5,1344,particulier,0
521.0,23,3,86,particulier,0
595.0,22,1,1519,facture,0
6480.0,16,6,531,particulier,0
3468.0,23,2,153,particulier,0
4076.0,23,5,1312,particulier,0
1067.0,11,1,885,particulier,0
3230.0,20,6,839,particulier,0
18088.0,21,3,876,particulier,0
6638.0,22,0,1528,particulier,0
3806.0,19,5,58,particulier,0
2268.0,9,3,1971,particulier,0
2356.0,9,3,2038,particulier,0
539.0,10,4,50,particulier,0
4101.0,17,3,1283,particulier,0
6759.0,22,1,247,particulier,0
863.0,5,2,9,particulier,0
1878.0,7,5,528,particulier,0
1232.0,22,3,1700,facture,0
1450.0,21,2,179,particulier,0
3448.0,10,2,1436,particulier,0
560.0,9,4,524,particulier,0
5553.0,20,6,1406,particulier,0
6253.0,20,3,421,particulier,0
2661.0,12,3,2095,particulier,0
400.0,9,3,1546,particulier,0
1412.0,17,7,119,particulier,0
9395.0,20,8,529,particulier,0
311.0,20,2,690,particulier,0
2452.0,4,2,1285,facture,0
1208.0,7,3,617,particulier,0
6528.0,22,0,1717,particulier,0
1856.0,17,3,1092,particulier,0
4644.0,9,4,637,particulier,0
5328.0,23,3,1936,particulier,0
15690.0,19,3,2184,facture,0
2772.0,21,5,151,particulier,0
4535.0,20,1,513,particulier,0
932.0,11,4,878,agent,0
9062.0,18,1,858,particulier,0
1726.0,9,2,942,particulier,0
2045.0,21,1,1503,agent,0
3233.0,19,1,1881,particulier,0
873.0,7,4,367,particulier,0
4002.0,21,8,1882,agent,0
7498.0,8,2,718,particulier,0
4226.0,23,3,330,particulier,0
854.0,9,3,1415,agent,0
2965.0,21,2,187,agent,0
6190.0,22,5,1741,facture,0
668.0,23,5,1796,particulier,0
1321.0,22,2,1926,particulier,0
6940.0,22,2,321,agent,0
4145.0,23,3,578,agent,0
4676.0,20,10,1653,particulier,0
16004.0,23,5,192,particulier,0
4906.0,10,4,526,particulier,0
5763.0,20,6,1784,particulier,0
32996.0,18,2,2142,agent,1
2747.0,8,3,1360,agent,0
1672.0,6,2,229,particulier,0
4739.0,21,4,1635,particulier,0
4785.0,23,7,1718,particulier,0
2105.0,20,3,88,particulier,0
1370.0,22,5,974,particulier,0
23467.0,8,2,1716,particulier,0
4350.0,23,0,660,particulier,0
1768.0,8,2,2108,particulier,0
7176.0,9,2,1943,particulier,0
3003.0,10,2,2073,particulier,0
2657.0,15,1,1044,particulier,0
5313.0,11,2,424,particulier,0
1099.0,10,2,2056,particulier,0
4446.0,10,4,2163,particulier,0
16748.0,22,6,282,agent,0
4896.0,22,3,803,particulier,0
2393.0,21,4,729,particulier,0
2141.0,23,2,1638,particulier,0
2324.0,11,8,948,agent,0
2655.0,8,2,1559,particulier,0
2390.0,19,2,1267,particulier,0
7179.0,22,8,660,agent,0
755.0,19,1,888,agent,0
6855.0,11,5,1563,agent,0
2386.0,7,0,1482,facture,0
4539.0,20,6,1644,particulier,0
1264.0,23,4,1276,particulier,0
10192.0,10,4,2197,agent,0
9498.0,9,4,1085,particulier,0
7448.0,9,3,437,particulier,0
909.0,15,5,1891,particulier,0
6666.0,18,2,2063,particulier,0
4648.0,9,4,365,particulier,0
842.0,22,2,1700,facture,0
3227.0,12,4,755,particulier,0
4491.0,12,2,89,agent,0
5285.0,19,5,1192,particulier,0
3830.0,18,3,1415,particulier,0
4220.0,11,3,635,particulier,0
11528.0,12,1,1313,particulier,0
9341.0,22,3,1988,particulier,0
288.0,9,2,425,particulier,0
2515.0,19,3,1322,particulier,0
2864.0,10,2,2147,particulier,0
743.0,10,2,1012,particulier,0
3569.0,20,3,1885,particulier,0
9523.0,7,0,823,agent,0
1308.0,7,1,826,particulier,0
4385.0,9,3,322,agent,0
1513.0,18,4,1872,agent,0
1861.0,11,2,1080,particulier,0
11566.0,8,1,1034,particulier,0
2077.0,21,3,1146,particulier,0
4880.0,22,3,780,particulier,0
671.0,12,2,2029,particulier,0
16042.0,18,1,113,agent,0
5499.0,21,3,2059,particulier,0
2821.0,8,7,1477,particulier,0
5373.0,22,2,1367,particulier,0
994.0,10,2,1386,particulier,0
9002.0,19,3,1007,particulier,0
2501.0,19,3,1956,particulier,0
2770.0,6,3,992,particulier,0
2169.0,8,4,821,agent,0
2011.0,20,6,544,facture,0
5946.0,9,2,1065,particulier,0
4095.0,11,4,1578,particulier,0
5733.0,11,2,929,agent,0
3270.0,16,2,1704,particulier,0
5096.0,21,2,1316,facture,0
2308.0,11,4,128,particulier,0
21923.0,7,2,1205,particulier,0
869.0,18,3,302,particulier,0
9622.0,21,3,1013,particulier,0
10538.0,20,2,724,particulier,0
1597.0,23,5,803,particulier,0
21914.0,22,2,360,facture,0
7678.0,17,6,779,particulier,0
7521.0,19,1,1973,particulier,0
3374.0,19,1,542,particulier,0
2739.0,21,1,1674,particulier,0
2757.0,7,5,775,particulier,0
4591.0,20,1,1605,particulier,0
10840.0,23,1,1516,particulier,0
3843.0,19,6,912,agent,0
1518.0,23,4,1246,particulier,0
6639.0,20,2,160,particulier,0
7208.0,9,5,223,facture,0
5747.0,21,2,377,particulier,0
6208.0,23,5,2154,particulier,0
2617.0,5,3,316,agent,0
1496.0,10,3,1495,facture,0
1575.0,21,3,453,particulier,0
820.0,19,2,1203,agent,0
4030.0,23,3,1824,particulier,0
3069.0,19,4,171,particulier,0
2267.0,19,3,106,particulier,0
267.0,11,3,1972,particulier,0
1141.0,20,6,1443,particulier,0
8542.0,23,3,1551,agent,0
1873.0,5,3,167,particulier,0
4476.0,19,2,1758,particulier,0
1010.0,18,1,824,particulier,0
11191.0,10,1,500,agent,0
2915.0,23,2,56,particulier,0
4216.0,20,9,315,facture,0
23787.0,22,3,494,particulier,0
11956.0,17,1,1772,particulier,0
2539.0,18,1,1326,agent,0
1990.0,20,2,559,particulier,0
2498.0,23,7,643,particulier,0
5082.0,17,6,536,agent,0
3013.0,19,3,106,particulier,0
2354.0,9,6,1258,agent,0
11466.0,8,2,1481,particulier,0
2990.0,22,2,1376,particulier,0
23264.0,22,1,2005,particulier,0
3559.0,7,6,1333,particulier,0
15026.0,17,2,1503,particulier,0
4464.0,18,4,1882,agent,0
7469.0,13,3,318,particulier,0
1779.0,21,3,1816,agent,0
1594.0,18,4,291,particulier,0
4870.0,21,3,2196,agent,0
7633.0,20,5,1654,particulier,0
3409.0,19,2,1376,particulier,0
1104.0,23,3,709,particulier,0
1037.0,9,0,1079,particulier,0
979.0,23,1,1265,agent,0
733.0,10,2,528,agent,0
3616.0,18,5,85,particulier,0
8572.0,23,3,1309,particulier,0
3257.0,18,1,1108,particulier,0
482.0,23,4,990,agent,0
2801.0,21,5,597,particulier,0
2869.0,17,3,61,particulier,0
19567.0,17,6,1082,particulier,0
955.0,20,1,242,particulier,0
2364.0,23,0,806,facture,0
14044.0,20,2,889,particulier,0
4829.0,20,3,581,particulier,0
5318.0,21,4,1681,particulier,0
3631.0,11,2,2000,particulier,0
4361.0,8,0,1021,agent,0
6380.0,23,6,1402,particulier,0
1656.0,22,5,268,particulier,0
6949.0,19,1,665,particulier,0
1026.0,18,2,1912,particulier,0
4355.0,18,3,296,particulier,0
3835.0,18,2,1882,agent,0
1951.0,11,4,1173,particulier,0
3232.0,9,2,1710,particulier,0
1941.0,23,3,1623,particulier,0
1325.0,23,7,1646,particulier,0
2439.0,21,4,749,particulier,0
1289.0,18,3,2027,particulier,0
4335.0,22,2,785,particulier,0
1239.0,18,2,1350,agent,0
6034.0,22,3,687,particulier,0
1207.0,18,6,871,particulier,0
2036.0,5,3,352,particulier,0
1937.0,19,3,2010,particulier,0
10162.0,12,5,337,particulier,0
4362.0,15,1,709,facture,0
2752.0,23,4,674,facture,0
5034.0,19,5,874,facture,0
549.0,20,2,693,particulier,0
3176.0,21,3,1633,agent,0
17996.0,21,3,538,particulier,0
3687.0,23,3,1504,particulier,0
3490.0,22,4,275,particulier,0
5250.0,23,5,212,particulier,0
7053.0,10,1,392,particulier,0
603.0,20,1,753,particulier,0
788.0,11,4,283,particulier,0
3939.0,9,2,1732,particulier,0
1794.0,23,2,1676,particulier,0
10049.0,7,3,1196,agent,0
2520.0,23,3,1979,agent,0
636.0,13,1,510,particulier,0
1121.0,15,1,41,agent,0
318.0,20,3,1542,particulier,0
2700.0,20,5,1611,agent,0
2807.0,21,2,115,particulier,0
2297.0,23,2,2141,particulier,0
8242.0,23,2,1313,particulier,0
9125.0,10,0,706,agent,0
2850.0,17,0,918,particulier,0
537.0,18,4,835,particulier,0
5567.0,21,4,1706,particulier,0
5282.0,5,4,595,particulier,0
4285.0,11,1,1972,particulier,0
7588.0,22,2,1635,agent,0
1224.0,16,2,996,particulier,0
18168.0,14,3,10,particulier,1
1458.0,18,5,60,facture,0
6228.0,5,4,1389,particulier,0
785.0,23,5,882,particulier,0
1494.0,9,3,1000,agent,0
11955.0,17,2,1067,particulier,0
2639.0,8,1,1702,particulier,0
6727.0,19,1,652,particulier,0
4030.0,23,2,1132,particulier,0
3013.0,22,3,1929,agent,0
10501.0,23,0,1484,agent,0
2694.0,11,1,1060,particulier,0
725.0,22,1,1055,agent,0
1664.0,11,5,681,particulier,0
5263.0,21,2,1033,facture,0
4611.0,20,6,864,particulier,0
870.0,19,5,1243,agent,0
1780.0,17,5,284,particulier,0
2009.0,9,4,1911,facture,0
2415.0,18,4,900,particulier,0
1023.0,17,6,1385,agent,0
1931.0,17,2,227,particulier,0
1773.0,8,3,1032,agent,0
6347.0,8,4,878,particulier,0
6553.0,9,2,1669,particulier,0
2910.0,20,6,1497,particulier,0
2361.0,20,3,2188,particulier,0
3711.0,22,1,262,particulier,0
1646.0,8,3,606,facture,0
1243.0,23,4,965,particulier,0
1482.0,7,2,282,particulier,0
1921.0,5,3,1669,particulier,0
1225.0,9,5,640,particulier,0
3781.0,14,2,328,particulier,0
6126.0,20,5,1033,particulier,0
855.0,20,1,1928,particulier,0
3366.0,20,2,1899,particulier,0
2733.0,18,3,1870,particulier,0
4404.0,9,5,1558,particulier,0
3258.0,19,3,1839,particulier,0
958.0,9,2,1397,particulier,0
1127.0,10,6,2020,particulier,0
3378.0,23,1,1465,particulier,0
7899.0,19,1,1833,particulier,0
502.0,19,7,1843,particulier,0
4420.0,23,3,1260,agent,0
9056.0,10,1,878,particulier,0
2893.0,10,2,347,particulier,0
5259.0,10,3,107,particulier,0
1812.0,21,2,2059,particulier,0
2977.0,13,2,832,particulier,0
831.0,23,3,138,facture,0
449.0,7,1,1428,particulier,0
7342.0,8,4,795,agent,0
1426.0,12,5,508,facture,0
2237.0,14,3,2068,agent,0
1014.0,10,3,670,particulier,0
994.0,19,4,1818,particulier,0
2842.0,20,4,1423,agent,0
1772.0,21,2,1062,particulier,0
4543.0,19,2,1210,facture,0
4840.0,21,0,451,particulier,0
4327.0,21,3,1919,particulier,0
4035.0,7,3,1590,particulier,0
12596.0,7,3,1283,particulier,0
1329.0,12,0,1977,particulier,0
3144.0,9,1,1671,particulier,0
8628.0,21,4,810,agent,0
9651.0,7,4,2139,agent,0
984.0,23,0,1634,facture,0
2526.0,20,1,515,particulier,0
10450.0,7,2,42,particulier,0
5074.0,7,2,1604,particulier,0
3889.0,20,3,943,particulier,0
2738.0,9,3,1485,particulier,0
2377.0,23,1,1319,particulier,0
4209.0,8,1,1934,particulier,0
2658.0,23,1,716,particulier,0
3177.0,21,4,521,particulier,0
3522.0,8,7,811,particulier,0
1851.0,23,3,1159,particulier,0
5179.0,16,4,1130,particulier,0
39227.0,7,4,911,facture,0
727.0,9,0,1835,particulier,0
4339.0,22,0,1573,particulier,0
1726.0,10,5,1894,particulier,0
5382.0,23,7,1850,particulier,0
3427.0,20,2,677,particulier,0
6295.0,8,3,65,particulier,0
8948.0,22,3,1250,particulier,0
3880.0,19,4,1582,particulier,0
8623.0,9,5,2155,particulier,0
449.0,10,1,1069,particulier,0
12732.0,21,5,1695,particulier,0
4531.0,20,2,1697,agent,0
8235.0,6,0,183,particulier,0
1168.0,7,2,1048,agent,0
1626.0,19,5,305,particulier,0
3730.0,23,1,1979,particulier,0
3247.0,20,3,1473,particulier,0
4191.0,21,1,1149,agent,0
8282.0,17,2,55,particulier,0
735.0,23,5,1027,agent,0
7538.0,10,4,1155,particulier,0
3318.0,9,6,847,particulier,0
2771.0,20,2,1382,particulier,0
943.0,18,2,705,particulier,0
5052.0,21,4,388,particulier,0
423.0,17,6,1988,particulier,0
5717.0,23,2,2193,particulier,0
927.0,10,3,1765,particulier,0
3448.0,20,2,2040,agent,0
2977.0,12,4,1061,particulier,0
8903.0,19,2,1108,agent,0
2830.0,21,4,401,particulier,0
1826.0,6,2,1830,particulier,0
2142.0,7,3,1880,agent,0
9720.0,23,3,1462,facture,0
5197.0,12,3,579,agent,0
2374.0,21,2,761,particulier,0
2695.0,7,5,1584,particulier,0
869.0,20,1,474,particulier,0
4583.0,20,2,1716,facture,0
738.0,8,7,154,particulier,0
6242.0,7,6,156,particulier,0
3675.0,8,4,1455,particulier,0
25057.0,23,1,1801,particulier,0
1293.0,10,1,1386,particulier,0
3019.0,17,3,261,particulier,0
15192.0,23,7,1839,particulier,0
9070.0,20,1,1936,particulier,0
1823.0,19,4,1107,particulier,0
3985.0,22,5,442,agent,0
3300.0,7,3,1103,particulier,0
4187.0,17,2,1885,agent,0
1819.0,22,4,1709,agent,0
3054.0,23,5,139,agent,0
847.0,9,2,501,facture,0
3695.0,20,4,2070,particulier,0
4830.0,16,3,2014,particulier,0
2715.0,23,4,938,particulier,0
835.0,8,3,451,agent,0
7633.0,9,1,979,particulier,0
4491.0,21,1,1869,particulier,0
1777.0,15,2,960,agent,0
2595.0,23,3,1665,particulier,0
920.0,10,3,1782,particulier,0
1378.0,20,3,328,agent,0
2086.0,21,4,1799,particulier,0
9360.0,23,1,1591,particulier,0
1913.0,11,4,366,facture,0
5677.0,21,3,162,particulier,0
2085.0,23,2,803,particulier,0
4067.0,17,3,1348,particulier,0
2921.0,6,1,1831,particulier,0
6919.0,21,4,991,particulier,0
2091.0,9,4,764,particulier,0
866.0,20,3,1804,particulier,0
1018.0,8,2,206,particulier,0
2096.0,19,5,1985,particulier,0
1139.0,23,4,599,agent,0
4669.0,23,6,816,particulier,0
2217.0,23,3,1723,particulier,0
24795.0,11,5,2072,facture,0
752.0,9,2,1234,particulier,0
3917.0,20,2,1866,particulier,0
1263.0,21,2,573,agent,0
2166.0,17,5,1720,particulier,0
3715.0,22,2,865,particulier,0
456.0,9,5,265,agent,0
4029.0,15,1,415,facture,0
16605.0,18,3,1005,particulier,0
2241.0,23,7,2008,particulier,0
4109.0,9,2,1770,particulier,0
7873.0,10,3,336,agent,0
2866.0,11,2,944,agent,0
2011.0,19,4,2076,particulier,0
476.0,20,3,1882,particulier,0
5681.0,18,0,1471,agent,0
2992.0,11,0,1991,particulier,0
1393.0,23,4,510,agent,0
3669.0,8,3,1348,particulier,0
2006.0,22,4,1273,particulier,0
2102.0,9,4,85,particulier,0
5516.0,23,4,572,particulier,0
1056.0,6,1,1026,particulier,0
8024.0,23,3,1193,particulier,0
1004.0,10,4,564,particulier,0
1876.0,21,3,2051,particulier,0
16890.0,9,4,1160,particulier,0
8589.0,7,2,283,particulier,0
3579.0,19,1,1106,agent,0
1481.0,21,7,836,particulier,0
2101.0,18,2,1736,agent,0
3506.0,19,1,59,particulier,0
3401.0,18,3,110,particulier,0
3050.0,22,3,332,particulier,0
3209.0,22,3,30,particulier,0
2746.0,23,0,388,particulier,0
967.0,20,3,1678,particulier,0
2124.0,19,3,1820,particulier,0
7168.0,7,5,1998,particulier,0
1030.0,21,3,1382,facture,0
2804.0,7,5,501,particulier,0
1641.0,9,4,2114,facture,0
3622.0,21,4,760,particulier,0
2368.0,10,5,1970,particulier,0
11566.0,21,5,1687,facture,0
5067.0,23,2,1592,particulier,0
1080.0,23,5,1120,particulier,0
5829.0,10,1,613,particulier,0
1705.0,22,2,1342,particulier,0
2017.0,20,6,340,facture,0
4302.0,20,9,67,particulier,0
2169.0,20,0,1839,agent,0
7037.0,20,3,1923,agent,0
1706.0,21,4,1818,particulier,0
1947.0,22,1,353,particulier,0
1886.0,7,2,34,particulier,0
2037.0,20,3,1621,particulier,0
8386.0,21,7,1572,agent,1
5622.0,18,4,147,particulier,0
14093.0,10,6,791,particulier,0
22641.0,7,3,2189,particulier,0
1372.0,18,1,153,particulier,0
3498.0,9,2,1987,particulier,0
1212.0,7,3,751,agent,0
1701.0,6,7,1964,particulier,0
1928.0,6,2,650,particulier,0
1341.0,9,0,65,particulier,0
1347.0,23,3,1188,particulier,0
2914.0,20,4,563,particulier,0
1171.0,20,2,1028,agent,0
6740.0,19,0,2173,particulier,0
1510.0,22,2,1646,particulier,0
35887.0,12,1,1384,particulier,0
2245.0,11,1,2166,agent,0
3502.0,7,6,312,particulier,0
1095.0,11,6,1028,agent,0
14047.0,13,5,1227,particulier,0
8532.0,13,3,1801,particulier,0
4240.0,22,1,2043,particulier,0
1049.0,16,4,1473,particulier,0
3941.0,20,3,2039,particulier,0
1270.0,20,3,1182,particulier,0
11419.0,20,3,470,particulier,0
6554.0,21,3,1010,agent,0
3573.0,21,5,914,facture,0
415.0,21,5,1354,particulier,0
1428.0,6,1,666,agent,0
5911.0,23,4,599,particulier,0
9237.0,10,1,121,particulier,0
8457.0,18,1,1703,facture,0
851.0,8,5,2071,particulier,0
4257.0,7,3,453,particulier,0
7810.0,12,1,1502,particulier,0
805.0,18,5,2134,agent,0
3272.0,17,2,1600,particulier,0
4158.0,22,4,1120,particulier,0
2551.0,23,1,271,agent,0
682.0,13,4,123,particulier,0
2498.0,22,4,678,agent,0
2494.0,14,4,1227,particulier,0
2905.0,8,6,1203,particulier,0
2041.0,22,3,599,particulier,0
2261.0,12,4,860,particulier,0
3185.0,23,3,1931,particulier,0
4799.0,15,2,2072,particulier,0
2543.0,19,2,463,particulier,0
2326.0,22,3,1702,facture,0
3564.0,12,4,1447,particulier,0
644.0,9,3,844,agent,0
4942.0,21,3,1978,particulier,0
3293.0,18,1,1771,particulier,0
3408.0,14,2,1499,facture,0
7455.0,23,1,1397,particulier,0
626.0,17,5,1404,facture,0
615.0,17,5,2060,particulier,0
4158.0,8,2,776,facture,0
3275.0,18,2,959,particulier,0
3807.0,23,4,2123,particulier,0
2224.0,5,5,1436,agent,0
5795.0,8,3,1872,agent,0
7279.0,11,1,2027,particulier,0
4971.0,11,3,1383,particulier,0
2639.0,8,5,1952,particulier,0
549.0,15,2,2070,particulier,0
6335.0,9,6,1500,particulier,0
9307.0,21,6,334,particulier,0
5698.0,22,1,2036,particulier,0
1560.0,12,3,228,particulier,0
5841.0,8,1,1398,particulier,0
6846.0,17,6,229,particulier,0
12394.0,20,2,449,particulier,0
1564.0,9,3,884,particulier,0
2718.0,19,0,165,particulier,0
6218.0,8,2,2111,particulier,0
3459.0,21,2,246,particulier,0
1274.0,22,5,913,particulier,0
4686.0,6,4,406,agent,0
5388.0,11,3,864,particulier,0
3550.0,10,4,1495,particulier,0
3970.0,7,3,262,particulier,0
2644.0,22,2,526,particulier,0
11574.0,7,2,1638,particulier,0
1532.0,20,2,117,agent,0
2000.0,23,3,108,particulier,0
3325.0,23,5,215,particulier,0
6954.0,20,3,311,particulier,0
923.0,23,4,1321,particulier,0
1082.0,17,3,2143,particulier,0
583.0,20,5,1220,particulier,0
3387.0,19,4,113,particulier,0
1273.0,20,5,759,particulier,0
2376.0,22,4,1437,particulier,0
5780.0,11,0,1944,facture,0
1910.0,22,4,866,particulier,0
4010.0,7,1,856,facture,0
2554.0,20,2,1348,agent,0
5833.0,12,2,1857,particulier,0
4934.0,12,3,1351,particulier,0
1830.0,3,4,2121,particulier,0
2854.0,10,4,1946,agent,0
8000.0,8,6,1738,particulier,0
4603.0,20,4,1177,particulier,0
1005.0,20,4,2126,agent,0
5752.0,17,5,250,particulier,0
1310.0,5,1,1256,particulier,0
10945.0,8,4,1886,particulier,0
7867.0,23,3,1984,particulier,0
4215.0,10,2,399,particulier,0
3766.0,19,3,246,particulier,0
2758.0,8,2,1752,particulier,0
5865.0,17,4,897,agent,0
2404.0,23,3,599,particulier,0
4025.0,5,5,1605,particulier,0
6913.0,21,2,862,agent,0
2044.0,10,2,1519,particulier,0
1951.0,4,4,1008,particulier,0
1194.0,21,2,507,particulier,0
1333.0,21,2,1689,particulier,0
696.0,22,3,1994,agent,0
6126.0,23,1,656,agent,0
15330.0,8,3,681,facture,0
11065.0,18,0,1752,agent,0
827.0,16,3,543,particulier,0
6101.0,17,4,1956,particulier,0
11035.0,16,3,1968,particulier,0
2234.0,18,7,2062,agent,0
3591.0,17,3,2055,particulier,0
598.0,20,3,1844,agent,0
4133.0,5,4,561,particulier,0
1334.0,22,2,108,particulier,0
3904.0,19,4,1518,agent,0
874.0,19,5,1038,particulier,0
5226.0,23,2,1547,particulier,0
7870.0,22,5,336,agent,0
1693.0,8,4,491,particulier,0
1253.0,6,5,959,particulier,0
527.0,20,6,1123,agent,0
2627.0,23,3,1951,particulier,0
2010.0,20,5,2113,particulier,0
882.0,21,3,2057,particulier,0
4842.0,11,2,573,agent,0
2247.0,19,4,428,agent,0
1320.0,9,2,1754,particulier,0
2056.0,22,3,375,particulier,0
8190.0,19,1,2199,agent,0
5500.0,11,2,1785,agent,0
2950.0,19,5,1752,particulier,0
5576.0,9,4,1502,agent,0
1228.0,7,4,784,particulier,0
3386.0,20,4,1679,particulier,0
3734.0,21,6,440,agent,0
2210.0,20,1,1803,agent,0
4770.0,19,3,420,particulier,0
1697.0,7,2,207,agent,0
5081.0,20,5,2121,agent,0
5266.0,18,7,1755,particulier,0
276.0,13,1,1917,particulier,0
9061.0,9,4,74,particulier,0
247.0,8,1,549,particulier,0
1952.0,17,1,1386,particulier,0
7876.0,23,1,1020,particulier,0
2516.0,23,2,384,particulier,0
947.0,9,3,1607,particulier,0
1300.0,7,2,949,agent,0
7886.0,7,2,1861,particulier,0
643.0,18,2,1141,particulier,0
8601.0,10,6,2008,facture,0
3144.0,6,6,1436,particulier,0
1196.0,18,5,1913,particulier,0
2007.0,14,2,1924,particulier,0
1388.0,20,1,1872,agent,0
6879.0,18,1,1392,particulier,0
6140.0,19,3,692,particulier,0
764.0,20,3,1542,particulier,0
2338.0,21,6,2160,particulier,0
1582.0,8,4,1573,particulier,0
9892.0,10,3,946,particulier,0
1046.0,8,2,375,facture,0
12882.0,13,2,1581,agent,0
3203.0,22,5,705,particulier,0
1227.0,6,6,281,particulier,0
1853.0,17,1,795,particulier,0
1667.0,7,6,46,particulier,0
1115.0,9,4,372,particulier,0
3571.0,7,2,345,particulier,0
1160.0,22,4,923,agent,0
516.0,22,4,1079,particulier,0
2386.0,18,1,1395,particulier,0
712.0,13,3,128,particulier,0
1738.0,21,1,222,facture,0
1521.0,22,3,1518,particulier,0
1571.0,20,5,1634,particulier,0
18049.0,4,8,1352,agent,1
3456.0,18,4,169,particulier,0
4058.0,8,3,987,agent,0
728.0,18,2,429,agent,0
1890.0,22,4,876,particulier,0
3956.0,18,1,1602,particulier,0
1379.0,10,3,1416,particulier,0
7128.0,19,4,742,particulier,0
1185.0,13,5,73,agent,0
2583.0,19,5,1915,particulier,0
2002.0,23,3,224,particulier,0
3788.0,23,4,1895,particulier,0
1911.0,20,1,99,particulier,0
2617.0,21,1,1175,particulier,0
2695.0,7,5,2151,facture,0
1765.0,21,5,577,agent,0
4976.0,18,3,2148,particulier,0
4034.0,21,4,1377,facture,0
3055.0,9,4,710,particulier,0
2285.0,21,4,1982,agent,0
6484.0,19,6,322,particulier,0
2696.0,21,2,2098,particulier,0
2538.0,3,3,1312,particulier,0
3601.0,18,3,1067,particulier,0
13934.0,8,4,1356,facture,0
1054.0,6,3,575,particulier,0
6338.0,17,2,1600,agent,0
659.0,18,3,1796,particulier,0
3963.0,22,4,903,particulier,0
12567.0,23,4,397,particulier,0
4991.0,14,4,1292,particulier,0
3809.0,19,3,1006,particulier,0
2046.0,23,4,727,agent,0
3383.0,7,3,1502,particulier,0
2659.0,21,3,83,agent,0
1689.0,22,2,244,particulier,0
2575.0,18,0,385,particulier,0
3900.0,21,5,832,agent,0
1716.0,22,0,87,particulier,0
1660.0,9,1,1846,agent,0
1037.0,20,1,198,particulier,0
4592.0,20,5,558,particulier,0
5237.0,10,6,419,particulier,0
4011.0,22,4,780,particulier,0
7483.0,17,2,362,facture,0
3550.0,19,0,543,particulier,0
4597.0,22,4,404,particulier,0
4265.0,6,4,1193,facture,0
3048.0,11,2,1633,particulier,0
2098.0,5,3,1017,particulier,0
21634.0,20,4,2196,facture,0
2244.0,7,1,1135,particulier,0
1871.0,22,4,2132,particulier,0
4764.0,10,0,1363,particulier,0
4081.0,7,4,382,particulier,0
998.0,17,3,2124,agent,0
8555.0,9,6,1908,particulier,0
3041.0,21,5,848,agent,0
1281.0,18,1,1741,particulier,0
9050.0,19,2,565,particulier,0
5607.0,22,4,798,agent,0
1125.0,23,1,1232,particulier,0
14922.0,7,3,1595,particulier,0
5767.0,20,3,1912,particulier,0
3266.0,10,1,128,particulier,0
12730.0,22,4,1463,agent,0
3772.0,10,2,360,agent,0
3217.0,10,6,497,particulier,0
1879.0,10,5,304,particulier,0
5402.0,21,1,1628,agent,0
4940.0,12,4,502,particulier,0
3336.0,19,3,242,particulier,0
1683.0,9,5,1447,facture,0
3679.0,20,3,953,particulier,0
3105.0,20,4,1224,agent,0
1061.0,17,1,1563,agent,0
943.0,23,1,992,particulier,0
5326.0,22,5,650,particulier,0
361.0,18,1,1063,particulier,0
3923.0,23,5,1066,particulier,0
2194.0,8,1,1879,particulier,0
10017.0,22,4,601,particulier,0
2166.0,21,1,340,particulier,0
5771.0,11,3,1762,particulier,0
2351.0,20,1,1526,particulier,0
3629.0,9,1,103,agent,0
6163.0,23,3,378,particulier,0
2223.0,20,4,1785,particulier,0
7685.0,16,5,1212,particulier,0
1416.0,9,3,1211,particulier,0
4232.0,10,8,409,particulier,0
7217.0,9,1,134,particulier,0
5773.0,19,1,1127,particulier,0
16797.0,9,1,282,particulier,0
1722.0,19,3,98,particulier,0
1020.0,14,3,1312,agent,0
1415.0,16,7,1456,particulier,0
5775.0,11,2,1604,agent,0
5030.0,6,2,1125,particulier,0
3594.0,20,1,241,particulier,0
1268.0,8,3,137,agent,0
6322.0,22,5,1802,agent,0
1163.0,19,3,108,agent,0
8823.0,19,4,342,particulier,0
37377.0,7,5,1464,particulier,0
4498.0,23,2,2079,facture,0
5408.0,17,4,350,particulier,0
2167.0,10,2,961,particulier,0
707.0,20,1,635,agent,0
1974.0,8,3,620,particulier,0
1301.0,17,2,1905,particulier,0
963.0,16,5,2042,particulier,0
14243.0,13,2,1707,particulier,0
4154.0,17,2,1386,facture,0
4549.0,23,4,1346,agent,0
2533.0,18,3,1716,agent,0
2844.0,15,6,2012,agent,0
7479.0,19,3,1406,particulier,0
3205.0,11,5,1286,particulier,0
5172.0,9,2,647,particulier,0
2789.0,22,1,267,facture,0
2463.0,22,5,1394,particulier,0
996.0,20,5,1099,particulier,0
613.0,22,1,89,particulier,0
2638.0,21,0,251,particulier,0
3457.0,17,4,334,particulier,0
1104.0,21,3,1895,agent,0
3199.0,6,2,929,particulier,0
3448.0,14,2,2165,particulier,0
527.0,20,2,1609,particulier,0
1513.0,16,5,1048,particulier,0
4657.0,18,2,1776,agent,0
4578.0,20,2,2095,particulier,0
1236.0,11,3,905,particulier,0
3769.0,18,4,2141,particulier,0
7856.0,22,1,1914,particulier,0
6377.0,10,6,671,facture,0
3038.0,19,5,993,particulier,0
2213.0,8,4,1084,particulier,0
1930.0,23,3,900,particulier,0
4903.0,9,2,483,agent,0
3889.0,8,0,1928,particulier,0
5625.0,9,4,1993,particulier,0
3685.0,19,5,1635,particulier,0
6607.0,20,2,1698,particulier,0
3570.0,12,3,1145,particulier,0
6419.0,18,4,984,particulier,0
6906.0,23,2,100,particulier,0
1663.0,21,5,1871,particulier,0
708.0,16,3,1962,particulier,0
12234.0,22,1,1430,particulier,0
4098.0,22,1,1256,agent,0
767.0,17,3,161,agent,0
1796.0,21,3,827,particulier,0
6349.0,22,2,943,particulier,0
2597.0,17,5,707,particulier,0
2132.0,10,3,779,particulier,0
10837.0,19,1,1603,agent,0
1353.0,22,2,651,facture,0
1672.0,9,5,1012,agent,0
3943.0,23,6,1640,agent,0
4591.0,20,5,1327,particulier,0
5024.0,19,2,1957,particulier,0
7148.0,19,4,208,agent,0
3900.0,23,4,1002,agent,0
4994.0,19,1,1616,particulier,0
2643.0,9,3,1327,particulier,0
3475.0,21,0,55,particulier,0
3610.0,17,3,100,agent,0
3955.0,21,2,926,particulier,0
6353.0,21,2,243,agent,0
5281.0,17,3,814,particulier,0
3421.0,11,1,1176,particulier,0
1656.0,8,3,330,particulier,0
3490.0,8,2,943,particulier,0
3217.0,23,2,1891,particulier,0
3882.0,23,4,656,agent,0
21494.0,21,1,1630,particulier,0
2111.0,22,2,1471,particulier,0
4717.0,19,8,1782,particulier,0
8170.0,23,1,238,particulier,0
3581.0,18,3,149,particulier,0
24033.0,23,4,1838,agent,0
2389.0,23,3,1893,particulier,0
4339.0,19,3,2014,agent,0
1671.0,23,2,662,particulier,0
2444.0,22,3,1084,particulier,0
4071.0,20,2,1950,agent,0
6764.0,20,3,1309,agent,0
4321.0,21,4,739,facture,0
9607.0,10,2,1410,particulier,0
3039.0,23,5,1010,particulier,0
2484.0,22,5,2034,agent,0
32807.0,19,2,19,particulier,1
4606.0,22,2,435,agent,0
1787.0,16,2,1437,agent,0
1826.0,20,2,737,agent,0
1478.0,20,0,2066,facture,0
7303.0,7,3,1722,particulier,0
2417.0,9,1,182,particulier,0
3671.0,21,1,591,particulier,0
3121.0,20,2,400,particulier,0
6135.0,12,3,1951,agent,0
1604.0,23,1,2057,particulier,0
1320.0,10,4,2136,agent,0
3986.0,13,3,548,particulier,0
5491.0,23,4,1822,particulier,0
4371.0,23,3,708,particulier,0
1656.0,18,6,1895,particulier,0
5860.0,11,6,1295,particulier,0
1751.0,20,4,1976,particulier,0
2115.0,10,4,1450,particulier,0
1477.0,17,3,1314,particulier,0
9957.0,11,2,365,facture,0
5644.0,12,4,937,particulier,0
5510.0,22,1,1149,particulier,0
9510.0,23,2,405,particulier,0
35981.0,19,6,481,particulier,0
771.0,12,4,1630,particulier,0
1759.0,6,2,971,particulier,0
1951.0,19,3,1776,particulier,0
1598.0,10,2,12,particulier,0
1318.0,19,9,489,particulier,0
2554.0,21,2,2007,agent,0
1171.0,8,2,807,particulier,0
4380.0,20,10,1966,particulier,0
3442.0,8,3,784,particulier,0
4959.0,23,2,280,particulier,0
5072.0,23,2,351,particulier,0
5500.0,18,5,1896,particulier,0
2399.0,20,3,1053,particulier,0
19990.0,22,3,45,particulier,1
4021.0,10,6,2161,particulier,0
676.0,17,1,242,particulier,0
1405.0,20,3,1865,particulier,0
750.0,20,5,1020,particulier,0
3343.0,20,2,189,agent,0
2970.0,19,2,1247,particulier,0
2212.0,13,5,887,particulier,0
18202.0,5,2,1075,particulier,0
5253.0,22,3,2001,particulier,0
6107.0,22,0,918,particulier,0
1493.0,16,4,242,agent,0
1409.0,23,3,1712,agent,0
3399.0,9,8,23,facture,0
3816.0,21,7,1998,agent,0
680.0,9,6,1473,agent,0
2826.0,20,2,168,agent,0
3334.0,10,4,1614,agent,0
2744.0,14,2,1523,particulier,0
1650.0,6,6,1458,particulier,0
2083.0,12,5,1469,particulier,0
2835.0,21,2,1668,particulier,0
3559.0,10,3,778,particulier,0
5509.0,20,4,1132,particulier,0
8256.0,20,1,1292,facture,0
2565.0,18,6,603,agent,0
2236.0,21,3,702,particulier,0
4779.0,8,4,645,particulier,0
5537.0,17,8,735,particulier,0
2278.0,22,6,623,particulier,0
6450.0,19,3,1593,particulier,0
7575.0,19,3,876,agent,0
9877.0,7,3,412,particulier,0
14937.0,9,3,497,particulier,0
1577.0,21,1,1001,particulier,0
3334.0,18,4,728,particulier,0
3326.0,23,1,2109,facture,0
3031.0,21,2,746,agent,0
1897.0,22,1,2062,facture,0
932.0,12,4,1549,particulier,0
3564.0,16,2,1126,particulier,0
1715.0,22,3,551,particulier,0
3544.0,9,3,1849,particulier,0
1678.0,23,4,2041,facture,0
1294.0,13,4,1654,particulier,0
4020.0,23,5,2142,particulier,0
3745.0,18,5,785,particulier,0
5390.0,21,3,1891,particulier,0
21120.0,21,2,1739,agent,0
4170.0,5,3,1156,particulier,0
4976.0,18,5,2179,agent,0
1318.0,20,1,1101,particulier,0
1103.0,9,2,934,particulier,0
12650.0,23,2,699,agent,0
1503.0,23,5,905,particulier,0
1356.0,8,4,1253,particulier,0
3187.0,21,2,2001,particulier,0
3051.0,11,0,671,particulier,0
1530.0,23,3,1360,particulier,0
2542.0,6,1,1152,particulier,0
9367.0,21,4,90,particulier,0
1661.0,20,3,1380,facture,0
1008.0,11,3,997,facture,0
7341.0,21,2,1936,particulier,0
5006.0,19,3,693,particulier,0
1944.0,19,3,1832,particulier,0
858.0,20,2,258,particulier,0
1749.0,19,2,1793,particulier,0
3145.0,22,3,2050,particulier,0
8873.0,22,3,2081,agent,0
1365.0,7,2,245,particulier,0
3066.0,9,3,1473,particulier,0
5848.0,7,5,2027,particulier,0
435.0,11,2,1554,particulier,0
7932.0,18,2,749,agent,0
1206.0,22,2,1417,particulier,0
4369.0,18,2,1675,particulier,0
4063.0,23,4,1222,particulier,0
8282.0,8,1,1195,particulier,0
5262.0,10,3,255,particulier,0
437.0,19,4,934,particulier,0
1691.0,21,0,797,particulier,0
3705.0,20,2,1488,particulier,0
2791.0,22,2,259,particulier,0
4944.0,15,2,504,agent,0
6444.0,12,6,1340,agent,0
5526.0,18,7,45,agent,1
2746.0,14,2,488,particulier,0
686.0,10,5,1348,particulier,0
2237.0,8,1,1592,particulier,0
4693.0,12,3,981,particulier,0
1304.0,19,8,634,particulier,0
5634.0,22,4,599,agent,0
7130.0,6,2,400,particulier,0
3670.0,7,4,339,particulier,0
244.0,8,1,628,particulier,0
1112.0,23,1,1770,particulier,0
16371.0,13,3,1245,facture,0
2070.0,22,5,980,particulier,0
610.0,20,4,1048,particulier,0
9414.0,19,6,2090,particulier,0
3332.0,19,5,2154,agent,0
8427.0,21,4,1837,particulier,0
4169.0,18,4,40,particulier,0
4865.0,11,4,2180,agent,0
4485.0,19,3,2120,agent,0
5960.0,16,4,698,agent,0
22830.0,10,2,363,particulier,1
7520.0,23,5,1790,facture,0
860.0,21,5,437,particulier,0
4816.0,14,0,1333,particulier,0
8693.0,19,4,10,particulier,0
9157.0,23,4,446,particulier,0
2292.0,20,1,1053,particulier,0
8868.0,22,3,1951,particulier,0
7249.0,20,1,1476,particulier,0
29338.0,10,1,1693,particulier,0
1741.0,21,2,380,agent,0
2140.0,19,2,470,particulier,0
2540.0,9,3,594,particulier,0
2172.0,23,1,1486,particulier,0
1546.0,21,4,1770,facture,0
315.0,21,2,1019,particulier,0
2277.0,18,1,2158,facture,0
4510.0,9,6,1717,facture,0
2166.0,7,5,336,agent,0
17070.0,22,6,400,particulier,0
3332.0,22,5,86,agent,0
9871.0,23,2,58,particulier,0
4114.0,11,2,1828,agent,0
6650.0,23,2,739,particulier,0
4177.0,11,1,150,particulier,0
10546.0,18,3,1849,particulier,0
3455.0,17,4,196,agent,0
5023.0,9,2,1516,particulier,0
4498.0,6,5,1382,particulier,0
2578.0,18,1,45,particulier,0
4648.0,18,5,1375,particulier,0
22009.0,8,4,415,agent,1
2618.0,9,1,2084,particulier,0
4706.0,23,7,1636,particulier,0
9596.0,6,6,1300,facture,0
8684.0,6,2,44,particulier,0
3327.0,19,5,1417,particulier,0
434.0,17,4,293,agent,0
5111.0,19,0,64,particulier,0
499.0,10,4,2042,particulier,0
11492.0,19,3,681,particulier,0
3805.0,17,2,1213,particulier,0
7706.0,8,4,1295,particulier,0
1530.0,20,4,613,particulier,0
880.0,8,3,1085,agent,0
4112.0,21,4,1159,particulier,0
3202.0,13,5,314,agent,0
2169.0,23,1,569,particulier,0
3540.0,15,2,370,particulier,0
34625.0,19,3,2021,particulier,0
6697.0,17,3,921,particulier,0
8039.0,10,2,271,agent,0
6750.0,8,4,1232,agent,0
11586.0,19,3,1620,particulier,0
2803.0,19,3,302,particulier,0
574.0,11,5,604,particulier,0
2807.0,23,7,458,particulier,0
6568.0,9,1,727,agent,0
1445.0,19,4,2118,particulier,0
2836.0,18,3,123,particulier,0
1830.0,16,8,332,particulier,0
11810.0,23,4,2049,agent,0
6229.0,11,3,1237,agent,0
5732.0,8,2,824,particulier,0
5588.0,9,3,37,particulier,0
3192.0,8,4,2174,particulier,0
3897.0,11,0,10,particulier,0
1203.0,8,3,1324,particulier,0
514.0,12,3,1365,particulier,0
3743.0,8,3,1410,particulier,0
4339.0,22,4,1765,agent,0
9208.0,23,3,708,particulier,0
12527.0,21,0,367,particulier,0
12513.0,22,1,391,particulier,0
1410.0,20,4,721,agent,0
2442.0,23,2,720,particulier,0
4956.0,21,3,1488,particulier,0
28343.0,20,4,929,particulier,0
11592.0,9,1,249,agent,0
8531.0,13,3,66,particulier,0
2369.0,19,3,255,particulier,0
1555.0,9,6,1590,agent,0
6442.0,8,2,1817,agent,0
1293.0,7,5,1093,particulier,0
2690.0,20,1,1935,particulier,0
2988.0,21,6,1348,particulier,0
12759.0,23,3,448,particulier,0
2437.0,5,1,650,particulier,0
414.0,21,4,1479,agent,0
5058.0,8,5,21,particulier,0
1819.0,6,7,1399,particulier,0
3416.0,9,2,1324,particulier,0
3060.0,19,2,1850,particulier,0
2611.0,10,6,2018,particulier,0
6450.0,13,2,967,particulier,0
895.0,23,2,1003,particulier,0
2123.0,8,4,1155,agent,0
5892.0,18,5,1057,particulier,0
1955.0,21,3,589,agent,0
839.0,11,2,1426,particulier,0
5815.0,23,5,1719,particulier,0
8558.0,20,0,139,particulier,0
3171.0,7,6,2152,agent,0
622.0,20,4,758,particulier,0
6003.0,22,2,726,agent,0
804.0,18,3,2157,facture,0
4283.0,23,2,228,particulier,0
1549.0,16,0,1317,particulier,0
1229.0,19,4,983,particulier,0
2263.0,10,3,1866,particulier,0
2819.0,22,2,19,agent,0
1905.0,22,3,871,agent,0
5434.0,18,0,1569,facture,0
2255.0,23,3,794,particulier,0
7579.0,19,4,1361,particulier,0
4184.0,21,5,1961,particulier,0
1821.0,22,4,599,particulier,0
1578.0,20,4,1948,particulier,0
812.0,23,4,1689,particulier,0
4218.0,20,3,535,particulier,0
2437.0,21,5,1638,particulier,0
439.0,20,4,1731,particulier,0
2089.0,16,1,1056,agent,0
1532.0,20,4,1548,particulier,0
12573.0,8,1,1086,agent,0
775.0,23,3,314,facture,0
968.0,17,5,1381,particulier,0
8463.0,23,0,385,agent,0
10438.0,20,3,2064,particulier,0
1749.0,21,1,1173,particulier,0
1925.0,17,4,198,particulier,0
5562.0,20,3,1287,particulier,0
456.0,19,3,1848,particulier,0
677.0,23,7,1825,particulier,0
2595.0,9,3,686,particulier,0
12301.0,11,0,1172,particulier,0
2275.0,23,5,1230,particulier,0
3590.0,11,3,675,particulier,0
8636.0,19,2,936,facture,0
19749.0,23,4,749,particulier,0
2018.0,23,4,5,particulier,0
3248.0,9,2,434,particulier,0
15502.0,19,1,796,agent,0
903.0,6,2,1938,particulier,0
7891.0,22,4,2078,particulier,0
1386.0,21,1,1402,agent,0
3594.0,21,1,523,agent,0
2681.0,17,2,1530,particulier,0
1459.0,9,3,1612,particulier,0
1428.0,23,1,229,particulier,0
4167.0,22,3,54,facture,0
7679.0,20,2,1095,agent,0
2950.0,11,4,519,particulier,0
3497.0,8,7,1419,particulier,0
5353.0,19,5,1099,particulier,0
1442.0,20,4,252,particulier,0
6178.0,22,3,1075,facture,0
6611.0,19,6,1071,particulier,0
30124.0,18,1,2199,particulier,0
2393.0,7,6,1778,agent,0
2232.0,19,6,1483,particulier,0
6334.0,18,4,2034,particulier,0
6609.0,22,2,1273,particulier,0
2091.0,22,3,630,facture,0
2339.0,20,2,1569,particulier,0
5218.0,9,1,394,particulier,0
1630.0,21,2,2163,facture,0
2324.0,22,6,355,particulier,0
3555.0,21,1,921,particulier,0
7681.0,21,3,959,agent,0
1971.0,12,4,1593,particulier,0
688.0,7,3,1104,particulier,0
646.0,7,1,1135,particulier,0
1129.0,9,6,1423,particulier,0
1079.0,9,2,1413,particulier,0
2889.0,20,1,1534,particulier,0
1199.0,23,2,536,particulier,0
1813.0,3,2,245,particulier,0
1706.0,20,3,1781,agent,0
2266.0,21,5,1309,particulier,0
10139.0,9,3,1033,particulier,0
5783.0,23,5,59,particulier,0
3340.0,20,0,1102,particulier,0
2226.0,23,3,581,particulier,0
2280.0,22,3,1864,particulier,0
4353.0,22,2,569,agent,0
5413.0,18,2,358,facture,0
1523.0,22,3,1933,particulier,0
3398.0,23,5,1378,particulier,0
586.0,19,5,124,particulier,0
3944.0,14,2,151,particulier,0
6297.0,21,5,415,particulier,0
2597.0,20,5,301,particulier,0
15430.0,23,2,390,particulier,0
1558.0,19,1,255,agent,0
3963.0,10,3,790,particulier,0
3196.0,18,6,1575,facture,0
3025.0,19,3,2023,agent,0
2989.0,23,2,768,particulier,0
3608.0,17,2,1535,particulier,0
6773.0,17,2,2185,particulier,0
10626.0,7,4,1346,particulier,0
3288.0,7,5,134,facture,0
6588.0,8,4,451,particulier,0
1814.0,23,2,20,particulier,0
6317.0,10,3,419,agent,0
1724.0,6,6,1795,agent,0
8325.0,19,8,281,particulier,0
21570.0,20,7,1136,particulier,1
2970.0,21,4,357,particulier,0
511.0,20,3,1624,particulier,0
2068.0,22,3,108,particulier,0
9387.0,19,5,1792,particulier,0
5272.0,7,3,1701,particulier,0
4071.0,18,2,1687,particulier,0
7765.0,8,3,244,particulier,0
4973.0,21,4,1639,particulier,0
9275.0,23,2,1290,particulier,0
7198.0,11,3,758,particulier,0
12009.0,18,5,1854,particulier,0
4469.0,10,1,1357,particulier,0
7112.0,7,1,254,particulier,0
2538.0,17,5,1093,particulier,0
1976.0,19,2,453,agent,0
14055.0,23,2,2145,particulier,0
3959.0,19,1,2018,particulier,0
6530.0,2,0,334,agent,0
3660.0,8,2,319,particulier,0
2001.0,23,2,548,particulier,0
3325.0,10,4,981,particulier,0
11166.0,4,3,976,particulier,0
5281.0,15,1,1638,particulier,0
769.0,22,2,400,agent,0
2744.0,10,2,629,particulier,0
14987.0,9,4,1497,agent,0
2747.0,16,3,1811,facture,0
713.0,20,1,106,particulier,0
16467.0,23,2,1319,particulier,0
5884.0,19,3,1278,particulier,0
3104.0,21,3,351,particulier,0
2403.0,20,5,1371,particulier,0
8267.0,8,4,593,particulier,0
2078.0,23,3,547,particulier,0
8743.0,8,2,2055,agent,0
5223.0,20,3,416,agent,0
4056.0,21,4,377,particulier,0
3728.0,23,6,792,particulier,0
2839.0,20,2,393,particulier,0
8013.0,10,6,334,particulier,0
1579.0,20,0,568,particulier,0
830.0,21,6,722,agent,0
5554.0,8,3,199,particulier,0
5634.0,7,2,2166,particulier,0
4955.0,22,1,524,particulier,0
4659.0,18,3,1180,particulier,0
2509.0,21,2,1705,agent,0
6434.0,22,2,445,agent,0
3169.0,8,2,71,particulier,0
2178.0,18,6,101,particulier,0
2527.0,22,4,744,particulier,0
18353.0,20,2,921,particulier,0
754.0,21,6,66,particulier,0
5038.0,18,2,1844,agent,0
791.0,20,3,190,particulier,0
3005.0,10,3,431,particulier,0
2279.0,12,4,2137,particulier,0
560.0,9,1,571,facture,0
4586.0,17,6,303,particulier,0
2385.0,22,5,1015,particulier,0
553.0,7,1,2184,agent,0
6725.0,20,8,60,facture,1
11156.0,22,3,1317,particulier,0
11691.0,10,4,1414,particulier,0
4470.0,11,3,2017,agent,0
3426.0,6,4,1333,particulier,0
10188.0,22,3,1924,agent,0
13767.0,23,5,1024,agent,0
8635.0,23,2,482,particulier,0
1480.0,17,2,351,particulier,0
3909.0,20,6,805,particulier,0
4787.0,12,2,872,particulier,0
708.0,17,5,215,particulier,0
4910.0,19,1,2068,particulier,0
22744.0,10,4,1547,particulier,0
5676.0,9,4,205,particulier,0
11526.0,20,2,2166,particulier,0
3849.0,21,4,1182,particulier,0
3096.0,19,5,1866,particulier,0
4555.0,16,4,1349,particulier,0
1647.0,19,2,1646,particulier,0
1452.0,20,2,969,particulier,0
9666.0,7,5,310,particulier,0
10578.0,11,2,1080,particulier,0
1419.0,22,2,960,particulier,0
7501.0,23,5,1805,agent,0
3060.0,23,7,1772,particulier,0
4398.0,9,3,905,particulier,0
4872.0,8,3,1021,particulier,0
7671.0,11,5,119,particulier,0
3534.0,18,5,583,particulier,0
10923.0,18,4,1718,particulier,0
4286.0,21,1,1238,particulier,0
5600.0,23,7,119,particulier,0
1623.0,21,5,1247,particulier,0
20637.0,20,1,1100,particulier,0
4912.0,23,4,602,particulier,0
6039.0,19,3,1331,particulier,0
840.0,12,6,2079,facture,0
1637.0,6,0,45,facture,0
9435.0,8,4,1783,agent,0
4204.0,23,4,307,agent,0
648.0,10,6,1456,particulier,0
7963.0,21,7,552,agent,0
2075.0,20,2,1826,particulier,0
10934.0,19,7,2196,agent,1
3057.0,20,5,1914,particulier,0
3921.0,7,2,345,particulier,0
8974.0,9,3,2151,agent,0
1536.0,20,5,1970,particulier,0
1417.0,18,2,900,particulier,0
2788.0,19,4,1983,particulier,0
6655.0,17,2,1291,particulier,0
1063.0,21,2,1965,particulier,0
798.0,10,2,2115,particulier,0
6635.0,6,2,941,particulier,0
1973.0,23,3,1770,particulier,0
2360.0,18,1,654,agent,0
680.0,19,2,1977,particulier,0
1850.0,17,5,1296,particulier,0
3273.0,23,2,234,particulier,0
7265.0,22,3,1862,particulier,0
1710.0,23,1,980,particulier,0
13477.0,23,3,1987,particulier,0
1841.0,6,6,260,agent,0
1843.0,19,4,1165,particulier,0
12170.0,16,6,617,agent,0
3943.0,12,1,1586,particulier,0
2061.0,9,3,1273,particulier,0
2887.0,16,6,1943,particulier,0
10406.0,18,2,869,particulier,0
11456.0,20,2,1409,particulier,0
1645.0,11,2,867,particulier,0
3178.0,19,2,1110,agent,0
3557.0,21,2,731,particulier,0
1425.0,6,2,485,facture,0
3142.0,8,1,1773,particulier,0
3309.0,23,6,1741,particulier,0
8683.0,21,2,2030,agent,0
9194.0,23,3,2171,particulier,0
2490.0,23,1,398,agent,0
2747.0,19,1,2098,particulier,0
5794.0,13,3,1970,agent,0
2003.0,10,0,444,particulier,0
5434.0,5,1,2179,particulier,0
3057.0,11,2,1752,particulier,0
1445.0,21,1,617,agent,0
1461.0,22,3,426,particulier,0
11271.0,10,5,1536,particulier,0
2884.0,19,7,1918,particulier,0
13284.0,23,3,165,particulier,0
2129.0,21,6,1726,agent,0
4220.0,11,4,290,particulier,0
25179.0,20,1,1963,particulier,0
1341.0,21,3,1973,particulier,0
656.0,18,4,6,agent,0
9834.0,11,3,792,particulier,0
1631.0,18,4,664,agent,0
3237.0,19,7,897,particulier,0
2002.0,8,2,1970,particulier,0
4138.0,13,0,1731,particulier,0
1469.0,15,6,579,facture,0
2827.0,21,5,1464,particulier,0
4829.0,8,1,669,particulier,0
1398.0,18,2,1557,particulier,0
1817.0,7,2,528,particulier,0
2452.0,10,4,537,facture,0
978.0,12,3,734,agent,0
2300.0,22,5,304,facture,0
3645.0,22,3,1522,particulier,0
2346.0,19,2,1771,facture,0
2616.0,17,0,1774,agent,0
3239.0,21,1,315,particulier,0
1887.0,19,1,1467,particulier,0
5928.0,19,4,244,particulier,0
11165.0,21,1,1713,particulier,0
2220.0,19,4,246,particulier,0
4976.0,21,4,388,agent,0
2687.0,23,3,2163,particulier,0
4495.0,12,2,1499,particulier,0
12468.0,23,2,1740,particulier,0
5076.0,10,3,883,particulier,0
730.0,21,4,1348,particulier,0
4846.0,22,3,558,particulier,0
9395.0,9,2,1730,particulier,0
2729.0,23,1,1676,agent,0
7679.0,21,5,1868,particulier,0
1832.0,6,1,916,particulier,0
932.0,17,5,1707,particulier,0
3714.0,22,4,1462,particulier,0
740.0,13,5,139,particulier,0
2687.0,8,3,767,agent,0
9836.0,23,4,1672,particulier,0
650.0,20,3,1603,agent,0
1110.0,23,3,1917,agent,0
1370.0,10,4,1232,particulier,0
3122.0,7,5,880,agent,0
2414.0,21,3,863,particulier,0
10821.0,19,5,1772,particulier,0
7415.0,7,1,185,particulier,0
5019.0,17,2,1865,particulier,0
3729.0,7,7,1510,agent,0
4602.0,23,3,1131,particulier,0
1583.0,17,0,1178,particulier,0
6827.0,18,5,1007,agent,0
1280.0,19,3,1455,facture,0
6701.0,19,1,324,particulier,0
9029.0,21,5,2028,particulier,0
3941.0,19,1,1670,particulier,0
2836.0,20,3,540,particulier,0
4630.0,5,4,1245,facture,0
289.0,19,4,1728,particulier,0
4260.0,20,2,1052,particulier,0
2992.0,9,1,1294,particulier,0
3156.0,23,0,721,particulier,0
6006.0,20,5,1369,particulier,0
3092.0,13,1,1860,agent,0
1250.0,15,4,976,particulier,0
2921.0,21,2,1544,particulier,0
3489.0,14,3,1463,particulier,0
3633.0,10,5,264,agent,0
3781.0,9,5,870,agent,0
7970.0,22,2,799,particulier,0
1309.0,19,6,1212,particulier,0
3825.0,21,2,1851,particulier,0
9862.0,22,3,508,facture,0
754.0,18,2,27,agent,0
3838.0,6,2,750,particulier,0
2003.0,22,2,1079,particulier,0
2404.0,9,4,1205,particulier,0
1527.0,9,4,672,particulier,0
2852.0,22,0,856,particulier,0
15757.0,16,5,768,agent,0
1125.0,8,4,1219,particulier,0
1219.0,19,4,645,particulier,0
1089.0,8,2,210,particulier,0
14304.0,21,2,1603,particulier,0
2224.0,14,3,1110,particulier,0
3223.0,22,6,420,agent,0
2339.0,20,2,1063,agent,0
1476.0,7,3,2063,particulier,0
2698.0,19,3,984,agent,0
26622.0,22,2,1913,facture,0
10756.0,9,3,1269,particulier,0
1596.0,9,7,294,agent,0
5713.0,17,5,1655,particulier,0
1625.0,11,2,130,particulier,0
728.0,22,3,2185,particulier,0
7837.0,5,5,1928,particulier,0
8831.0,10,7,819,particulier,0
8016.0,9,4,1146,facture,0
2210.0,19,2,2092,particulier,0
2859.0,10,4,794,particulier,0
6231.0,19,3,2122,particulier,0
4595.0,5,2,1813,particulier,0
2358.0,8,2,62,agent,0
832.0,23,4,1728,particulier,0
3629.0,9,3,1829,particulier,0
8243.0,9,4,1435,particulier,0
1190.0,14,3,767,agent,0
5670.0,18,2,1635,particulier,0
4367.0,6,1,959,particulier,0
6233.0,18,2,1372,facture,0
6913.0,12,1,544,particulier,0
1826.0,22,7,114,particulier,0
833.0,20,0,2130,particulier,0
2093.0,23,5,1292,particulier,0
7015.0,9,1,1001,agent,0
2078.0,21,2,1225,particulier,0
1826.0,9,3,1865,agent,0
701.0,8,2,1653,agent,0
14614.0,19,5,527,particulier,0
6647.0,11,6,1970,particulier,0
6339.0,9,2,787,particulier,0
7499.0,23,1,387,particulier,0
5379.0,19,1,1160,particulier,0
2677.0,22,4,2103,particulier,0
2866.0,21,2,1841,particulier,0
2291.0,22,7,474,particulier,0
30931.0,18,2,1527,agent,1
5284.0,18,5,1841,particulier,0
2221.0,10,4,1525,agent,0
4894.0,23,6,1937,particulier,0
1395.0,12,8,399,agent,0
11835.0,9,7,581,particulier,0
1878.0,7,4,695,agent,0
5044.0,20,3,321,particulier,0
8153.0,17,3,885,particulier,0
4569.0,6,5,414,particulier,0
3570.0,9,2,1539,agent,0
3325.0,5,6,1331,particulier,0
3140.0,20,3,1714,facture,0
2018.0,20,2,951,particulier,0
2248.0,20,1,1117,particulier,0
11587.0,22,1,2022,particulier,0
3004.0,9,1,1277,particulier,0
1689.0,23,4,1284,particulier,0
2124.0,23,3,86,particulier,0
8394.0,23,4,368,particulier,0
5850.0,19,3,1813,particulier,0
5304.0,20,8,1441,particulier,0
2647.0,22,4,2097,particulier,0
5363.0,20,3,1835,particulier,0
1906.0,9,2,1512,particulier,0
2642.0,11,3,236,particulier,0
7513.0,19,3,697,agent,0
6927.0,18,3,438,facture,0
1430.0,7,1,994,agent,0
1592.0,16,3,1192,particulier,0
3613.0,18,5,1882,facture,0
14289.0,22,2,1819,particulier,0
647.0,10,3,655,particulier,0
4174.0,20,2,484,particulier,0
1023.0,11,4,1076,particulier,0
1921.0,23,5,2169,particulier,0
2417.0,20,3,440,particulier,0
2304.0,23,3,541,particulier,0
2093.0,10,3,465,particulier,0
3315.0,19,10,57,facture,0
2090.0,22,4,17,particulier,0
950.0,12,2,545,particulier,0
6393.0,18,4,751,particulier,0
6248.0,18,4,2114,agent,0
6746.0,7,2,1724,particulier,0
889.0,21,2,283,particulier,0
4247.0,19,1,1513,particulier,0
5852.0,9,1,1873,particulier,0
1371.0,19,5,1542,particulier,0
3320.0,22,3,1622,particulier,0
2984.0,20,3,101,particulier,0
15769.0,23,1,1971,particulier,0
16913.0,20,4,916,agent,0
801.0,22,2,1751,particulier,0
27442.0,21,1,1100,particulier,0
1513.0,20,5,642,particulier,0
7582.0,22,2,94,particulier,0
7517.0,18,4,540,agent,0
1413.0,19,5,1448,particulier,0
5010.0,11,2,368,particulier,0
3007.0,21,4,725,agent,0
5277.0,22,3,1009,particulier,0
4008.0,11,5,1141,agent,0
9108.0,18,6,1039,agent,0
3513.0,7,2,148,facture,0
2856.0,10,2,26,agent,0
8364.0,23,4,1428,agent,0
5396.0,20,3,1455,agent,0
6137.0,18,10,1213,particulier,0
1873.0,9,3,1210,agent,0
1355.0,21,1,1839,agent,0
2033.0,10,2,89,particulier,0
1944.0,9,1,577,agent,0
6427.0,11,1,1860,agent,0
7552.0,18,1,630,particulier,0
2887.0,5,3,2096,particulier,0
11118.0,7,8,1970,agent,1
10543.0,23,3,2029,particulier,0
4052.0,7,2,301,particulier,0
1638.0,22,3,2097,facture,0
12570.0,11,3,381,particulier,0
3128.0,16,3,2160,particulier,0
3667.0,18,2,130,particulier,0
2468.0,6,2,574,particulier,0
1546.0,22,5,283,particulier,0
945.0,23,5,189,particulier,0
5642.0,23,5,1255,particulier,0
1693.0,10,4,1835,particulier,0
44383.0,20,4,912,particulier,1
1309.0,20,4,1771,particulier,0
1131.0,23,4,1091,particulier,0
5083.0,21,3,2062,particulier,0
12087.0,21,2,505,particulier,0
3480.0,18,1,1741,particulier,0
5358.0,10,4,99,particulier,0
687.0,7,4,994,particulier,0
1852.0,11,3,478,particulier,0
1323.0,10,6,1680,particulier,0
658.0,8,3,806,particulier,0
3639.0,8,7,993,particulier,0
490.0,19,3,1668,agent,0
1071.0,9,2,561,agent,0
2087.0,18,5,263,particulier,0
1625.0,19,5,1515,agent,0
4614.0,18,3,79,agent,0
4272.0,22,0,1549,agent,0
7043.0,21,1,2044,particulier,0
6245.0,21,3,1546,facture,0
8688.0,16,2,559,particulier,0
3289.0,7,4,1611,particulier,0
4264.0,20,2,1541,particulier,0
5089.0,23,3,366,particulier,0
3716.0,11,6,993,agent,0
2351.0,20,7,1895,particulier,0
2483.0,10,2,866,particulier,0
1644.0,22,3,302,particulier,0
4714.0,20,5,1081,particulier,0
3041.0,9,2,1654,particulier,0
1875.0,23,6,189,facture,0
1876.0,11,2,983,particulier,0
1178.0,20,1,2107,particulier,0
7571.0,19,1,1163,agent,0
3522.0,12,2,929,facture,0
1582.0,19,2,1710,particulier,0
6550.0,23,3,963,particulier,0
2046.0,11,3,81,agent,0
997.0,21,0,72,particulier,0
7848.0,19,4,1098,particulier,0
2087.0,19,5,2034,particulier,0
2327.0,20,1,2071,particulier,0
3412.0,23,2,1553,agent,0
8701.0,21,2,1713,particulier,0
3351.0,22,2,55,particulier,0
1189.0,21,2,1726,agent,0
5231.0,10,6,1322,particulier,0
2181.0,21,3,554,facture,0
16395.0,10,5,1330,facture,0
3291.0,23,1,684,agent,0
493.0,19,6,1107,particulier,0
4464.0,11,2,897,particulier,0
17204.0,22,2,871,particulier,0
12576.0,19,8,1514,particulier,0
15620.0,7,4,657,particulier,0
1385.0,11,3,948,agent,0
7153.0,20,2,1496,agent,0
1783.0,13,3,1612,particulier,0
3986.0,19,1,1565,particulier,0
1117.0,7,2,1751,facture,0
1905.0,20,2,48,agent,0
1854.0,23,3,1084,particulier,0
7071.0,19,2,1758,particulier,0
6507.0,20,4,1313,particulier,0
4168.0,11,4,1303,particulier,0
1045.0,20,6,899,particulier,0
2528.0,19,3,1648,particulier,0
1747.0,11,2,363,agent,0
6900.0,19,4,841,agent,0
8968.0,8,0,361,particulier,0
8086.0,19,3,1104,particulier,0
1734.0,21,5,152,particulier,0
321.0,23,2,539,particulier,0
734.0,12,1,1729,particulier,0
11030.0,20,3,1668,particulier,0
2342.0,8,2,1048,particulier,0
1740.0,19,1,722,particulier,0
13310.0,8,0,368,particulier,0
9656.0,23,1,743,facture,0
3364.0,5,3,2159,particulier,0
2567.0,19,4,1444,particulier,0
2945.0,23,1,2075,particulier,0
3996.0,22,1,1341,facture,0
12836.0,20,3,74,particulier,1
4718.0,22,5,955,agent,0
6107.0,23,4,269,particulier,0
8901.0,20,3,1620,agent,0
1219.0,7,4,551,particulier,0
6258.0,22,4,1885,particulier,0
2565.0,19,4,1295,particulier,0
388.0,23,4,761,agent,0
540.0,18,5,1709,particulier,0
1387.0,20,3,604,particulier,0
5175.0,22,5,1628,facture,0
3629.0,18,3,837,agent,0
3853.0,8,4,886,particulier,0
17297.0,21,1,772,particulier,0
1120.0,23,4,1670,agent,0
3219.0,12,1,1672,particulier,0
4267.0,20,5,957,particulier,0
1762.0,21,4,1024,particulier,0
3375.0,21,4,1750,agent,0
846.0,9,4,246,particulier,0
10921.0,21,1,2031,particulier,0
1846.0,9,2,273,particulier,0
18522.0,20,6,1943,agent,1
3205.0,11,3,330,particulier,0
7894.0,18,5,649,facture,0
3149.0,8,2,656,agent,0
3209.0,18,3,2199,particulier,0
2005.0,6,6,1356,particulier,0
3646.0,22,1,143,particulier,0
4317.0,7,2,807,particulier,0
1692.0,9,0,1944,particulier,0
2962.0,20,7,909,particulier,0
1961.0,20,3,838,agent,0
23265.0,21,3,1329,particulier,0
3053.0,10,4,1906,agent,0
12252.0,6,8,1499,particulier,0
2790.0,17,2,2017,particulier,0
4107.0,18,1,1170,particulier,0
1072.0,19,2,757,particulier,0
2253.0,18,4,1952,particulier,0
3940.0,22,2,2114,particulier,0
12684.0,10,0,697,particulier,0
3979.0,22,7,1253,facture,0
10680.0,6,4,829,particulier,0
5680.0,9,5,1691,particulier,0
13138.0,20,3,1193,particulier,0
3133.0,19,3,274,particulier,0
25127.0,23,0,479,particulier,0
2181.0,23,0,317,particulier,0
1717.0,8,3,1277,particulier,0
1178.0,23,3,2083,facture,0
23894.0,19,8,474,particulier,1
6611.0,5,3,676,particulier,0
2480.0,21,3,411,particulier,0
9525.0,23,8,382,particulier,0
5911.0,10,3,90,particulier,0
17522.0,21,1,1757,agent,0
884.0,23,1,584,agent,0
2629.0,23,4,2011,particulier,0
2224.0,22,3,2060,agent,0
615.0,23,3,1013,particulier,0
8113.0,9,3,336,particulier,0
2618.0,16,2,340,particulier,0
6178.0,23,2,923,particulier,0
24485.0,18,2,471,particulier,0
2440.0,19,2,979,particulier,0
2303.0,8,3,159,agent,0
3644.0,9,1,643,particulier,0
7625.0,13,1,1916,particulier,0
2035.0,22,1,1740,particulier,0
1927.0,22,3,249,particulier,0
8092.0,10,3,833,particulier,0
4545.0,8,1,1620,agent,0
579.0,8,2,1015,particulier,0
1163.0,19,5,1283,particulier,0
11802.0,23,3,1656,particulier,0
4636.0,19,3,1355,particulier,0
1724.0,19,7,2070,facture,0
2850.0,23,4,1312,particulier,0
3332.0,20,3,989,particulier,0
6157.0,19,4,1559,particulier,0
1038.0,19,2,1275,agent,0
1612.0,23,1,993,agent,0
4155.0,22,3,775,particulier,0
3026.0,21,1,2183,particulier,0
5357.0,18,3,401,particulier,0
1159.0,7,7,1646,particulier,0
4463.0,20,4,219,particulier,0
8332.0,10,4,222,particulier,0
4983.0,19,0,1682,agent,0
3708.0,22,1,1511,particulier,0
3037.0,23,5,1858,facture,0
1620.0,6,3,853,agent,0
3099.0,10,5,1833,agent,0
9612.0,22,1,162,particulier,0
2977.0,6,3,1791,facture,0
1546.0,8,4,2005,agent,0
2168.0,11,5,642,particulier,0
3908.0,22,2,236,particulier,0
2398.0,17,3,2042,particulier,0
4977.0,7,5,288,particulier,0
5138.0,7,4,1209,particulier,0
7014.0,11,2,1843,particulier,0
11048.0,20,3,1407,particulier,0
7681.0,13,3,1219,particulier,0
1489.0,7,1,1576,agent,0
1528.0,10,2,1050,particulier,0
3089.0,9,3,73,agent,0
2245.0,21,5,66,particulier,0
1252.0,4,7,587,particulier,0
2263.0,19,1,1974,particulier,0
2201.0,21,2,595,particulier,0
1861.0,17,3,570,particulier,0
2519.0,3,1,1289,particulier,0
8970.0,18,2,1674,agent,0
3902.0,23,1,1268,agent,0
26931.0,22,3,1493,particulier,0
3808.0,6,1,1703,agent,0
2575.0,9,3,1576,particulier,0
3306.0,21,0,1398,particulier,0
4097.0,23,3,1560,agent,0
4769.0,18,3,1498,agent,0
19249.0,19,2,1658,particulier,0
1606.0,8,4,15,agent,0
6838.0,20,3,1759,particulier,0
3931.0,19,1,724,particulier,0
867.0,9,1,1485,particulier,0
6343.0,18,2,210,particulier,0
9677.0,16,5,1361,particulier,0
1590.0,16,2,2108,particulier,0
3270.0,21,2,36,particulier,0
760.0,22,3,329,particulier,0
1130.0,8,5,1768,particulier,0
8029.0,6,5,196,particulier,0
2216.0,11,0,593,particulier,0
1284.0,11,4,1875,particulier,0
4004.0,22,6,1948,agent,0
2113.0,14,2,176,particulier,0
2208.0,23,1,1450,particulier,0
6176.0,22,6,2007,agent,0
1227.0,21,5,1043,particulier,0
1526.0,22,4,1849,particulier,0
3755.0,18,4,117,particulier,0
7510.0,16,1,233,particulier,0
9437.0,23,1,1638,agent,0
1872.0,20,2,629,particulier,0
7308.0,22,2,1365,particulier,0
1692.0,14,5,1089,agent,0
15557.0,23,1,232,particulier,0
1257.0,23,2,250,particulier,0
10190.0,17,6,2026,particulier,0
1886.0,20,4,137,particulier,0
18238.0,21,3,683,particulier,0
5446.0,9,3,1569,particulier,0
1389.0,22,2,138,particulier,0
2113.0,23,1,1418,particulier,0
6400.0,12,8,1622,agent,0
8061.0,17,4,749,particulier,0
3102.0,18,5,214,particulier,0
3422.0,20,3,702,particulier,0
6277.0,12,1,201,facture,0
3685.0,20,2,668,facture,0
1097.0,11,1,853,agent,0
1651.0,5,5,470,particulier,0
4023.0,22,4,1308,particulier,0
9257.0,22,3,1594,particulier,0
13011.0,22,3,809,particulier,0
6391.0,22,5,177,particulier,0
4206.0,20,5,530,particulier,0
6226.0,19,4,172,particulier,0
1869.0,9,8,319,particulier,0
2892.0,10,7,1066,particulier,0
1635.0,10,1,26,particulier,0
1140.0,17,4,811,particulier,0
4374.0,8,5,791,agent,0
3857.0,11,2,1362,particulier,0
5911.0,7,4,1292,agent,0
5241.0,9,4,609,particulier,0
4049.0,19,7,1044,particulier,0
5288.0,6,1,1642,particulier,0
3177.0,22,1,481,particulier,0
4680.0,12,3,1422,particulier,0
1777.0,16,3,1060,particulier,0
4511.0,23,3,2101,particulier,0
5815.0,18,7,50,particulier,1
1865.0,17,2,1816,particulier,0
3443.0,23,6,1642,particulier,0
1939.0,7,1,59,particulier,0
2106.0,19,3,2137,particulier,0
1266.0,17,6,35,agent,0
9662.0,18,3,1951,particulier,0
8150.0,19,2,257,agent,0
5202.0,23,2,452,particulier,0
17613.0,10,1,302,facture,0
2805.0,11,1,618,agent,0
43347.0,22,3,1115,agent,1
2715.0,20,6,1062,particulier,0
4093.0,6,3,459,agent,0
2349.0,17,0,543,particulier,0
4521.0,10,3,1487,particulier,0
6703.0,23,2,1845,particulier,0
2990.0,14,1,1973,particulier,0
14916.0,23,5,800,particulier,0
4037.0,8,3,818,agent,0
4146.0,9,1,548,particulier,0
1521.0,20,3,261,particulier,0
4702.0,23,6,595,particulier,0
2940.0,22,2,372,agent,0
1965.0,20,2,2188,agent,0
1703.0,6,7,1999,particulier,0
31920.0,18,1,1516,particulier,0
2633.0,15,2,1603,particulier,0
955.0,19,2,1782,particulier,0
1820.0,20,2,1009,facture,0
3153.0,11,4,466,particulier,0
5243.0,20,8,1411,agent,0
5279.0,9,3,277,particulier,0
5855.0,13,3,1304,agent,0
1904.0,12,4,1277,particulier,0
4400.0,21,3,685,agent,0
1565.0,22,3,487,particulier,0
1946.0,21,9,251,particulier,0
1510.0,7,3,542,particulier,0
1200.0,13,5,616,agent,0
8140.0,10,2,2007,particulier,0
5915.0,21,4,1330,particulier,0
7557.0,22,2,659,agent,0
3406.0,21,2,1171,particulier,0
6376.0,12,2,471,particulier,0
737.0,9,4,1236,agent,0
6861.0,20,3,1403,particulier,0
3830.0,23,3,304,particulier,0
5614.0,16,4,1855,particulier,0
4551.0,19,4,611,particulier,0
1424.0,11,1,685,particulier,0
922.0,4,2,882,agent,0
1799.0,20,2,224,particulier,0
5325.0,7,5,175,particulier,0
5923.0,10,2,1766,particulier,0
1030.0,18,2,2123,agent,0
1431.0,23,3,920,particulier,0
1782.0,20,3,278,particulier,0
2432.0,9,4,1488,particulier,0
1035.0,16,1,307,particulier,0
984.0,20,1,1802,facture,0
1638.0,22,3,1418,particulier,0
3545.0,7,0,2157,particulier,0
1208.0,17,3,1243,agent,0
2986.0,10,7,432,particulier,0
8101.0,19,1,1162,particulier,0
1090.0,9,2,1841,particulier,0
2764.0,19,2,1074,particulier,0
7872.0,23,3,1567,particulier,0
2309.0,9,1,1777,particulier,0
2023.0,16,2,387,particulier,0
8857.0,21,1,88,agent,1
2540.0,13,6,1940,facture,0
8424.0,23,2,1479,agent,0
4744.0,20,0,263,particulier,0
2462.0,13,4,1338,particulier,0
4953.0,7,3,2138,agent,0
4326.0,18,2,868,particulier,0
7846.0,22,2,194,particulier,0
2067.0,21,0,296,particulier,0
3412.0,19,2,1621,particulier,0
3127.0,19,6,331,agent,0
5994.0,23,3,2096,particulier,0
1378.0,10,3,1096,particulier,0
7820.0,22,3,964,agent,0
4897.0,23,3,1335,agent,0
1076.0,12,2,230,particulier,0
9201.0,11,5,1581,particulier,0
22004.0,9,4,1686,agent,1
7720.0,23,5,665,particulier,0
11080.0,21,5,545,agent,0
3542.0,11,3,2014,particulier,0
802.0,23,8,864,particulier,0
687.0,18,1,1243,particulier,0
4092.0,14,1,1907,agent,0
1992.0,10,7,1659,particulier,0
1514.0,19,5,654,agent,0
3123.0,21,3,1878,particulier,0
5559.0,23,3,2031,agent,0
958.0,10,4,1271,particulier,0
2249.0,14,5,163,agent,0
11889.0,23,3,2020,particulier,0
1321.0,6,1,692,particulier,0
6900.0,23,0,239,particulier,0
2182.0,22,2,1467,particulier,0
5239.0,21,2,1292,particulier,0
8373.0,20,4,1776,agent,0
6186.0,18,1,2175,particulier,0
7135.0,17,3,505,particulier,0
1238.0,20,4,508,particulier,0
8490.0,11,5,578,particulier,0
1596.0,23,3,355,particulier,0
4108.0,21,4,2194,particulier,0
4103.0,9,1,1228,agent,0
4976.0,10,1,1648,agent,0
4387.0,19,0,545,particulier,0
1608.0,22,3,1337,particulier,0
1046.0,20,2,118,particulier,0
6915.0,9,2,1763,particulier,0
3858.0,8,0,834,particulier,0
8751.0,23,3,213,particulier,0
3172.0,23,5,639,particulier,0
998.0,22,5,1633,agent,0
7489.0,7,2,716,particulier,0
2405.0,23,3,1856,agent,0
4406.0,22,5,1701,particulier,0
1900.0,19,3,1001,particulier,0
13328.0,10,2,1745,particulier,0
1564.0,11,2,1391,particulier,0
2473.0,23,4,491,particulier,0
3610.0,11,5,2009,agent,0
1302.0,20,3,241,facture,0
4363.0,8,2,246,particulier,0
12966.0,7,3,736,particulier,0
2171.0,18,7,1747,particulier,0
4609.0,22,1,1635,particulier,0
318.0,18,4,1444,particulier,0
3187.0,7,1,1483,particulier,0
2525.0,20,1,1984,particulier,0
1643.0,22,5,835,agent,0
8260.0,20,2,351,facture,0
2497.0,18,3,1051,particulier,0
2833.0,23,2,492,facture,0
2391.0,9,3,1079,particulier,0
646.0,21,0,1302,particulier,0
1259.0,23,3,1661,particulier,0
7457.0,19,3,650,particulier,0
548.0,9,3,1900,particulier,0
1718.0,19,3,340,particulier,0
2345.0,21,1,1901,agent,0
14503.0,20,3,598,particulier,0
6332.0,23,2,1446,particulier,0
2052.0,19,4,475,agent,0
9985.0,23,1,984,agent,0
1756.0,23,4,1004,particulier,0
7768.0,21,2,963,particulier,0
1038.0,19,1,48,particulier,0
8203.0,20,5,1529,particulier,0
2333.0,6,3,695,particulier,0
1374.0,23,5,247,particulier,0
2739.0,20,2,2105,particulier,0
4170.0,12,7,351,particulier,0
2163.0,21,2,192,agent,0
5276.0,8,3,1868,particulier,0
2007.0,20,5,1879,particulier,0
5582.0,11,6,1814,particulier,0
4798.0,23,3,2013,particulier,0
3128.0,19,2,1481,agent,0
2264.0,8,4,391,agent,0
3747.0,23,3,1823,particulier,0
5259.0,19,2,700,agent,0
19006.0,23,2,1261,particulier,0
7321.0,23,3,1554,particulier,0
7552.0,6,4,1112,particulier,0
45489.0,19,7,1637,particulier,1
5108.0,20,5,839,agent,0
4974.0,20,2,487,particulier,0
5993.0,23,0,421,particulier,0
1397.0,12,3,1433,particulier,0
2259.0,20,4,1049,agent,0
2143.0,18,4,2175,particulier,0
5713.0,18,5,1986,particulier,0
2841.0,19,3,1148,particulier,0
3705.0,21,5,639,particulier,0
8303.0,13,3,1402,particulier,0
6861.0,19,1,24,particulier,0
2871.0,16,3,125,particulier,0
1864.0,7,6,1334,particulier,0
8647.0,21,5,153,particulier,0
6360.0,7,2,1574,particulier,0
841.0,18,5,462,facture,0
2525.0,23,1,1426,particulier,0
3792.0,23,5,342,particulier,0
6387.0,21,6,348,particulier,0
7141.0,9,6,777,particulier,0
4194.0,22,0,1074,agent,0
5418.0,22,1,588,particulier,0
3479.0,14,3,748,agent,0
1858.0,22,4,1496,particulier,0
2638.0,23,3,2176,particulier,0
3348.0,19,1,864,particulier,0
3199.0,23,8,1387,particulier,0
663.0,9,3,15,particulier,0
2350.0,14,5,1290,particulier,0
3456.0,19,4,1480,particulier,0
2594.0,19,0,2169,facture,0
2671.0,21,1,177,agent,0
4988.0,23,3,1201,particulier,0
1317.0,21,1,1848,particulier,0
826.0,23,6,83,particulier,0
2451.0,19,2,1933,particulier,0
6308.0,16,7,839,facture,0
13828.0,21,3,309,particulier,0
6405.0,19,2,1717,agent,0
946.0,18,2,1898,particulier,0
2704.0,6,4,1889,agent,0
4098.0,19,1,1337,particulier,0
3831.0,19,3,548,agent,0
5210.0,10,6,1461,particulier,0
1511.0,21,3,538,particulier,0
3481.0,20,2,399,particulier,0
4709.0,6,2,1776,agent,0
6646.0,20,2,702,particulier,0
1661.0,18,1,1240,agent,0
2457.0,17,1,1316,particulier,0
331.0,20,1,240,particulier,0
1943.0,17,2,1732,particulier,0
2110.0,18,5,322,particulier,0
1385.0,20,5,759,particulier,0
3792.0,23,1,232,particulier,0
3141.0,23,2,2026,particulier,0
483.0,22,6,772,agent,0
3957.0,20,3,2051,facture,0
1497.0,19,1,955,particulier,0
4978.0,21,1,1924,particulier,0
1108.0,23,7,2050,particulier,0
3380.0,8,2,237,agent,0
2590.0,7,4,2146,particulier,0
4263.0,20,2,443,particulier,0
3663.0,20,5,846,particulier,0
2652.0,9,3,1864,particulier,0
893.0,19,4,1968,particulier,0
939.0,6,2,2004,particulier,0
2006.0,8,3,305,particulier,0
3271.0,11,3,615,particulier,0
1964.0,18,1,1385,particulier,0
5605.0,20,4,1730,agent,0
2598.0,19,0,346,particulier,0
1451.0,20,2,1231,particulier,0
2601.0,12,4,1585,facture,0
3992.0,8,2,1341,particulier,0
4342.0,21,6,664,particulier,0
16263.0,17,5,1486,agent,0
1866.0,12,4,1693,particulier,0
3095.0,10,4,2012,particulier,0
4732.0,10,2,2164,agent,0
3230.0,20,6,1336,particulier,0
2153.0,9,5,1061,agent,0
883.0,20,3,1899,particulier,0
2134.0,18,0,1922,particulier,0
1323.0,18,5,758,particulier,0
759.0,22,3,287,particulier,0
1675.0,7,6,621,particulier,0
1353.0,23,7,627,particulier,0
5411.0,20,3,2150,particulier,0
5491.0,20,3,2075,particulier,0
1528.0,6,3,1343,particulier,0
2641.0,16,2,31,facture,0
679.0,21,2,626,particulier,0
2164.0,22,2,1211,particulier,0
4625.0,23,3,2007,agent,0
6642.0,23,8,137,particulier,0
1797.0,23,3,1372,agent,0
8055.0,23,4,1979,agent,0
908.0,8,3,2116,facture,0
1141.0,9,4,304,particulier,0
6022.0,21,0,1545,facture,0
13636.0,16,1,1385,agent,0
5011.0,21,4,562,particulier,0
3183.0,22,5,965,particulier,0
510.0,20,1,309,particulier,0
590.0,11,3,1473,particulier,0
3678.0,7,4,7,particulier,0
2430.0,21,2,578,particulier,0
1287.0,6,1,1433,agent,0
3483.0,12,4,1054,particulier,0
3633.0,23,3,1774,particulier,0
7352.0,6,3,1661,particulier,0
3700.0,9,3,1798,particulier,0
9359.0,10,3,99,particulier,0
3317.0,6,0,54,particulier,0
2987.0,18,6,1914,particulier,0
8141.0,23,5,1003,agent,0
1434.0,11,2,610,particulier,0
36036.0,22,1,1263,agent,1
4532.0,17,2,1119,facture,0
4554.0,22,2,1727,particulier,0
5148.0,20,1,1348,particulier,0
16245.0,23,1,1045,particulier,0
6462.0,12,2,501,facture,0
842.0,23,2,1853,particulier,0
10861.0,23,2,17,particulier,0
2466.0,19,4,1727,particulier,0
3609.0,23,4,950,particulier,0
1111.0,8,2,2149,particulier,0
5153.0,8,4,2015,particulier,0
1894.0,4,0,297,particulier,0
3587.0,22,3,891,particulier,0
2588.0,9,6,791,agent,0
16920.0,21,1,1584,facture,0
17764.0,21,3,1849,agent,0
3427.0,8,4,1601,particulier,0
3479.0,18,8,2145,particulier,0
2398.0,17,2,1980,particulier,0
8435.0,8,3,2064,particulier,0
2491.0,21,5,1795,particulier,0
2303.0,8,3,182,particulier,0
7569.0,22,5,981,facture,0
2085.0,22,7,2154,agent,0
3190.0,10,4,770,agent,0
859.0,23,5,1118,agent,0
5994.0,20,6,1709,agent,0
17150.0,22,2,296,particulier,0
6082.0,16,4,552,particulier,0
11413.0,15,1,151,particulier,0
1605.0,8,3,1292,particulier,0
4027.0,22,2,2122,particulier,0
1478.0,23,7,130,agent,0
2715.0,20,1,1124,particulier,0
6351.0,21,2,418,particulier,0
3592.0,22,5,899,particulier,0
992.0,6,4,709,particulier,0
1077.0,22,3,1637,particulier,0
1018.0,18,3,1824,particulier,0
5003.0,17,5,269,particulier,0
19040.0,19,4,82,particulier,1
10489.0,22,2,922,particulier,0
657.0,19,1,797,particulier,0
11025.0,22,1,798,particulier,0
7302.0,18,2,783,particulier,0
886.0,19,2,926,agent,0
2546.0,7,2,2141,particulier,0
8360.0,19,5,1763,particulier,0
5260.0,7,2,1105,agent,0
1083.0,14,1,1308,particulier,0
5537.0,23,1,988,particulier,0
535.0,20,5,1514,particulier,0
2726.0,18,4,529,particulier,0
8667.0,9,3,1598,agent,0
3346.0,19,5,936,particulier,0
2156.0,19,6,1057,particulier,0
7016.0,18,3,764,particulier,0
7544.0,6,4,1506,particulier,0
10032.0,23,4,2106,agent,0
6927.0,11,3,2105,particulier,0
8260.0,23,6,429,facture,0
6142.0,19,2,775,particulier,0
4129.0,8,2,1364,particulier,0
3555.0,20,3,1174,particulier,0
2693.0,17,5,345,particulier,0
1176.0,19,2,2096,particulier,0
1463.0,5,3,541,particulier,0
2592.0,7,2,1760,particulier,0
4045.0,21,5,2187,particulier,0
11211.0,9,5,739,facture,0
3179.0,21,1,695,particulier,0
7731.0,22,6,292,particulier,0
8245.0,9,4,1236,agent,0
2706.0,10,5,1782,agent,0
5462.0,7,2,635,agent,0
2678.0,10,2,658,particulier,0
10136.0,19,2,142,agent,0
5656.0,10,2,571,particulier,0
1198.0,16,7,1441,particulier,0
3779.0,17,5,1523,particulier,0
13372.0,9,5,1723,particulier,0
2824.0,17,3,889,agent,0
4820.0,20,2,1360,particulier,0
5240.0,9,7,2160,particulier,0
1365.0,18,5,1424,particulier,0
5085.0,21,2,1494,particulier,0
1008.0,21,2,1014,particulier,0
1936.0,22,1,1625,particulier,0
8220.0,18,3,228,particulier,0
4462.0,18,1,766,particulier,0
2543.0,10,2,1653,particulier,0
4815.0,20,1,1818,agent,0
3130.0,8,8,1210,particulier,0
3330.0,2,3,30,particulier,0
5758.0,22,1,331,particulier,0
1775.0,11,1,1182,particulier,0
3409.0,23,5,1805,particulier,0
2526.0,19,6,1454,agent,0
856.0,9,2,1162,particulier,0
1507.0,8,5,44,particulier,0
12494.0,20,4,1264,agent,0
4569.0,20,7,188,agent,0
1070.0,21,1,1914,particulier,0
890.0,7,1,1912,particulier,0
2995.0,23,2,1197,particulier,0
12419.0,19,3,1866,particulier,0
2811.0,19,2,61,agent,0
10006.0,20,1,294,particulier,0
4443.0,22,11,816,particulier,0
4918.0,20,0,1249,particulier,0
1059.0,19,4,899,particulier,0
7309.0,20,5,22,agent,0
2478.0,23,2,1623,particulier,0
6861.0,23,7,715,particulier,0
1649.0,21,2,2083,agent,0
3830.0,10,1,1777,particulier,0
4444.0,23,2,227,particulier,0
2890.0,22,3,1044,particulier,0
4646.0,21,3,2056,facture,0
2627.0,20,2,260,particulier,0
1898.0,15,1,850,agent,0
12896.0,11,2,960,particulier,0
8035.0,23,5,680,particulier,0
1725.0,17,1,1635,particulier,0
5341.0,19,1,341,particulier,0
1752.0,9,3,51,agent,0
1204.0,19,1,1821,agent,0
7933.0,11,1,1063,agent,0
774.0,23,2,888,particulier,0
7243.0,10,5,143,agent,0
2658.0,23,4,112,particulier,0
2752.0,21,5,2169,particulier,0
4667.0,20,6,1902,particulier,0
5399.0,22,2,763,facture,0
1632.0,11,1,902,particulier,0
6064.0,18,3,1963,particulier,0
3628.0,20,3,1518,agent,0
1133.0,7,2,214,agent,0
2852.0,16,2,2192,particulier,0
10658.0,23,5,786,particulier,0
13699.0,21,9,76,particulier,1
6062.0,22,3,1220,agent,0
1198.0,6,1,198,agent,0
4999.0,19,1,1880,particulier,0
6790.0,11,1,1298,particulier,0
6105.0,20,3,1214,particulier,0
6420.0,20,1,2061,particulier,0
4486.0,8,7,137,agent,0
3098.0,9,2,1948,particulier,0
1964.0,19,2,907,particulier,0
656.0,23,5,590,particulier,0
4397.0,20,7,268,particulier,0
3859.0,9,6,566,particulier,0
5292.0,16,4,2134,particulier,0
1057.0,21,4,487,particulier,0
5700.0,22,2,1003,particulier,0
18890.0,8,2,2137,particulier,0
3522.0,22,1,2185,particulier,0
3126.0,21,3,2097,agent,0
4284.0,6,2,1009,particulier,0
18536.0,22,6,2151,particulier,0
1380.0,20,1,1778,agent,0
3916.0,18,4,1185,agent,0
1670.0,23,2,240,particulier,0
2069.0,11,1,1188,particulier,0
3158.0,18,3,239,particulier,0
10355.0,21,5,336,particulier,0
15227.0,21,1,752,facture,0
4822.0,20,6,1173,particulier,0
2392.0,19,2,109,agent,0
27415.0,10,4,720,particulier,0
2291.0,23,0,2100,particulier,0
2027.0,21,2,246,particulier,0
729.0,16,3,986,particulier,0
10793.0,8,3,1726,particulier,0
7503.0,14,3,962,particulier,0
25723.0,17,3,1154,particulier,0
1011.0,19,3,379,particulier,0
11378.0,11,5,923,agent,0
3497.0,8,9,2022,particulier,0
6537.0,20,3,1639,facture,0
812.0,10,4,787,particulier,0
11474.0,10,3,1566,agent,0
6429.0,16,0,420,agent,0
3187.0,21,4,2192,particulier,0
5701.0,21,6,1899,particulier,0
1719.0,17,4,2052,particulier,0
2013.0,11,4,805,agent,0
2222.0,21,2,1504,particulier,0
682.0,20,2,1394,agent,0
6853.0,15,3,1723,particulier,0
9071.0,10,3,211,particulier,0
1815.0,21,5,1213,agent,0
4429.0,21,0,1769,particulier,0
2629.0,12,2,680,particulier,0
4355.0,5,0,289,particulier,0
1932.0,17,3,1347,facture,0
1555.0,23,2,1752,particulier,0
8057.0,7,2,1263,particulier,0
3120.0,23,5,792,particulier,0
18376.0,9,7,2147,particulier,1
3427.0,21,1,387,particulier,0
1499.0,7,3,2187,particulier,0
9348.0,18,1,1179,particulier,0
5632.0,19,4,1243,particulier,0
6111.0,23,5,113,particulier,0
9063.0,8,2,452,particulier,0
1891.0,9,3,1700,particulier,0
2957.0,20,3,1504,particulier,0
2848.0,18,4,1403,agent,0
1100.0,23,4,623,particulier,0
2633.0,22,1,912,particulier,0
10259.0,19,2,547,facture,0
4031.0,12,2,994,particulier,0
1049.0,21,7,1396,particulier,0
878.0,13,1,1555,particulier,0
13562.0,21,4,233,agent,0
3051.0,10,2,2116,facture,0
1900.0,17,2,294,facture,0
2610.0,20,5,820,agent,0
939.0,10,2,1543,particulier,0
11044.0,19,3,623,agent,0
2359.0,13,3,1551,particulier,0
10533.0,9,2,616,agent,0
3442.0,9,2,1181,facture,0
11104.0,10,0,925,particulier,0
4098.0,17,0,1154,particulier,0
6804.0,19,3,1267,particulier,0
6071.0,9,2,1372,agent,0
5596.0,21,3,1521,particulier,0
4428.0,18,5,1504,particulier,0
2703.0,21,3,1515,particulier,0
16783.0,8,4,1765,agent,0
1524.0,22,3,1496,particulier,0
3307.0,18,5,853,facture,0
3336.0,11,3,1193,agent,0
4638.0,13,2,550,agent,0
2287.0,18,5,557,particulier,0
4305.0,20,4,2019,agent,0
2854.0,12,4,996,particulier,0
859.0,18,4,356,agent,0
3321.0,16,5,233,particulier,0
1293.0,11,2,696,particulier,0
754.0,20,5,138,particulier,0
3701.0,23,2,432,agent,0
4988.0,21,6,1042,particulier,0
5155.0,19,6,579,particulier,0
5335.0,20,3,1692,particulier,0
637.0,23,5,1391,particulier,0
1036.0,8,5,546,particulier,0
17632.0,8,4,192,particulier,0
1353.0,20,2,1945,facture,0
5537.0,22,1,427,particulier,0
1837.0,19,4,1553,particulier,0
3525.0,23,2,1091,particulier,0
1923.0,23,0,964,particulier,0
5310.0,22,2,1239,agent,0
3701.0,20,2,1737,particulier,0
2251.0,17,5,1278,particulier,0
1349.0,20,3,2027,particulier,0
4137.0,10,7,2113,agent,0
1175.0,10,3,1446,particulier,0
4738.0,11,5,380,particulier,0
30715.0,7,8,219,particulier,1
10380.0,19,2,160,particulier,0
6067.0,17,4,2159,agent,0
3063.0,10,5,1098,particulier,0
634.0,23,3,38,particulier,0
1071.0,22,4,894,particulier,0
9802.0,12,4,1601,particulier,0
1684.0,8,4,1752,particulier,0
1818.0,8,6,1889,particulier,0
2862.0,23,7,12,particulier,0
1336.0,11,3,1084,particulier,0
1161.0,22,5,305,particulier,0
3156.0,23,1,1531,agent,0
1544.0,6,4,1635,particulier,0
1755.0,19,1,1369,particulier,0
1696.0,13,6,1002,particulier,0
5136.0,8,6,1216,particulier,0
2705.0,11,2,1732,particulier,0
2831.0,21,4,1156,particulier,0
5472.0,23,0,1512,particulier,0
2920.0,11,1,90,particulier,0
2601.0,23,8,440,particulier,0
4914.0,23,2,1676,particulier,0
5814.0,21,5,477,agent,0
2907.0,18,2,1194,agent,0
3528.0,5,2,746,particulier,0
1695.0,15,4,509,particulier,0
1585.0,12,3,2076,particulier,0
6335.0,19,2,1364,particulier,0
4809.0,23,0,1022,agent,0
4851.0,17,3,966,particulier,0
4183.0,6,1,426,facture,0
3426.0,22,1,224,facture,0
5955.0,22,1,420,particulier,0
7294.0,19,3,2181,particulier,0
7148.0,20,6,2164,particulier,0
3024.0,23,4,1141,particulier,0
10710.0,23,4,2063,particulier,0
4001.0,20,2,995,particulier,0
5639.0,19,1,1762,particulier,0
4187.0,17,3,1470,particulier,0
4064.0,10,5,2151,particulier,0
1763.0,11,2,2044,particulier,0
5980.0,12,3,2022,particulier,0
36994.0,10,0,1173,particulier,0
2396.0,23,2,369,particulier,0
3499.0,15,5,1426,facture,0
2255.0,23,2,785,particulier,0
2176.0,21,2,689,particulier,0
12244.0,9,5,585,particulier,0
1859.0,19,1,2198,particulier,0
2202.0,20,5,612,agent,0
855.0,21,2,175,agent,0
1730.0,7,5,879,agent,0
771.0,16,2,853,particulier,0
5637.0,23,2,1498,particulier,0
35587.0,22,3,473,particulier,0
2412.0,5,7,1682,particulier,0
799.0,8,3,1650,particulier,0
7080.0,23,2,1627,particulier,0
1776.0,8,8,968,facture,0
9941.0,18,2,1384,particulier,0
2592.0,23,1,1190,particulier,0
1926.0,22,6,1175,particulier,0
2832.0,18,8,1021,particulier,0
6274.0,23,3,1069,particulier,0
2715.0,21,2,274,particulier,0
2160.0,11,2,881,particulier,0
2782.0,22,2,555,particulier,0
1118.0,21,6,2061,particulier,0
4617.0,20,3,1869,agent,0
721.0,7,5,1988,agent,0
2259.0,22,4,2121,particulier,0
6282.0,23,6,2126,particulier,0
4262.0,21,2,972,particulier,0
5441.0,20,7,1075,particulier,0
3117.0,21,6,2161,particulier,0
8904.0,12,4,489,particulier,0
7230.0,22,3,242,particulier,0
4814.0,20,2,420,particulier,0
7248.0,10,4,1851,particulier,0
6235.0,8,5,798,agent,0
2268.0,22,3,169,agent,0
1051.0,21,2,1272,particulier,0
4709.0,9,3,1728,particulier,0
5241.0,19,2,1268,particulier,0
8324.0,21,4,2126,particulier,0
1486.0,23,5,79,particulier,0
1525.0,22,2,968,particulier,0
4870.0,23,4,2173,particulier,0
3101.0,8,3,2188,particulier,0
663.0,19,6,1129,particulier,0
4532.0,23,2,1157,particulier,0
682.0,16,2,2099,particulier,0
1475.0,21,2,1332,particulier,0
10393.0,6,2,1112,particulier,0
15540.0,10,3,268,particulier,0
1172.0,7,5,1989,particulier,0
2490.0,10,3,681,particulier,0
3416.0,20,3,1096,agent,0
14974.0,22,5,1453,particulier,0
2167.0,22,1,939,particulier,0
2197.0,11,5,26,agent,0
12288.0,22,3,1970,particulier,0
2396.0,22,4,915,particulier,0
6087.0,20,5,165,agent,0
939.0,22,5,629,particulier,0
2848.0,19,3,43,particulier,0
804.0,8,3,1194,particulier,0
1343.0,18,4,1050,particulier,0
6723.0,22,4,675,particulier,0
3158.0,22,6,1481,particulier,0
2512.0,20,1,2135,agent,0
1743.0,22,3,1546,particulier,0
2731.0,23,3,673,particulier,0
4255.0,18,0,1350,particulier,0
7597.0,23,3,1274,particulier,0
354.0,14,3,235,particulier,0
1625.0,20,4,369,particulier,0
3772.0,5,4,1814,agent,0
3029.0,9,4,197,particulier,0
4642.0,23,1,1104,particulier,0
4136.0,14,1,1682,agent,0
2542.0,23,4,614,particulier,0
2105.0,18,2,908,agent,0
2674.0,21,4,267,particulier,0
8747.0,19,3,888,particulier,0
1768.0,11,4,1605,particulier,0
3123.0,7,3,1726,particulier,0
3850.0,19,2,367,particulier,0
12411.0,8,3,172,particulier,0
2552.0,10,3,1235,agent,0
7443.0,20,0,1667,particulier,0
9388.0,18,5,190,particulier,0
3121.0,8,3,422,particulier,0
2754.0,9,5,1599,agent,0
2491.0,12,4,1872,particulier,0
2651.0,21,4,375,particulier,0
6810.0,10,6,869,particulier,0
4009.0,16,1,1301,particulier,0
4024.0,20,1,1764,particulier,0
1266.0,20,1,474,particulier,0
1448.0,8,6,2110,particulier,0
20372.0,17,3,1960,facture,0
2832.0,23,3,1700,particulier,0
1705.0,9,4,2086,particulier,0
11119.0,16,3,796,particulier,0
4186.0,11,1,2197,particulier,0
5385.0,22,7,975,particulier,0
2930.0,23,4,1263,particulier,0
2513.0,15,2,2025,particulier,0
2852.0,12,3,623,agent,0
1017.0,9,2,1671,particulier,0
3057.0,20,2,720,particulier,0
4237.0,5,0,1765,facture,0
15881.0,12,0,2078,particulier,0
3544.0,22,3,1488,particulier,0
453.0,20,4,1704,facture,0
3042.0,10,5,555,facture,0
33812.0,22,2,1021,agent,1
6880.0,6,2,1768,particulier,0
1654.0,19,2,1653,agent,0
5445.0,7,6,1149,agent,0
1753.0,9,1,695,particulier,0
1042.0,17,3,1392,agent,0
2450.0,18,6,1367,particulier,0
3561.0,23,4,485,particulier,0
671.0,9,2,233,agent,0
1240.0,23,5,1175,particulier,0
3324.0,23,5,382,agent,0
2329.0,9,5,1553,particulier,0
4608.0,23,4,1621,particulier,0
1173.0,22,3,791,particulier,0
6045.0,21,4,574,particulier,0
1204.0,8,6,1139,particulier,0
13311.0,22,0,1001,particulier,0
766.0,11,3,300,facture,0
1302.0,19,2,561,particulier,0
4697.0,10,2,527,particulier,0
13556.0,18,2,619,particulier,0
4306.0,23,2,794,particulier,0
5316.0,10,3,508,agent,0
3344.0,8,0,397,facture,0
1377.0,21,1,735,agent,0
2172.0,19,2,996,particulier,0
1176.0,23,3,2116,particulier,0
1111.0,20,4,1093,particulier,0
4635.0,8,0,123,facture,0
1268.0,4,3,1464,particulier,0
4323.0,20,3,1736,particulier,0
1089.0,22,6,1005,particulier,0
4238.0,22,1,1883,particulier,0
2175.0,22,3,1438,agent,0
10890.0,19,2,1459,particulier,0
4338.0,9,6,1930,particulier,0
9418.0,19,2,607,particulier,0
1733.0,19,4,1647,particulier,0
3455.0,12,4,653,agent,0
1431.0,19,5,695,particulier,0
2318.0,17,4,277,particulier,0
2637.0,18,7,1879,particulier,0
1778.0,21,4,1560,particulier,0
1172.0,22,4,876,particulier,0
991.0,19,1,735,particulier,0
451.0,8,1,1232,particulier,0
1342.0,22,3,1885,agent,0
5616.0,21,2,689,particulier,0
847.0,10,1,1835,particulier,0
1030.0,20,5,1471,particulier,0
15097.0,19,2,1265,agent,0
1918.0,23,2,623,particulier,0
4328.0,20,4,1033,particulier,0
5687.0,19,4,1648,particulier,0
5786.0,8,7,630,particulier,0
903.0,23,1,983,agent,0
2707.0,21,4,1597,agent,0
833.0,18,2,836,agent,0
26354.0,23,1,2083,agent,1
849.0,9,3,648,particulier,0
1352.0,10,3,1643,particulier,0
1360.0,9,7,1464,particulier,0
923.0,23,2,1292,agent,0
10401.0,18,5,708,particulier,0
25825.0,9,3,469,agent,0
2199.0,23,3,383,particulier,0
1072.0,18,3,1856,particulier,0
492.0,23,1,1481,particulier,0
2677.0,23,3,1472,particulier,0
2518.0,8,5,410,particulier,0
1894.0,10,6,1605,particulier,0
3977.0,22,4,816,particulier,0
4610.0,23,4,482,particulier,0
4336.0,10,4,1438,particulier,0
2518.0,19,5,909,agent,0
1292.0,11,3,735,agent,0
5802.0,17,2,192,particulier,0
3330.0,9,3,1271,particulier,0
7010.0,20,4,441,particulier,0
6448.0,21,3,1032,particulier,0
984.0,7,2,358,particulier,0
974.0,13,1,873,particulier,0
1733.0,9,2,251,particulier,0
1342.0,20,5,1480,facture,0
6260.0,11,3,2178,agent,0
4441.0,21,2,1078,agent,0
8386.0,23,5,648,particulier,0
4615.0,22,5,154,facture,0
3934.0,21,0,1437,agent,0
9134.0,12,6,2087,particulier,0
4911.0,11,5,1712,agent,0
3491.0,21,5,366,agent,0
11596.0,22,4,1344,particulier,0
3633.0,18,4,780,facture,0
2544.0,21,4,1484,agent,0
1616.0,19,1,626,particulier,0
5988.0,8,5,572,agent,0
9429.0,16,2,1500,agent,0
3156.0,20,6,290,particulier,0
10014.0,7,3,963,particulier,0
617.0,22,3,1611,particulier,0
3143.0,20,5,838,particulier,0
3184.0,15,2,788,facture,0
1776.0,22,8,1870,particulier,0
24991.0,23,2,2158,particulier,0
3114.0,8,5,2168,particulier,0
2330.0,19,3,1145,particulier,0
3368.0,7,0,1067,particulier,0
600.0,11,2,261,particulier,0
1727.0,6,6,874,particulier,0
7599.0,11,2,1231,agent,0
1930.0,9,5,1869,particulier,0
1629.0,10,4,2135,particulier,0
10028.0,22,6,1748,particulier,0
10293.0,20,2,1090,particulier,0
5112.0,10,3,440,particulier,0
2238.0,13,1,829,particulier,0
2688.0,7,6,850,particulier,0
1663.0,20,4,92,particulier,0
1414.0,8,4,14,particulier,0
1356.0,6,0,849,particulier,0
1948.0,6,7,1019,particulier,0
1367.0,20,3,841,particulier,0
872.0,22,2,1859,particulier,0
3970.0,20,4,1403,particulier,0
4021.0,23,2,2168,particulier,0
13984.0,23,4,2153,particulier,0
1867.0,19,3,562,particulier,0
4237.0,7,4,141,agent,0
4298.0,23,2,1240,agent,0
2655.0,10,3,336,particulier,0
6202.0,19,2,1135,agent,0
6367.0,10,4,252,agent,0
4352.0,22,1,1198,agent,0
2651.0,23,3,776,agent,0
2431.0,21,2,11,agent,0
1030.0,20,1,539,particulier,0
1661.0,17,5,1834,particulier,0
1942.0,9,3,1747,particulier,0
1267.0,9,4,378,particulier,0
4788.0,23,0,1213,particulier,0
9110.0,10,2,180,particulier,0
1523.0,22,1,185,agent,0
4192.0,23,3,1172,particulier,0
1368.0,17,2,1692,particulier,0
2542.0,21,5,2017,particulier,0
1832.0,18,5,83,particulier,0
5495.0,12,5,1048,agent,0
1850.0,19,8,1155,particulier,0
7785.0,9,2,1354,particulier,0
2673.0,19,6,1216,particulier,0
1897.0,22,3,1858,agent,0
1135.0,20,1,1648,agent,0
4086.0,20,1,465,particulier,0
7051.0,21,5,371,facture,0
4156.0,8,8,949,agent,0
22093.0,7,3,2070,particulier,0
11107.0,23,3,446,facture,0
2537.0,23,2,182,particulier,0
2514.0,19,2,2154,particulier,0
4911.0,23,3,2062,particulier,0
1616.0,10,5,1250,agent,0
8878.0,19,0,675,particulier,0
4480.0,7,0,272,particulier,0
4097.0,13,6,1421,agent,0
5907.0,22,1,1702,particulier,0
14248.0,9,1,1430,agent,0
3810.0,10,4,1920,agent,0
2993.0,18,2,647,particulier,0
11878.0,11,2,663,particulier,0
7498.0,18,2,1672,particulier,0
2508.0,5,4,82,agent,0
3309.0,7,1,729,particulier,0
3890.0,10,1,1237,particulier,0
4481.0,11,3,1321,particulier,0
1040.0,9,6,1574,particulier,0
888.0,22,4,2041,agent,0
1550.0,10,3,905,particulier,0
1451.0,13,4,1358,agent,0
1906.0,4,1,1526,facture,0
5651.0,11,2,1642,agent,0
2854.0,21,4,2117,particulier,0
3893.0,20,2,2164,particulier,0
1164.0,9,7,1625,particulier,0
2225.0,11,1,1085,agent,0
5427.0,9,4,77,particulier,0
5463.0,23,2,1385,facture,0
1780.0,20,2,1147,particulier,0
3780.0,21,3,69,particulier,0
21355.0,21,2,1427,particulier,0
3246.0,8,3,1590,particulier,0
1828.0,19,2,1229,agent,0
2842.0,20,5,1857,particulier,0
3563.0,18,2,566,particulier,0
2897.0,17,6,619,particulier,0
3208.0,20,6,1271,agent,0
966.0,21,7,103,agent,0
1454.0,22,3,1016,particulier,0
2902.0,20,2,507,agent,0
2863.0,19,4,891,facture,0
2036.0,12,1,304,particulier,0
2834.0,22,5,289,particulier,0
3470.0,19,1,1738,particulier,0
7016.0,18,3,301,particulier,0
3028.0,19,3,1223,particulier,0
4625.0,20,4,1664,agent,0
2079.0,10,1,420,particulier,0
5358.0,22,5,688,particulier,0
4534.0,20,5,428,particulier,0
6877.0,9,3,2181,agent,0
6042.0,11,7,710,particulier,0
5434.0,23,0,998,facture,0
3030.0,23,4,914,facture,0
4057.0,14,2,2036,particulier,0
8135.0,21,3,1032,agent,0
1893.0,7,0,1117,facture,0
1931.0,9,2,88,particulier,0
3844.0,23,3,1643,particulier,0
4689.0,19,1,1195,particulier,0
1635.0,10,5,1825,particulier,0
3092.0,23,3,1674,agent,0
3041.0,22,5,82,particulier,0
501.0,23,4,419,particulier,0
2734.0,18,2,1908,agent,0
2882.0,5,2,900,particulier,0
2875.0,5,4,61,particulier,0
10977.0,20,4,1686,agent,0
1172.0,18,2,854,particulier,0
1634.0,7,4,1631,facture,0
358.0,23,2,1938,particulier,0
2189.0,10,3,1509,particulier,0
2354.0,22,4,2140,agent,0
2136.0,23,2,1765,particulier,0
8447.0,6,3,1140,particulier,0
6847.0,20,5,828,agent,0
3520.0,18,1,779,particulier,0
2404.0,21,5,313,agent,0
7881.0,23,5,1026,particulier,0
3240.0,23,2,700,particulier,0
1643.0,20,1,129,particulier,0
766.0,9,4,620,facture,0
2264.0,23,2,2172,agent,0
6257.0,16,2,605,particulier,0
22812.0,7,4,1272,particulier,0
3472.0,10,3,815,particulier,0
1719.0,18,0,1187,particulier,0
1203.0,12,2,135,particulier,0
5267.0,21,6,985,particulier,0
735.0,19,3,701,particulier,0
5260.0,20,1,620,particulier,0
6602.0,20,2,175,particulier,0
4774.0,22,5,1344,particulier,0
2733.0,20,0,2122,particulier,0
5325.0,16,3,1585,particulier,0
3810.0,9,1,1312,agent,0
1700.0,6,0,391,particulier,0
15881.0,8,5,274,particulier,0
2443.0,10,3,1332,particulier,0
6370.0,11,5,582,particulier,0
422.0,18,3,1023,agent,0
9750.0,17,3,1374,particulier,0
11481.0,20,3,2189,particulier,0
3379.0,17,3,1051,particulier,0
5297.0,20,6,591,particulier,0
5296.0,21,0,808,particulier,0
1908.0,21,1,1127,agent,0
5245.0,21,2,1911,particulier,0
1657.0,5,3,413,particulier,0
1964.0,21,1,458,particulier,0
8586.0,23,5,1925,particulier,0
7544.0,15,3,1298,particulier,0
1807.0,21,0,2038,agent,0
1766.0,9,2,1511,agent,0
1903.0,23,3,1345,particulier,0
6141.0,22,2,2187,particulier,0
1408.0,9,3,1885,particulier,0
4461.0,18,2,84,particulier,0
6216.0,21,3,8,agent,0
3056.0,21,2,1245,agent,0
7774.0,15,2,497,agent,0
2544.0,21,1,99,facture,0
2747.0,22,2,955,particulier,0
1436.0,17,3,220,particulier,0
7821.0,22,5,570,particulier,0
1717.0,21,3,852,agent,0
4435.0,23,5,421,particulier,0
3101.0,20,0,1720,particulier,0
1346.0,21,4,333,particulier,0
1963.0,21,5,27,particulier,0
10673.0,14,1,1034,particulier,0
3910.0,20,3,1136,agent,0
1397.0,9,7,1765,particulier,0
4271.0,7,2,1633,particulier,0
2910.0,22,7,8,particulier,0
62065.0,7,3,1844,agent,1
4198.0,21,5,467,agent,0
2384.0,22,1,496,particulier,0
11015.0,20,1,541,particulier,0
689.0,21,3,176,facture,0
3569.0,11,1,870,particulier,0
17949.0,21,7,1730,particulier,1
2985.0,16,4,1764,particulier,0
755.0,8,1,1486,particulier,0
2353.0,21,4,337,particulier,0
11343.0,23,4,1089,particulier,0
4535.0,20,3,461,particulier,0
1615.0,8,5,1376,agent,0
1840.0,18,4,652,particulier,0
2047.0,14,2,1887,particulier,0
4478.0,21,5,820,particulier,0
10275.0,12,3,1375,particulier,0
8059.0,10,0,613,particulier,0
4854.0,11,3,480,particulier,0
1062.0,19,5,1828,particulier,0
1066.0,20,3,1313,particulier,0
5184.0,9,1,935,agent,0
1050.0,17,4,2002,agent,0
2720.0,10,4,1976,particulier,0
4266.0,12,2,617,agent,0
1253.0,18,5,1927,particulier,0
1379.0,18,2,697,particulier,0
3041.0,22,1,362,agent,0
5055.0,8,5,2079,particulier,0
8122.0,20,1,1726,agent,0
5519.0,21,6,2169,particulier,0
3507.0,11,2,570,particulier,0
1747.0,21,0,1093,particulier,0
1326.0,19,6,1207,particulier,0
2134.0,20,2,470,particulier,0
4668.0,23,4,973,facture,0
4386.0,21,1,1095,agent,0
553.0,11,4,617,particulier,0
1689.0,9,5,1965,particulier,0
9171.0,7,3,1483,particulier,0
3524.0,9,3,899,particulier,0
988.0,20,3,513,agent,0
24403.0,18,2,427,facture,0
3214.0,18,5,1482,particulier,0
4567.0,16,3,2111,agent,0
4627.0,20,3,1798,particulier,0
2410.0,12,2,1158,particulier,0
1775.0,23,4,58,agent,0
19999.0,9,3,102,agent,0
7729.0,23,2,1666,particulier,0
6625.0,11,4,561,particulier,0
5377.0,18,5,2084,particulier,0
1404.0,21,1,687,particulier,0
9759.0,6,5,151,particulier,0
1609.0,21,2,1908,particulier,0
4191.0,10,4,1364,agent,0
818.0,10,2,370,particulier,0
581.0,7,3,1098,agent,0
4318.0,22,2,1478,particulier,0
1656.0,22,2,387,particulier,0
607.0,21,4,621,particulier,0
5216.0,22,3,1739,particulier,0
19972.0,19,1,806,agent,0
10734.0,12,2,1299,particulier,0
2647.0,10,4,415,particulier,0
3319.0,17,2,702,particulier,0
7006.0,13,0,1898,particulier,0
8551.0,18,0,52,particulier,0
2460.0,23,4,689,agent,0
3392.0,20,2,730,particulier,0
4254.0,10,7,1964,particulier,0
5275.0,7,5,1165,agent,0
2942.0,20,5,2160,particulier,0
2975.0,23,4,107,particulier,0
10645.0,21,5,1267,particulier,0
9210.0,20,4,1122,agent,0
4943.0,20,4,1170,particulier,0
14203.0,6,2,1178,particulier,0
2372.0,7,3,690,agent,0
13089.0,16,4,1660,particulier,0
5225.0,6,7,1770,particulier,0
53123.0,9,3,1694,particulier,1
1196.0,23,4,21,particulier,0
1834.0,10,1,1059,agent,0
4703.0,16,3,1830,particulier,0
4618.0,23,6,1456,particulier,0
17285.0,18,2,1849,particulier,0
1867.0,12,6,1534,particulier,0
7109.0,21,7,1242,particulier,0
8849.0,18,4,1076,particulier,0
5997.0,23,3,1627,agent,0
1456.0,21,2,356,agent,0
10901.0,18,0,1698,particulier,0
9367.0,19,5,243,particulier,0
5484.0,8,2,91,particulier,0
3919.0,20,4,1991,particulier,0
3993.0,22,1,1156,particulier,0
3081.0,8,4,1335,particulier,0
5680.0,11,1,1894,facture,0
3383.0,22,3,806,agent,0
1602.0,23,1,2075,particulier,0
1351.0,23,2,1629,particulier,0
1738.0,16,3,452,particulier,0
3979.0,7,2,403,particulier,0
3220.0,22,6,1256,particulier,0
3956.0,19,5,1233,agent,0
5043.0,17,4,79,agent,0
1933.0,21,4,272,particulier,0
11451.0,19,4,1104,particulier,0
2624.0,7,1,924,particulier,0
2279.0,20,1,799,particulier,0
4964.0,22,3,992,particulier,0
692.0,10,4,1661,agent,0
1683.0,21,3,1241,particulier,0
7585.0,22,2,714,particulier,0
752.0,16,4,1123,particulier,0
8518.0,20,4,1499,particulier,0
11902.0,21,4,257,particulier,0
2407.0,20,4,1776,particulier,0
4222.0,10,3,923,particulier,0
8529.0,12,2,161,particulier,0
2215.0,20,5,1042,particulier,0
6889.0,23,3,453,particulier,0
1862.0,11,2,775,particulier,0
2195.0,23,4,698,particulier,0
1670.0,17,9,1638,particulier,0
4408.0,4,3,1904,particulier,0
8816.0,22,1,341,particulier,0
2817.0,9,1,1064,particulier,0
1118.0,18,1,1655,particulier,0
1313.0,11,2,340,particulier,0
4607.0,18,1,1095,particulier,0
15796.0,21,5,367,particulier,0
4604.0,19,1,746,particulier,0
2371.0,12,3,738,facture,0
6319.0,18,2,830,particulier,0
2688.0,17,7,1437,particulier,0
2389.0,6,1,1923,particulier,0
1459.0,21,6,1973,particulier,0
10907.0,23,0,900,agent,0
381.0,23,2,423,particulier,0
6491.0,9,3,911,particulier,0
2221.0,21,5,1868,particulier,0
2324.0,17,5,1559,particulier,0
13884.0,11,3,628,particulier,0
1795.0,16,3,1675,agent,0
1848.0,17,2,1516,particulier,0
2949.0,18,0,1959,agent,0
4683.0,19,2,1933,particulier,0
2263.0,21,6,2062,particulier,0
865.0,18,1,1083,particulier,0
1578.0,21,2,562,particulier,0
9790.0,8,3,1454,particulier,0
3511.0,21,2,1271,particulier,0
4834.0,20,4,856,particulier,0
2638.0,21,3,2177,particulier,0
1881.0,12,3,1786,agent,0
13711.0,8,5,1197,agent,0
2807.0,9,6,1580,particulier,0
2260.0,12,5,54,particulier,0
8364.0,11,0,1813,particulier,0
1783.0,5,2,156,particulier,0
1987.0,22,1,1778,agent,0
3323.0,20,1,364,particulier,0
3295.0,19,3,1362,agent,0
4108.0,18,3,47,agent,0
19495.0,23,3,1454,particulier,0
4384.0,21,4,1473,particulier,0
436.0,18,3,2116,particulier,0
4347.0,5,2,1259,particulier,0
3402.0,21,8,1433,particulier,0
3418.0,20,2,1484,agent,0
4060.0,6,5,2131,agent,0
3215.0,22,1,1688,particulier,0
3150.0,23,2,17,particulier,0
5547.0,21,1,1079,particulier,0
2078.0,21,5,687,particulier,0
1472.0,5,3,629,particulier,0
43054.0,22,2,1302,facture,1
1793.0,6,4,1958,particulier,0
3587.0,17,3,2167,agent,0
924.0,6,3,225,facture,0
3637.0,18,1,613,agent,0
1490.0,16,1,1927,particulier,0
2262.0,23,2,539,facture,0
8009.0,16,2,62,particulier,0
4921.0,9,3,1945,particulier,0
5341.0,7,3,1148,particulier,0
731.0,19,2,276,agent,0
15699.0,8,2,210,agent,0
1196.0,20,4,189,particulier,0
12080.0,8,5,1871,particulier,0
7850.0,22,4,469,agent,0
5382.0,19,1,139,particulier,0
1593.0,23,2,1973,agent,0
3748.0,21,2,81,facture,0
2208.0,8,1,1953,particulier,0
3377.0,19,6,1166,particulier,0
2664.0,22,4,1553,particulier,0
582.0,6,2,2121,facture,0
8549.0,23,4,1719,particulier,0
3075.0,19,3,1775,particulier,0
2182.0,9,2,1692,particulier,0
2046.0,21,4,1805,particulier,0
4468.0,11,4,903,particulier,0
1541.0,20,5,488,particulier,0
484.0,20,5,938,particulier,0
4657.0,19,3,891,particulier,0
5122.0,22,1,1137,particulier,0
2780.0,20,7,588,particulier,0
1242.0,23,3,564,particulier,0
3553.0,8,3,1364,particulier,0
949.0,20,5,324,facture,0
1376.0,10,8,166,particulier,0
1740.0,23,3,1906,facture,0
6750.0,4,5,1018,particulier,0
2421.0,21,6,1933,particulier,0
2251.0,9,3,2015,facture,0
17352.0,18,2,595,particulier,0
4445.0,23,1,561,particulier,0
4395.0,18,4,860,particulier,0
2406.0,10,1,139,facture,0
1984.0,7,1,1535,particulier,0
514.0,10,5,2181,particulier,0
7506.0,21,9,57,facture,1
4823.0,20,5,2058,agent,0
2829.0,20,1,467,particulier,0
2932.0,23,3,2106,facture,0
6159.0,19,1,433,particulier,0
879.0,9,8,879,agent,0
1995.0,7,7,715,agent,0
1254.0,21,3,1458,particulier,0
14850.0,8,4,462,particulier,0
6935.0,20,5,907,particulier,0
507.0,18,1,1958,particulier,0
910.0,20,9,144,particulier,0
2944.0,23,3,734,agent,0
2205.0,20,6,1814,particulier,0
1069.0,6,1,18,particulier,0
17207.0,10,1,782,particulier,0
4297.0,20,0,1508,particulier,0
4932.0,8,2,551,agent,0
1829.0,10,2,766,facture,0
6087.0,17,4,372,particulier,0
2384.0,21,3,1946,particulier,0
2589.0,8,3,141,facture,0
5538.0,21,3,1343,particulier,0
825.0,15,6,1921,facture,0
12803.0,12,7,424,facture,0
3847.0,8,5,348,particulier,0
9787.0,12,2,559,agent,0
1321.0,8,6,808,agent,0
1503.0,19,5,486,agent,0
1227.0,7,5,1682,particulier,0
4076.0,7,3,2015,particulier,0
3485.0,20,3,147,particulier,0
2220.0,16,3,276,particulier,0
1391.0,19,5,516,particulier,0
1123.0,6,1,1800,agent,0
3161.0,10,4,127,particulier,0
2218.0,5,6,417,particulier,0
1839.0,18,1,2156,facture,0
12271.0,21,2,645,particulier,0
3072.0,21,6,581,facture,0
9697.0,12,1,851,particulier,0
2094.0,20,5,82,agent,0
4056.0,8,2,509,particulier,0
3143.0,22,2,1488,agent,0
778.0,22,2,1228,particulier,0
11093.0,17,7,869,particulier,0
2937.0,10,2,410,particulier,0
6213.0,19,6,1721,agent,0
1738.0,5,4,264,particulier,0
2864.0,19,1,441,particulier,0
1577.0,20,3,1596,particulier,0
9420.0,22,3,2057,particulier,0
4293.0,23,4,540,agent,0
4501.0,23,4,1249,particulier,0
10451.0,21,4,143,particulier,0
8803.0,21,6,306,agent,0
6314.0,20,1,959,particulier,0
984.0,20,4,1541,particulier,0
1824.0,19,7,819,particulier,0
1403.0,9,5,94,particulier,0
6114.0,21,2,942,particulier,0
3809.0,23,2,1462,particulier,0
1010.0,20,6,634,particulier,0
2806.0,19,2,1386,particulier,0
925.0,23,3,469,facture,0
3149.0,16,1,1139,particulier,0
807.0,23,1,995,particulier,0
5164.0,11,4,294,particulier,0
4543.0,6,0,840,particulier,0
16677.0,19,2,95,particulier,0
6773.0,21,3,97,facture,0
2300.0,23,0,367,particulier,0
6604.0,18,1,1534,facture,0
1004.0,8,0,271,agent,0
1454.0,21,1,1353,particulier,0
4373.0,23,5,1455,particulier,0
526.0,10,1,1036,particulier,0
3192.0,8,3,1386,agent,0
1384.0,21,2,1507,particulier,0
3591.0,6,4,540,agent,0
1318.0,2,4,96,particulier,0
4725.0,10,2,608,particulier,0
3349.0,23,4,861,agent,0
10833.0,9,4,267,particulier,0
3313.0,17,3,158,particulier,0
1714.0,20,4,1648,particulier,0
2671.0,22,6,1670,particulier,0
1051.0,18,1,318,agent,0
4653.0,18,3,849,particulier,0
5439.0,19,4,1723,particulier,0
26871.0,21,3,34,particulier,1
1942.0,13,3,999,agent,0
2624.0,21,4,1044,particulier,0
2020.0,23,2,30,particulier,0
3945.0,9,2,1694,particulier,0
4557.0,22,3,1978,agent,0
3148.0,6,2,78,particulier,0
8295.0,23,3,535,agent,0
1950.0,23,3,771,particulier,0
7618.0,22,0,1184,agent,0
5207.0,16,1,5,particulier,0
3261.0,22,5,70,particulier,0
2521.0,19,5,1395,particulier,0
25917.0,22,5,1766,particulier,0
1645.0,17,5,1102,particulier,0
4244.0,10,4,1441,particulier,0
1741.0,20,2,188,particulier,0
15030.0,6,3,586,particulier,0
7001.0,8,3,417,agent,0
1851.0,20,0,714,particulier,0
5093.0,8,4,1330,particulier,0
4101.0,9,4,1143,particulier,0
2124.0,23,1,346,particulier,0
6276.0,21,4,1580,particulier,0
4587.0,16,1,1156,particulier,0
3957.0,9,5,1651,particulier,0
3179.0,21,7,965,agent,0
4752.0,23,7,1916,particulier,0
4004.0,10,2,489,particulier,0
3464.0,22,6,1949,particulier,0
1911.0,20,3,1960,particulier,0
13901.0,23,3,1826,particulier,0
1349.0,7,2,1233,particulier,0
4739.0,18,3,1137,particulier,0
2509.0,22,11,2004,particulier,0
14700.0,17,6,596,agent,0
1528.0,22,1,268,particulier,0
1763.0,10,4,648,particulier,0
1445.0,21,1,13,particulier,0
4337.0,21,3,1429,particulier,0
1025.0,12,4,1910,particulier,0
2193.0,23,2,994,particulier,0
529.0,21,2,1113,agent,0
4041.0,9,6,379,agent,0
2153.0,8,3,1335,facture,0
930.0,23,7,1488,particulier,0
8290.0,20,6,338,particulier,0
1084.0,19,3,1057,facture,0
6486.0,19,1,1174,agent,0
1815.0,22,3,477,particulier,0
12853.0,20,3,1261,particulier,0
6230.0,16,1,529,particulier,0
1399.0,23,4,1891,facture,0
1511.0,6,3,1853,agent,0
5512.0,10,0,1577,particulier,0
2636.0,10,2,663,particulier,0
2853.0,21,8,394,particulier,0
9715.0,21,5,832,particulier,0
1743.0,23,1,810,particulier,0
3560.0,18,8,559,particulier,0
7416.0,6,6,1724,particulier,0
6553.0,11,2,1224,particulier,0
2876.0,23,2,1634,particulier,0
2577.0,19,4,1445,particulier,0
751.0,19,3,1637,particulier,0
1342.0,8,3,2092,particulier,0
4318.0,22,5,1658,particulier,0
2930.0,20,2,172,agent,0
3511.0,17,4,173,particulier,0
7969.0,10,5,1878,particulier,0
1201.0,21,4,292,particulier,0
2695.0,21,6,1776,particulier,0
3868.0,7,3,2002,particulier,0
1811.0,7,8,1306,agent,0
11123.0,22,2,1327,particulier,0
7132.0,6,2,28,particulier,0
4216.0,21,0,1042,agent,0
15140.0,7,1,1060,particulier,0
921.0,23,3,937,particulier,0
3273.0,9,3,1747,particulier,0
4498.0,12,5,202,agent,0
1514.0,20,3,502,particulier,0
4254.0,23,3,2044,particulier,0
1286.0,9,6,1678,particulier,0
5925.0,19,1,1158,particulier,0
8096.0,6,7,94,particulier,0
4153.0,21,5,639,agent,0
682.0,23,7,155,particulier,0
1448.0,7,5,626,agent,0
5324.0,19,4,705,agent,0
3354.0,7,4,2095,particulier,0
334.0,20,3,157,particulier,0
9475.0,23,4,1673,agent,0
3700.0,21,5,2047,agent,0
1642.0,22,1,1936,particulier,0
7675.0,7,2,575,particulier,0
1852.0,21,5,503,particulier,0
1835.0,22,5,332,particulier,0
4468.0,7,3,1863,agent,0
14971.0,21,8,2136,agent,1
13096.0,21,4,1649,particulier,0
4473.0,11,0,1730,particulier,0
4881.0,11,5,1152,particulier,0
6456.0,21,5,1760,agent,0
1132.0,5,3,2160,particulier,0
5696.0,23,3,651,particulier,0
1765.0,19,4,1524,particulier,0
4319.0,18,6,1023,particulier,0
2715.0,9,5,970,particulier,0
5044.0,18,1,972,facture,0
3642.0,8,0,1127,particulier,0
242.0,18,3,1334,particulier,0
3836.0,20,4,598,particulier,0
5686.0,11,4,195,particulier,0
4813.0,9,5,2038,particulier,0
3019.0,20,6,1634,particulier,0
13304.0,18,4,100,particulier,0
4293.0,10,1,1075,particulier,0
4779.0,21,4,1803,agent,0
8005.0,19,4,1484,particulier,0
4484.0,18,3,2118,particulier,0
1536.0,9,8,1385,particulier,0
415.0,17,2,1084,particulier,0
2196.0,23,6,2119,particulier,0
6291.0,23,3,682,particulier,0
2440.0,19,2,1874,particulier,0
6509.0,23,4,1370,agent,0
3738.0,22,1,1318,facture,0
9846.0,21,5,1890,agent,0
2563.0,23,4,1840,particulier,0
4902.0,22,1,1321,particulier,0
5064.0,12,2,1006,particulier,0
11806.0,20,6,1558,particulier,0
772.0,20,2,202,particulier,0
2231.0,17,3,816,particulier,0
6777.0,19,3,1740,particulier,0
12259.0,8,3,436,particulier,0
4040.0,11,5,713,particulier,0
2569.0,6,0,1329,agent,0
6270.0,23,6,561,agent,0
6894.0,9,6,1597,particulier,0
2427.0,21,1,1640,particulier,0
4362.0,20,4,2059,agent,0
8986.0,23,5,309,particulier,0
16430.0,23,2,1768,particulier,0
6193.0,19,1,1241,agent,0
3420.0,22,2,484,agent,0
3146.0,5,2,2165,facture,0
5291.0,9,2,897,agent,0
2986.0,23,3,1987,particulier,0
3871.0,23,6,1121,agent,0
1341.0,18,3,87,facture,0
9922.0,8,2,1858,particulier,0
1250.0,18,6,1873,particulier,0
2282.0,19,5,669,particulier,0
3579.0,22,6,1536,particulier,0
17896.0,23,2,343,particulier,0
2300.0,21,1,410,particulier,0
1870.0,8,3,2148,facture,0
2063.0,6,5,1710,agent,0
13495.0,10,5,861,particulier,0
302.0,23,3,202,particulier,0
1405.0,20,1,365,particulier,0
33577.0,7,2,1483,agent,1
5444.0,17,2,2116,particulier,0
1287.0,19,3,1452,particulier,0
3179.0,10,6,544,particulier,0
3489.0,18,1,836,agent,0
6763.0,16,5,755,particulier,0
15734.0,23,2,1960,particulier,0
4584.0,18,3,616,particulier,0
2082.0,17,4,1506,particulier,0
6432.0,23,4,1540,particulier,0
1820.0,23,3,137,particulier,0
1369.0,9,6,658,particulier,0
738.0,3,3,2093,particulier,0
871.0,11,5,590,particulier,0
1538.0,6,4,1794,particulier,0
1211.0,20,6,569,particulier,0
4299.0,18,5,1532,agent,0
1189.0,17,3,1802,particulier,0
228.0,20,3,870,particulier,0
1357.0,9,1,1377,particulier,0
2206.0,19,2,271,particulier,0
1969.0,7,6,1712,particulier,0
11987.0,23,2,1488,facture,0
1956.0,17,3,791,particulier,0
6966.0,9,1,1035,agent,0
3242.0,17,6,152,particulier,0
3178.0,6,3,1801,particulier,0
1620.0,5,2,1050,agent,0
3134.0,6,1,263,agent,0
1719.0,11,6,1972,agent,0
3807.0,21,4,1481,agent,0
2695.0,22,4,1188,particulier,0
1476.0,10,4,48,particulier,0
7655.0,23,2,840,particulier,0
4735.0,19,5,903,particulier,0
2251.0,22,3,1181,particulier,0
3728.0,20,2,1074,particulier,0
3068.0,22,2,931,agent,0
1576.0,5,2,741,particulier,0
3498.0,20,3,2049,particulier,0
1943.0,20,4,1304,particulier,0
1476.0,19,5,2088,agent,0
829.0,19,4,1522,agent,0
2429.0,19,3,646,particulier,0
5334.0,6,4,397,particulier,0
1825.0,19,5,1616,particulier,0
28074.0,19,6,1096,particulier,0
6994.0,13,5,341,particulier,0
9983.0,23,4,1787,particulier,0
6477.0,12,2,1639,particulier,0
15914.0,8,2,626,particulier,0
1688.0,12,1,40,particulier,0
374.0,6,4,1163,facture,0
2255.0,17,2,469,particulier,0
5295.0,12,0,1599,facture,0
3747.0,23,2,1352,agent,0
4164.0,8,1,1568,particulier,0
10125.0,23,4,743,agent,0
4559.0,22,4,872,particulier,0
6497.0,19,2,346,particulier,0
1482.0,23,4,819,particulier,0
1298.0,23,4,427,particulier,0
12991.0,18,0,1658,particulier,0
3589.0,5,3,1715,particulier,0
1940.0,20,3,1312,particulier,0
1943.0,20,10,2064,particulier,0
1897.0,21,0,228,particulier,0
1803.0,21,3,1536,particulier,0
1107.0,23,3,618,particulier,0
920.0,18,7,337,particulier,0
2791.0,22,5,1136,particulier,0
1990.0,18,5,480,particulier,0
8443.0,20,4,1653,particulier,0
4226.0,20,6,1266,agent,0
4128.0,7,4,1568,particulier,0
1752.0,9,3,1057,particulier,0
2972.0,20,3,1980,agent,0
4478.0,23,1,1090,particulier,0
6056.0,10,2,1056,particulier,0
3042.0,19,5,1050,agent,0
8244.0,16,2,1082,agent,0
3317.0,20,3,784,agent,0
6463.0,18,3,470,particulier,0
2172.0,7,5,200,agent,0
706.0,11,4,1758,agent,0
4139.0,18,4,1103,facture,0
6103.0,19,4,363,facture,0
5372.0,9,3,2039,agent,0
4717.0,19,5,1196,particulier,0
2450.0,18,2,1380,particulier,0
1659.0,23,7,663,agent,0
5266.0,13,2,1330,particulier,0
4734.0,12,2,261,particulier,0
2045.0,17,5,1775,particulier,0
8459.0,9,2,1839,particulier,0
1556.0,18,1,1807,particulier,0
2006.0,23,5,1329,agent,0
13240.0,2,1,648,particulier,0
6893.0,13,3,1972,agent,0
2430.0,21,4,1757,particulier,0
4206.0,17,2,1463,particulier,0
3758.0,15,2,1846,particulier,0
319.0,20,2,2198,agent,0
1525.0,22,1,1029,particulier,0
3155.0,23,3,281,particulier,0
2433.0,21,5,1216,particulier,0
4064.0,20,2,1162,particulier,0
8605.0,13,3,1520,particulier,0
2507.0,23,4,860,agent,0
1341.0,19,2,1696,agent,0
4342.0,21,0,1335,particulier,0
2496.0,23,4,383,agent,0
2885.0,18,3,516,agent,0
2571.0,21,4,1696,particulier,0
22149.0,8,1,123,particulier,0
490.0,7,7,138,particulier,0
2368.0,21,3,1933,facture,0
3284.0,10,4,1747,particulier,0
1696.0,11,5,630,particulier,0
7079.0,22,3,341,particulier,0
6577.0,9,5,2015,agent,0
3163.0,20,1,780,agent,0
2617.0,21,4,81,particulier,0
2995.0,18,1,1636,facture,0
3014.0,20,3,1796,agent,0
3082.0,9,3,824,agent,0
2808.0,9,3,682,particulier,0
4083.0,23,1,130,particulier,0
6249.0,22,3,1913,agent,0
1158.0,12,4,186,particulier,0
1349.0,7,3,1057,agent,0
745.0,21,2,991,agent,0
6880.0,20,4,359,particulier,0
4076.0,22,9,1318,particulier,0
5062.0,23,1,597,particulier,0
977.0,11,0,811,particulier,0
15021.0,12,2,600,particulier,0
1963.0,11,6,1808,facture,0
3801.0,19,4,2011,facture,0
6811.0,9,4,1706,agent,0
1424.0,9,1,760,particulier,0
2071.0,6,3,734,facture,0
3836.0,6,2,591,particulier,0
37379.0,21,1,1287,particulier,1
4255.0,23,5,466,agent,0
12905.0,23,4,1374,particulier,0
9180.0,23,0,1105,agent,0
4504.0,20,0,958,particulier,0
1421.0,13,5,1130,particulier,0
8109.0,23,1,65,particulier,0
922.0,20,4,1897,particulier,0
12845.0,17,2,1617,particulier,0
3905.0,8,5,1112,facture,0
346.0,10,2,1445,particulier,0
2467.0,17,3,722,particulier,0
5744.0,11,4,533,particulier,0
2693.0,11,2,1781,particulier,0
6050.0,9,0,1162,particulier,0
1600.0,11,5,1661,particulier,0
1086.0,22,3,1588,particulier,0
3100.0,11,4,419,particulier,0
3384.0,23,1,1929,particulier,0
2450.0,10,6,1995,particulier,0
9351.0,16,1,1811,particulier,0
1599.0,18,3,1196,particulier,0
4299.0,5,1,1414,particulier,0
3490.0,11,2,1677,particulier,0
877.0,9,2,34,agent,0
1074.0,11,3,2044,particulier,0
3328.0,9,4,1722,particulier,0
17748.0,22,5,1976,facture,0
5390.0,10,4,333,facture,0
760.0,23,1,792,agent,0
234.0,18,3,1764,facture,0
6143.0,18,2,367,agent,0
3036.0,22,7,1420,particulier,0
8691.0,6,5,1202,particulier,0
1558.0,9,1,2114,agent,0
4437.0,20,5,1522,particulier,0
6763.0,10,2,1149,particulier,0
2252.0,23,4,1772,particulier,0
2293.0,9,4,1009,particulier,0
3366.0,20,4,292,agent,0
5225.0,22,6,692,agent,0
3255.0,9,4,893,facture,0
7539.0,23,1,483,particulier,0
2225.0,23,1,2119,particulier,0
1065.0,23,3,129,particulier,0
17684.0,19,1,1024,particulier,0
1971.0,18,1,2113,particulier,0
2032.0,22,1,1745,particulier,0
3115.0,20,5,205,particulier,0
3488.0,11,4,871,particulier,0
2372.0,23,0,402,particulier,0
3246.0,23,1,1398,particulier,0
3185.0,7,3,2098,facture,0
3822.0,6,4,1548,particulier,0
444.0,13,3,1475,particulier,0
16297.0,11,5,1318,agent,0
2907.0,8,4,310,particulier,0
5397.0,9,5,1259,particulier,0
1021.0,23,7,1505,particulier,0
2208.0,17,2,173,particulier,0
1860.0,20,3,1607,agent,0
11490.0,21,3,1205,facture,0
2002.0,22,3,1069,facture,0
6275.0,18,3,1944,particulier,0
1895.0,20,2,1353,facture,0
2242.0,8,5,2165,particulier,0
2674.0,15,1,1031,particulier,0
9811.0,10,1,2158,particulier,0
661.0,9,3,180,particulier,0
1077.0,11,3,1129,particulier,0
629.0,23,4,499,particulier,0
1307.0,9,4,1499,facture,0
1653.0,6,2,1230,particulier,0
835.0,20,4,541,particulier,0
1765.0,23,2,243,facture,0
594.0,19,1,1677,particulier,0
1387.0,10,2,1667,facture,0
9139.0,10,6,685,particulier,0
4643.0,21,4,2010,particulier,0
3864.0,9,9,417,particulier,0
1405.0,23,1,542,agent,0
893.0,13,4,2170,particulier,0
1251.0,8,3,603,facture,0
3176.0,23,3,1858,agent,0
6891.0,7,5,772,particulier,0
7094.0,11,2,830,agent,0
5631.0,21,2,1560,particulier,0
1760.0,8,1,996,particulier,0
3364.0,20,4,702,particulier,0
2507.0,22,2,1146,particulier,0
2777.0,22,4,118,particulier,0
18612.0,18,2,2133,facture,0
737.0,19,3,589,particulier,0
2699.0,19,4,198,agent,0
9228.0,11,0,199,particulier,0
948.0,21,3,1370,particulier,0
1906.0,9,5,23,agent,0
2101.0,19,2,2181,agent,0
2725.0,23,3,277,particulier,0
848.0,8,2,568,particulier,0
5464.0,23,3,640,particulier,0
5804.0,23,3,1198,particulier,0
5075.0,14,0,1582,particulier,0
1572.0,19,3,710,particulier,0
3546.0,19,5,1602,particulier,0
1534.0,21,6,1210,particulier,0
2483.0,22,3,1359,facture,0
20547.0,6,5,1710,particulier,0
3574.0,19,5,1116,particulier,0
1201.0,23,0,2190,particulier,0
3840.0,19,7,133,particulier,0
1044.0,22,5,271,particulier,0
1189.0,20,2,1530,particulier,0
1360.0,12,0,443,agent,0
2258.0,12,1,925,particulier,0
7306.0,23,4,581,particulier,0
5386.0,8,2,674,particulier,0
5139.0,9,3,448,particulier,0
1295.0,23,7,1459,particulier,0
2080.0,22,2,48,particulier,0
4151.0,21,6,320,particulier,0
1931.0,23,3,1478,agent,0
2600.0,21,3,1687,particulier,0
4794.0,23,4,483,particulier,0
2449.0,11,7,1412,particulier,0
3992.0,23,4,1225,particulier,0
12757.0,22,5,604,particulier,0
2847.0,7,4,33,particulier,0
8977.0,20,3,683,particulier,0
5300.0,20,3,684,particulier,0
947.0,22,2,1017,agent,0
1291.0,6,4,2082,agent,0
1622.0,19,2,1734,particulier,0
1593.0,21,3,823,agent,0
3051.0,9,1,594,particulier,0
5555.0,12,4,685,particulier,0
9575.0,13,6,971,particulier,0
4281.0,11,0,559,agent,0
2256.0,10,2,1068,particulier,0
561.0,23,0,768,agent,0
3498.0,23,1,1578,particulier,0
3367.0,17,4,1972,particulier,0
3849.0,21,2,528,particulier,0
19738.0,18,5,832,particulier,0
9457.0,22,3,2162,particulier,0
6421.0,21,6,970,particulier,0
1454.0,22,3,142,particulier,0
2130.0,19,4,332,particulier,0
3039.0,6,4,413,particulier,0
1704.0,19,3,2162,particulier,0
5041.0,9,3,877,particulier,0
4462.0,20,3,544,particulier,0
1306.0,21,3,1045,facture,0
9112.0,9,10,897,particulier,0
3594.0,6,4,647,particulier,0
758.0,6,4,600,facture,0
3154.0,5,1,1229,particulier,0
4184.0,21,0,280,facture,0
7532.0,8,2,1439,facture,0
2473.0,9,3,977,particulier,0
6659.0,10,3,570,particulier,0
3863.0,11,6,142,particulier,0
1077.0,13,4,372,agent,0
989.0,22,5,1137,particulier,0
8554.0,23,4,1889,particulier,0
9105.0,18,5,1634,particulier,0
4335.0,14,4,216,particulier,0
11747.0,23,4,257,particulier,0
8088.0,7,1,1863,particulier,0
5890.0,20,5,1743,particulier,0
1518.0,22,3,2008,facture,0
14353.0,20,1,143,particulier,0
5197.0,21,3,64,particulier,0
2373.0,19,4,1281,particulier,0
1867.0,19,6,1876,particulier,0
4098.0,19,1,901,particulier,0
796.0,23,5,980,particulier,0
5971.0,19,1,1800,agent,0
1465.0,23,2,1872,particulier,0
4514.0,19,1,1051,particulier,0
2115.0,8,0,869,particulier,0
2631.0,7,4,706,particulier,0
1731.0,7,3,734,agent,0
2873.0,22,5,171,particulier,0
16415.0,20,1,804,particulier,0
10693.0,19,6,46,facture,1
4453.0,19,4,1283,particulier,0
3224.0,23,1,860,particulier,0
6752.0,20,3,1802,agent,0
8608.0,20,3,1133,agent,0
1627.0,23,4,582,particulier,0
3085.0,18,3,830,particulier,0
700.0,23,5,1220,agent,0
8558.0,8,6,74,particulier,0
19059.0,17,4,651,particulier,0
3527.0,19,3,407,particulier,0
541.0,18,2,1000,particulier,0
5528.0,21,1,1820,agent,0
1528.0,19,4,1477,particulier,0
1875.0,18,3,60,particulier,0
5612.0,21,3,801,agent,0
4090.0,21,2,1879,particulier,0
2176.0,7,3,1544,agent,0
1897.0,9,5,1141,particulier,0
3666.0,21,5,1421,particulier,0
2326.0,22,4,540,facture,0
1283.0,10,9,221,particulier,0
2483.0,22,3,833,particulier,0
4397.0,8,0,487,facture,0
2832.0,23,3,1868,particulier,0
991.0,10,6,1151,particulier,0
7637.0,20,2,1123,particulier,0
321.0,20,0,263,particulier,0
2254.0,4,7,378,particulier,0
1945.0,10,6,1873,agent,0
3737.0,17,7,1139,particulier,0
5310.0,8,4,1707,facture,0
8585.0,10,5,422,particulier,0
1798.0,23,3,1584,particulier,0
5424.0,22,3,1484,particulier,0
3891.0,23,3,281,particulier,0
769.0,12,2,2052,particulier,0
16572.0,23,5,152,particulier,0
970.0,23,1,1837,particulier,0
4706.0,22,2,1956,agent,0
4589.0,19,4,1210,particulier,0
4164.0,18,2,682,particulier,0
2164.0,19,3,657,particulier,0
6655.0,22,4,612,agent,0
875.0,15,2,214,particulier,0
3115.0,20,2,740,facture,0
2040.0,20,2,257,particulier,0
1853.0,23,2,1310,particulier,0
4743.0,7,4,143,particulier,0
8233.0,20,5,1690,particulier,0
2461.0,23,5,905,particulier,0
6397.0,20,6,584,particulier,0
3437.0,10,2,885,particulier,0
1543.0,10,4,978,particulier,0
2646.0,8,5,1996,particulier,0
2554.0,20,1,800,particulier,0
1822.0,20,3,792,particulier,0
4742.0,23,3,561,particulier,0
4022.0,21,2,1196,agent,0
852.0,11,2,1109,particulier,0
809.0,18,5,1924,particulier,0
4727.0,10,0,122,particulier,0
1647.0,10,7,468,agent,0
4259.0,11,3,556,particulier,0
6398.0,18,4,1487,agent,0
1118.0,9,4,153,agent,0
992.0,17,7,1674,particulier,0
13674.0,21,1,181,agent,0
4442.0,19,2,359,particulier,0
2307.0,7,7,34,agent,0
1489.0,11,3,1516,particulier,0
2135.0,21,5,1772,agent,0
1198.0,9,1,1029,particulier,0
6981.0,23,3,1690,agent,0
1702.0,11,1,1865,particulier,0
8346.0,17,0,711,agent,0
2344.0,19,7,84,particulier,0
1357.0,19,6,1208,particulier,0
2293.0,10,3,796,particulier,0
354.0,6,8,556,agent,0
2973.0,19,4,1857,particulier,0
2851.0,19,2,89,particulier,0
6641.0,21,2,1290,particulier,0
663.0,12,1,1008,particulier,0
8845.0,18,4,2195,agent,0
6618.0,19,1,327,particulier,0
9549.0,16,4,1833,particulier,0
3150.0,15,5,1105,particulier,0
7799.0,10,3,819,particulier,0
943.0,21,1,721,particulier,0
6040.0,21,4,2043,particulier,0
1710.0,23,3,1573,particulier,0
809.0,16,3,1851,particulier,0
1267.0,16,2,1279,particulier,0
3310.0,18,1,189,particulier,0
1635.0,9,6,1148,agent,0
4535.0,19,1,1562,agent,0
708.0,22,6,614,particulier,0
540.0,21,4,1284,particulier,0
10578.0,23,1,501,agent,0
7103.0,21,7,1006,particulier,0
1350.0,6,3,1876,particulier,0
3286.0,19,9,731,particulier,0
7837.0,11,4,776,particulier,0
4705.0,17,2,1799,particulier,0
3737.0,13,2,295,agent,0
8357.0,21,2,1526,particulier,0
1770.0,12,3,951,agent,0
3383.0,23,7,949,particulier,0
3245.0,11,0,1358,particulier,0
2613.0,21,4,77,particulier,0
2365.0,20,3,120,facture,0
3505.0,19,8,1612,particulier,0
3392.0,20,1,667,particulier,0
1351.0,23,0,2035,agent,0
6513.0,22,2,1847,particulier,0
1437.0,23,1,1598,agent,0
2737.0,21,1,2069,particulier,0
2563.0,12,7,1881,particulier,0
4467.0,9,2,1422,particulier,0
544.0,23,4,962,particulier,0
7025.0,21,4,2168,particulier,0
1853.0,22,10,58,particulier,0
9293.0,22,5,277,particulier,0
2194.0,19,2,2030,facture,0
3160.0,20,5,1642,particulier,0
16759.0,18,3,2199,particulier,0
2603.0,20,8,1919,particulier,0
9443.0,23,4,1919,agent,0
3406.0,23,3,1437,particulier,0
4690.0,22,3,1030,particulier,0
3496.0,23,2,1789,particulier,0
6773.0,7,2,794,particulier,0
1840.0,18,2,1492,particulier,0
1427.0,20,6,1402,particulier,0
1914.0,8,2,1365,particulier,0
3586.0,22,4,309,particulier,0
2731.0,22,2,1634,particulier,0
6025.0,11,4,1389,particulier,0
9987.0,8,3,944,particulier,0
1437.0,9,2,644,agent,0
1765.0,11,3,877,particulier,0
972.0,9,3,849,particulier,0
18505.0,23,3,248,particulier,0
4268.0,18,5,588,particulier,0
4953.0,19,6,2129,particulier,0
1055.0,19,5,575,particulier,0
3291.0,4,2,181,agent,0
5079.0,18,4,379,particulier,0
2658.0,7,5,2178,particulier,0
8220.0,23,2,1774,facture,0
23507.0,21,3,156,particulier,0
1473.0,10,2,1357,particulier,0
1382.0,20,5,2037,particulier,0
1562.0,18,2,444,particulier,0
12904.0,23,1,856,particulier,0
7990.0,23,6,1463,facture,0
2936.0,17,4,2068,particulier,0
3398.0,12,1,1947,facture,0
1646.0,8,1,1292,particulier,0
7020.0,14,4,1420,particulier,0
2385.0,11,7,778,particulier,0
2641.0,9,4,1289,agent,0
5527.0,23,3,194,particulier,0
2808.0,10,2,2185,particulier,0
2698.0,8,4,1610,particulier,0
3324.0,21,8,1050,agent,0
6477.0,18,5,1347,particulier,0
13353.0,12,3,2134,particulier,0
5419.0,8,2,1041,particulier,0
6521.0,7,2,1359,particulier,0
2780.0,18,3,1240,particulier,0
1805.0,14,5,2118,particulier,0
5744.0,16,3,488,particulier,0
3811.0,12,2,481,particulier,0
983.0,19,2,1399,particulier,0
2493.0,8,2,1044,particulier,0
3070.0,7,2,1166,agent,0
2135.0,23,2,948,agent,0
11608.0,7,5,171,facture,0
4954.0,10,6,614,particulier,0
10585.0,22,7,1827,facture,0
4121.0,23,3,1181,particulier,0
3530.0,10,5,1226,particulier,0
1486.0,18,4,2048,particulier,0
3328.0,17,3,1991,particulier,0
3331.0,19,6,2175,particulier,0
1031.0,21,2,1179,particulier,0
2083.0,23,5,751,particulier,0
2503.0,7,4,2052,particulier,0
4682.0,21,5,848,particulier,0
4876.0,21,2,1478,particulier,0
2010.0,21,1,1124,facture,0
4908.0,5,1,472,particulier,0
2822.0,23,3,528,particulier,0
287.0,9,6,1846,agent,0
2182.0,7,4,1373,particulier,0
8243.0,9,6,357,particulier,0
789.0,21,4,842,agent,0
3626.0,20,4,884,particulier,0
12676.0,18,5,178,particulier,0
1726.0,23,3,1835,particulier,0
3300.0,23,5,1803,agent,0
1087.0,20,1,804,particulier,0
13136.0,21,5,568,facture,0
3069.0,23,7,34,particulier,0
3428.0,20,5,1245,particulier,0
10417.0,21,3,233,agent,0
5781.0,4,4,1867,particulier,0
1565.0,19,4,456,particulier,0
1900.0,22,4,1049,particulier,0
5018.0,22,6,130,agent,0
1938.0,10,3,769,particulier,0
545.0,11,1,1061,agent,0
3149.0,18,8,1048,particulier,0
936.0,23,2,862,particulier,0
13015.0,10,1,358,particulier,0
3829.0,10,3,867,particulier,0
1526.0,19,2,1093,particulier,0
1819.0,16,4,1264,particulier,0
661.0,20,2,1368,particulier,0
1294.0,10,3,1064,particulier,0
7816.0,19,5,1742,particulier,0
21961.0,9,3,1774,particulier,0
6109.0,12,5,1265,facture,0
3047.0,9,2,609,particulier,0
2282.0,5,4,525,particulier,0
1461.0,23,3,851,particulier,0
18974.0,10,2,329,agent,0
2806.0,9,4,718,particulier,0
19896.0,9,5,2131,particulier,0
10770.0,20,8,348,particulier,0
750.0,21,3,1838,facture,0
1870.0,12,2,1038,particulier,0
1866.0,17,3,1143,particulier,0
3078.0,8,1,462,particulier,0
3130.0,23,3,819,particulier,0
42058.0,16,3,891,particulier,0
1319.0,12,4,1801,particulier,0
4002.0,8,5,786,particulier,0
5564.0,17,0,331,particulier,0
3290.0,17,3,2101,facture,0
3618.0,14,3,1979,particulier,0
1355.0,21,1,1170,agent,0
3607.0,18,1,2176,particulier,0
5088.0,22,6,1949,particulier,0
4352.0,20,4,1960,particulier,0
5349.0,21,2,451,particulier,0
10946.0,4,1,1855,agent,0
7306.0,6,2,675,particulier,0
3500.0,18,2,844,facture,0
1217.0,8,4,41,particulier,0
1978.0,18,3,860,particulier,0
2733.0,23,4,1767,particulier,0
4083.0,20,6,2065,particulier,0
2194.0,9,3,466,agent,0
1487.0,21,4,494,particulier,0
1200.0,19,2,1724,particulier,0
810.0,10,2,1027,particulier,0
2698.0,8,1,120,agent,0
945.0,5,2,844,particulier,0
1407.0,6,6,510,particulier,0
2357.0,15,1,1020,particulier,0
1058.0,22,4,1672,particulier,0
4550.0,8,6,1617,particulier,0
6181.0,21,0,1491,particulier,0
2065.0,19,3,1506,particulier,0
2272.0,12,3,1934,particulier,0
5202.0,18,3,419,particulier,0
1796.0,22,2,1249,particulier,0
1694.0,23,7,1250,particulier,0
9109.0,8,5,506,agent,0
6985.0,12,2,1815,particulier,0
5493.0,21,0,1939,particulier,0
7236.0,19,3,445,agent,0
614.0,11,3,708,agent,0
10412.0,23,5,1243,particulier,0
4597.0,19,6,22,particulier,0
7779.0,23,3,2060,agent,0
4578.0,19,4,406,facture,0
3434.0,18,5,1487,particulier,0
2607.0,12,3,1341,particulier,0
4501.0,23,1,1248,particulier,0
2528.0,1,0,276,particulier,0
6889.0,12,3,1807,particulier,0
855.0,21,2,249,agent,0
2079.0,9,3,1991,particulier,0
18734.0,22,4,29,particulier,1
1935.0,23,3,2138,particulier,0
2690.0,18,3,1580,agent,0
1556.0,10,2,320,particulier,0
4383.0,12,3,493,particulier,0
1762.0,18,3,1809,particulier,0
2814.0,12,2,845,particulier,0
6779.0,21,4,783,particulier,0
1819.0,22,2,111,particulier,0
6440.0,21,2,2126,particulier,0
6627.0,11,3,1921,particulier,0
8076.0,18,1,1503,particulier,0
3712.0,20,5,228,agent,0
51796.0,7,1,1898,particulier,1
8074.0,21,4,1553,particulier,0
4342.0,22,1,1560,particulier,0
1565.0,23,1,48,particulier,0
3034.0,18,5,713,particulier,0
11074.0,21,1,1085,particulier,0
14088.0,23,5,1366,particulier,0
11575.0,10,8,466,particulier,0
6422.0,9,1,800,particulier,0
1133.0,11,4,419,particulier,0
4984.0,22,5,1877,particulier,0
1147.0,19,1,1976,agent,0
930.0,22,3,1393,particulier,0
4037.0,20,2,937,particulier,0
5140.0,23,4,1306,particulier,0
7100.0,22,0,262,particulier,0
5027.0,11,5,369,agent,0
5176.0,11,4,598,particulier,0
1427.0,22,3,1769,particulier,0
3013.0,9,3,1235,particulier,0
915.0,23,4,1692,particulier,0
600.0,8,0,1383,agent,0
6183.0,22,1,1922,agent,0
1737.0,20,3,1619,particulier,0
6916.0,19,6,1221,facture,0
8451.0,19,3,7,agent,1
1946.0,10,2,940,particulier,0
5441.0,20,0,58,particulier,0
1878.0,6,3,99,particulier,0
686.0,21,4,37,particulier,0
3659.0,10,3,838,agent,0
2208.0,17,6,113,facture,0
2266.0,9,7,1426,particulier,0
17660.0,8,2,514,particulier,0
901.0,22,2,5,agent,0
4562.0,23,4,236,particulier,0
1414.0,22,2,1660,particulier,0
7130.0,5,3,1244,particulier,0
4246.0,4,2,1958,particulier,0
4548.0,22,5,1525,particulier,0
1476.0,8,3,1023,particulier,0
1719.0,8,5,1821,particulier,0
7246.0,9,2,1195,particulier,0
14841.0,23,2,2111,particulier,0
4956.0,22,1,1003,particulier,0
1536.0,12,2,1052,particulier,0
4394.0,7,5,1103,agent,0
25935.0,17,4,966,particulier,0
3594.0,13,4,484,facture,0
11414.0,23,4,390,particulier,0
1756.0,5,4,1802,particulier,0
3179.0,9,6,1715,facture,0
5578.0,10,5,1171,particulier,0
4618.0,9,2,1011,particulier,0
1717.0,17,3,1438,particulier,0
1656.0,22,3,927,agent,0
7632.0,8,2,2184,particulier,0
9071.0,10,4,699,agent,0
11912.0,23,0,181,particulier,0
15265.0,9,6,907,particulier,0
3694.0,21,3,1070,particulier,0
2529.0,21,7,853,agent,0
10387.0,6,1,2154,agent,0
6040.0,9,3,1627,particulier,0
1429.0,12,4,1057,particulier,0
1368.0,7,7,1845,particulier,0
5005.0,23,6,1868,facture,0
2834.0,18,0,124,particulier,0
3221.0,7,2,1127,agent,0
8198.0,18,4,313,particulier,0
6280.0,23,6,725,particulier,0
10203.0,19,3,36,particulier,0
638.0,18,5,1743,particulier,0
4086.0,21,3,1213,particulier,0
5946.0,14,2,563,particulier,0
900.0,12,0,494,agent,0
1888.0,23,3,2187,particulier,0
1613.0,18,3,811,particulier,0
3356.0,20,4,1957,particulier,0
13143.0,7,4,51,facture,0
18383.0,21,8,874,particulier,1
1649.0,19,4,931,agent,0
5154.0,12,6,1387,particulier,0
5297.0,23,7,852,particulier,0
4580.0,18,0,308,facture,0
4625.0,7,7,1777,particulier,0
4265.0,20,3,1558,particulier,0
13828.0,22,2,275,agent,0
8409.0,21,3,1863,particulier,0
1338.0,11,1,452,particulier,0
6479.0,9,1,1821,agent,0
7034.0,10,1,1428,particulier,0
4306.0,3,3,481,particulier,0
8619.0,9,0,1145,particulier,0
3866.0,20,4,201,particulier,0
3907.0,20,3,1465,particulier,0
3652.0,10,3,933,agent,0
593.0,12,1,922,agent,0
3077.0,23,1,657,particulier,0
1867.0,23,1,165,particulier,0
1202.0,22,2,266,particulier,0
11147.0,18,3,1200,particulier,0
5057.0,21,5,2146,facture,0
3212.0,9,5,1338,particulier,0
2038.0,11,7,685,particulier,0
4238.0,21,2,15,particulier,0
7652.0,12,2,1946,agent,0
1631.0,23,4,204,particulier,0
3281.0,20,1,625,particulier,0
6890.0,8,5,630,particulier,0
635.0,9,1,375,particulier,0
3137.0,6,5,698,agent,0
2287.0,20,6,2139,particulier,0
2940.0,23,2,349,agent,0
2151.0,10,2,599,particulier,0
3703.0,11,5,1918,particulier,0
16900.0,20,3,373,particulier,0
2502.0,23,1,940,particulier,0
4222.0,23,1,806,facture,0
17953.0,22,3,1886,facture,0
2064.0,20,5,1357,particulier,0
15405.0,11,2,1112,agent,0
3309.0,22,3,692,agent,0
14982.0,8,3,1982,agent,0
6233.0,19,1,383,particulier,0
4277.0,21,3,995,particulier,0
3116.0,21,6,1601,particulier,0
1938.0,11,2,1149,particulier,0
3514.0,23,2,783,particulier,0
7064.0,9,4,550,agent,0
3258.0,15,3,847,particulier,0
2517.0,21,4,2079,particulier,0
2662.0,5,2,1831,particulier,0
7659.0,21,7,2013,particulier,0
9334.0,21,4,1141,particulier,0
1869.0,10,3,132,agent,0
1866.0,23,5,884,agent,0
4548.0,20,2,375,facture,0
12069.0,6,4,2105,particulier,0
8726.0,22,5,1412,agent,0
1137.0,21,5,1328,agent,0
2632.0,9,3,2038,particulier,0
1494.0,5,0,708,particulier,0
2624.0,23,3,274,particulier,0
12884.0,22,3,264,particulier,0
983.0,9,5,760,agent,0
832.0,7,2,1144,particulier,0
1629.0,19,2,223,agent,0
4206.0,21,3,817,particulier,0
5584.0,22,7,1135,particulier,0
4778.0,22,2,821,particulier,0
8949.0,13,6,181,particulier,0
736.0,14,4,1406,particulier,0
9046.0,19,1,759,particulier,0
2527.0,10,3,1268,particulier,0
6135.0,8,4,2065,particulier,0
1070.0,12,4,1894,particulier,0
3308.0,10,4,1939,particulier,0
4027.0,21,5,661,particulier,0
8799.0,7,2,2088,particulier,0
856.0,18,0,1643,particulier,0
3382.0,22,5,81,particulier,0
1310.0,23,2,506,particulier,0
5063.0,23,0,299,agent,0
6378.0,8,1,158,particulier,0
9839.0,19,7,240,particulier,0
2091.0,21,2,402,particulier,0
7246.0,20,4,1436,particulier,0
10475.0,21,2,2117,particulier,0
815.0,23,3,1745,facture,0
5544.0,20,3,1806,particulier,0
7441.0,15,4,2147,agent,0
2644.0,7,4,1857,particulier,0
1177.0,21,3,1257,particulier,0
7343.0,10,0,1747,particulier,0
1188.0,18,2,1570,particulier,0
2831.0,19,2,1851,agent,0
3184.0,19,2,233,agent,0
6052.0,19,3,1311,particulier,0
1934.0,19,3,1056,agent,0
1841.0,7,1,1856,particulier,0
3583.0,23,3,1328,particulier,0
7750.0,23,3,1002,particulier,0
23025.0,21,1,1363,particulier,0
915.0,8,6,16,particulier,0
4307.0,11,5,465,particulier,0
1308.0,23,3,1912,particulier,0
7832.0,19,1,701,particulier,0
1484.0,10,1,148,particulier,0
1857.0,20,5,1508,facture,0
1996.0,20,3,438,particulier,0
3088.0,7,4,990,particulier,0
4336.0,20,5,1280,particulier,0
4970.0,21,2,2061,facture,0
3278.0,21,1,1189,particulier,0
1064.0,23,2,1458,particulier,0
6116.0,11,3,345,particulier,0
3149.0,23,1,603,facture,0
8844.0,18,5,975,particulier,0
1805.0,9,3,396,agent,0
844.0,11,4,1221,particulier,0
3201.0,22,4,1448,particulier,0
9913.0,20,4,230,particulier,0
3777.0,21,6,1807,particulier,0
2780.0,23,2,115,particulier,0
1572.0,19,2,737,agent,0
14678.0,7,2,1546,particulier,0
1373.0,23,2,2045,agent,0
1778.0,20,2,2132,particulier,0
5348.0,23,8,1515,particulier,0
680.0,23,3,2129,agent,0
9734.0,23,4,2195,particulier,0
5600.0,23,2,1008,facture,0
7075.0,5,3,1014,particulier,0
5294.0,8,6,401,particulier,0
2873.0,20,4,1274,particulier,0
1335.0,19,5,1575,particulier,0
2925.0,9,2,1312,particulier,0
1438.0,8,5,1121,particulier,0
4980.0,9,1,1519,particulier,0
6540.0,20,4,1542,agent,0
11560.0,19,1,842,particulier,0
4519.0,23,3,1091,agent,0
7229.0,11,1,1429,particulier,0
2559.0,9,1,1388,particulier,0
2194.0,22,6,362,particulier,0
4928.0,7,4,99,particulier,0
2372.0,10,3,1961,agent,0
4141.0,13,2,401,facture,0
1337.0,21,4,1266,particulier,0
1557.0,23,2,1328,particulier,0
5654.0,8,1,649,particulier,0
7000.0,23,3,1491,particulier,0
1425.0,20,3,986,agent,0
5826.0,18,7,754,facture,0
2095.0,22,12,2130,particulier,0
3341.0,21,4,1051,agent,0
10986.0,22,4,875,particulier,0
6544.0,10,6,1662,particulier,0
6480.0,22,6,2110,facture,0
16688.0,13,1,1140,particulier,0
1811.0,7,3,1609,particulier,0
1425.0,13,6,172,particulier,0
1783.0,22,1,618,agent,0
2654.0,9,2,487,facture,0
445.0,17,2,1735,particulier,0
2762.0,19,2,1157,particulier,0
2074.0,9,2,1958,agent,0
6414.0,21,2,545,particulier,0
4445.0,10,3,704,particulier,0
1977.0,23,3,2188,particulier,0
5440.0,23,5,1391,particulier,0
6092.0,12,2,1237,agent,0
1714.0,15,8,1490,particulier,0
2167.0,21,0,492,agent,0
497.0,10,1,866,particulier,0
1304.0,16,2,1379,agent,0
1753.0,17,3,1655,particulier,0
3509.0,7,3,239,particulier,0
1475.0,21,3,1122,facture,0
2129.0,21,8,1641,particulier,0
1163.0,19,3,1039,agent,0
3810.0,23,3,58,particulier,0
4731.0,10,3,294,particulier,0
4638.0,18,5,286,particulier,0
3329.0,4,2,1101,particulier,0
889.0,17,3,906,particulier,0
1945.0,18,4,543,particulier,0
2330.0,11,3,222,particulier,0
2338.0,18,3,1288,particulier,0
3511.0,22,0,538,particulier,0
11067.0,10,5,718,particulier,0
6570.0,5,6,1145,particulier,0
1423.0,17,4,1631,agent,0
5864.0,6,3,1227,particulier,0
5677.0,8,3,1613,particulier,0
1660.0,19,0,800,particulier,0
6779.0,9,3,1367,particulier,0
2875.0,23,3,170,particulier,0
994.0,20,3,853,agent,0
4851.0,19,3,1821,particulier,0
3962.0,19,0,62,particulier,0
2715.0,8,5,1054,agent,0
3191.0,22,2,795,particulier,0
1788.0,21,3,1515,particulier,0
5534.0,20,2,932,particulier,0
3175.0,22,5,310,agent,0
3795.0,21,3,1497,particulier,0
4463.0,17,1,1893,particulier,0
1235.0,18,1,975,agent,0
1540.0,22,7,1439,particulier,0
503.0,17,2,1416,particulier,0
5324.0,20,5,308,particulier,0
1176.0,20,2,1306,particulier,0
3687.0,6,2,565,particulier,0
4516.0,16,5,608,particulier,0
5497.0,18,4,1430,particulier,0
1184.0,16,7,1696,particulier,0
3117.0,22,3,911,facture,0
13626.0,21,5,1592,agent,0
14146.0,19,3,241,particulier,0
7625.0,12,4,374,particulier,0
4389.0,23,4,1410,particulier,0
1402.0,22,5,1104,particulier,0
6068.0,14,1,874,agent,0
2880.0,8,8,126,particulier,0
5305.0,21,1,1389,agent,0
1924.0,21,5,864,particulier,0
2844.0,18,4,1464,facture,0
3788.0,10,3,213,particulier,0
4062.0,17,4,1012,particulier,0
5012.0,23,5,458,particulier,0
2014.0,19,1,508,agent,0
1052.0,21,3,854,particulier,0
13109.0,7,0,2024,agent,0
27333.0,20,2,2036,particulier,0
4819.0,20,2,2082,particulier,0
1069.0,20,3,1163,particulier,0
1707.0,11,4,725,particulier,0
5078.0,18,6,563,particulier,0
10301.0,9,5,1414,particulier,0
1175.0,15,4,463,particulier,0
2964.0,16,3,1479,particulier,0
3891.0,17,3,948,particulier,0
6870.0,23,0,980,particulier,0
2460.0,20,2,1509,particulier,0
872.0,22,2,954,particulier,0
5586.0,21,2,977,particulier,0
8570.0,21,7,1974,particulier,0
3071.0,9,5,1986,particulier,0
4649.0,21,3,750,particulier,0
2201.0,6,2,1726,facture,0
1605.0,7,2,650,particulier,0
7883.0,9,5,1565,particulier,0
4580.0,22,2,2043,particulier,0
4998.0,20,5,66,particulier,0
11811.0,9,2,603,particulier,0
1344.0,23,1,1532,particulier,0
2061.0,23,0,876,particulier,0
3768.0,21,2,627,particulier,0
2039.0,19,8,2174,particulier,0
6410.0,22,5,369,particulier,0
2809.0,21,1,862,particulier,0
1417.0,23,3,344,particulier,0
3484.0,22,4,2066,particulier,0
3808.0,18,2,1813,agent,0
7292.0,7,3,1069,particulier,0
4602.0,22,3,1345,particulier,0
4875.0,23,4,187,particulier,0
4325.0,22,2,1598,facture,0
2807.0,23,4,277,agent,0
1792.0,22,1,1051,facture,0
4211.0,20,3,1792,particulier,0
2482.0,12,5,1972,particulier,0
13854.0,11,1,1948,agent,0
10310.0,21,0,2099,particulier,0
5642.0,3,5,815,particulier,0
4545.0,20,5,1628,particulier,0
3057.0,4,4,899,particulier,0
1128.0,20,1,2111,particulier,0
2741.0,16,6,2174,particulier,0
3591.0,23,5,2077,agent,0
4004.0,21,5,1405,particulier,0
4910.0,8,2,319,particulier,0
7209.0,22,4,1793,particulier,0
1829.0,19,3,1244,particulier,0
1843.0,19,3,119,particulier,0
11308.0,10,2,1572,particulier,0
6344.0,23,5,727,particulier,0
2363.0,21,3,675,particulier,0
3008.0,19,4,1671,agent,0
3019.0,20,4,1254,particulier,0
3384.0,23,4,33,particulier,0
4924.0,12,3,520,particulier,0
28417.0,7,4,165,particulier,0
3871.0,9,5,1703,particulier,0
5786.0,22,5,558,particulier,0
786.0,23,1,481,particulier,0
2182.0,11,4,2109,particulier,0
9363.0,23,3,1305,particulier,0
4638.0,11,2,1434,particulier,0
79.0,23,5,1912,facture,0
5843.0,9,1,656,particulier,0
16822.0,21,5,1988,particulier,0
604.0,8,2,1728,particulier,0
11986.0,23,1,691,agent,0
312.0,9,5,1806,particulier,0
7312.0,21,2,677,agent,0
3270.0,22,7,1031,particulier,0
447.0,20,3,346,particulier,0
4814.0,19,4,1487,particulier,0
8762.0,22,3,930,facture,0
4489.0,19,1,217,agent,0
5416.0,8,6,1918,facture,0
2322.0,8,5,785,facture,0
677.0,11,2,64,facture,0
5932.0,18,6,898,particulier,0
14578.0,20,2,1060,particulier,0
8605.0,18,3,1016,particulier,0
608.0,20,1,1944,particulier,0
909.0,23,3,720,agent,0
1605.0,11,4,910,particulier,0
851.0,18,3,1025,particulier,0
3421.0,22,5,1281,particulier,0
4603.0,23,3,185,particulier,0
977.0,22,2,2041,particulier,0
6378.0,19,0,1797,particulier,0
5491.0,19,2,1864,particulier,0
2067.0,20,3,891,agent,0
2845.0,20,3,1714,particulier,0
628.0,10,6,1202,agent,0
2484.0,9,1,1227,particulier,0
3315.0,23,4,1214,agent,0
3803.0,21,4,586,particulier,0
4546.0,23,1,425,particulier,0
4055.0,6,3,1506,agent,0
2631.0,20,5,1281,particulier,0
4202.0,20,1,920,particulier,0
7721.0,23,4,2164,particulier,0
3038.0,6,0,1895,agent,0
4315.0,23,3,107,facture,0
2812.0,20,6,1049,particulier,0
1901.0,21,3,1644,particulier,0
5138.0,20,0,2070,particulier,0
2055.0,20,2,620,agent,0
4574.0,7,5,1974,particulier,0
3375.0,8,2,1891,agent,0
2544.0,9,2,1801,particulier,0
2493.0,10,5,1071,particulier,0
2139.0,22,2,976,facture,0
813.0,9,9,1900,particulier,0
4562.0,10,2,1251,particulier,0
4011.0,18,2,1016,particulier,0
6783.0,9,3,562,particulier,0
2097.0,13,2,681,particulier,0
16499.0,10,1,56,particulier,1
2386.0,8,3,1521,particulier,0
1566.0,21,4,1283,particulier,0
1416.0,5,2,369,particulier,0
755.0,18,1,1211,agent,0
12121.0,21,2,91,facture,0
10566.0,6,3,1293,particulier,0
5490.0,20,3,1067,agent,0
1538.0,17,2,1738,facture,0
15361.0,13,3,154,particulier,0
2443.0,23,4,58,particulier,0
2621.0,21,4,50,particulier,0
11178.0,18,2,1382,facture,0
5768.0,20,2,1883,facture,0
21396.0,20,3,218,particulier,0
4070.0,21,2,66,particulier,0
2351.0,12,4,1361,particulier,0
1959.0,21,0,1613,agent,0
685.0,6,2,361,particulier,0
2600.0,20,2,282,particulier,0
8716.0,21,4,2047,particulier,0
5481.0,10,3,1619,particulier,0
3352.0,18,3,1980,particulier,0
1414.0,7,3,1020,agent,0
3995.0,21,1,2179,particulier,0
7792.0,13,0,977,particulier,0
4751.0,20,2,745,agent,0
3796.0,8,3,499,particulier,0
1673.0,21,4,799,particulier,0
6885.0,23,2,2054,particulier,0
230.0,21,4,2139,particulier,0
4562.0,11,7,197,particulier,0
29283.0,20,2,414,particulier,0
914.0,19,0,1209,particulier,0
2683.0,8,4,1347,particulier,0
3272.0,20,2,1426,particulier,0
2223.0,12,3,388,particulier,0
7950.0,10,3,1152,agent,0
4923.0,23,5,224,agent,0
3750.0,7,3,975,particulier,0
6488.0,17,2,846,particulier,0
3342.0,20,3,2189,particulier,0
49162.0,20,4,1546,particulier,1
3747.0,21,6,246,particulier,0
3889.0,9,2,851,particulier,0
770.0,10,1,1058,particulier,0
2076.0,8,3,768,particulier,0
8737.0,8,2,1702,particulier,0
1059.0,20,5,1447,particulier,0
526.0,20,2,994,agent,0
3386.0,18,1,171,particulier,0
10563.0,8,2,733,particulier,0
3415.0,18,7,2039,particulier,0
2476.0,9,2,13,particulier,0
679.0,22,3,1964,particulier,0
4839.0,18,2,354,agent,0
5780.0,8,2,127,particulier,0
725.0,22,5,405,particulier,0
8642.0,16,2,760,particulier,0
6316.0,23,4,257,agent,0
8625.0,8,6,1477,particulier,0
5410.0,22,5,1610,facture,0
5742.0,23,3,268,particulier,0
5129.0,16,3,481,particulier,0
6893.0,20,3,126,particulier,0
702.0,23,4,914,agent,0
920.0,20,3,2010,particulier,0
1762.0,22,3,1479,particulier,0
2950.0,8,1,1901,facture,0
4582.0,10,7,1102,particulier,0
4342.0,11,3,108,particulier,0
8515.0,22,5,125,facture,0
8745.0,16,1,1642,agent,0
1569.0,22,3,331,agent,0
4035.0,22,3,823,agent,0
1603.0,21,3,679,agent,0
2807.0,23,3,1690,particulier,0
4331.0,21,9,1158,particulier,0
182.0,21,6,532,particulier,0
25580.0,23,5,654,agent,1
5332.0,18,3,667,agent,0
1986.0,6,4,1194,particulier,0
16954.0,23,4,1021,particulier,0
2452.0,5,3,1869,particulier,0
3687.0,20,2,1538,particulier,0
2178.0,11,4,358,particulier,0
13416.0,19,4,677,agent,0
3013.0,19,5,1595,particulier,0
3741.0,10,5,1102,particulier,0
9166.0,18,3,1566,particulier,0
5417.0,20,2,136,particulier,0
3146.0,18,3,440,particulier,0
8466.0,9,7,2082,particulier,0
28501.0,7,6,2123,facture,0
4315.0,23,5,640,particulier,0
3638.0,3,6,292,particulier,0
3809.0,18,2,539,particulier,0
10035.0,20,2,930,facture,0
1980.0,22,4,1750,particulier,0
2600.0,20,5,1137,particulier,0
892.0,12,2,1703,particulier,0
1204.0,4,1,1711,particulier,0
2121.0,11,4,729,facture,0
3141.0,21,4,1210,agent,0
14820.0,18,3,2003,particulier,0
5196.0,12,1,1410,particulier,0
1517.0,20,4,327,facture,0
1774.0,11,2,947,particulier,0
10599.0,21,4,827,particulier,0
8584.0,6,5,1207,facture,0
3374.0,13,4,174,particulier,0
2262.0,19,9,550,particulier,0
8571.0,21,1,1536,particulier,0
1416.0,22,3,1890,agent,0
4597.0,21,2,1986,particulier,0
22737.0,6,3,1155,particulier,0
3923.0,18,4,1518,particulier,0
1704.0,22,3,1590,facture,0
4670.0,23,1,1880,agent,0
2209.0,21,4,1750,particulier,0
1007.0,18,4,1394,particulier,0
5978.0,6,3,1756,agent,0
8520.0,10,2,44,agent,0
2529.0,9,5,33,particulier,0
2391.0,20,0,1124,particulier,0
1455.0,21,4,2056,particulier,0
2900.0,23,1,763,particulier,0
2043.0,19,2,815,particulier,0
1395.0,22,3,2110,particulier,0
16454.0,23,2,908,agent,1
4898.0,17,5,1701,particulier,0
5359.0,18,3,412,agent,0
6981.0,21,2,1969,particulier,0
6345.0,23,6,670,particulier,0
2319.0,8,1,1475,particulier,0
4153.0,23,3,1204,particulier,0
2621.0,12,4,685,particulier,0
4782.0,22,7,1371,particulier,0
4405.0,14,3,2039,particulier,0
2380.0,23,5,1683,particulier,0
1064.0,23,4,1901,particulier,0
3731.0,20,2,1691,particulier,0
2769.0,8,1,749,particulier,0
661.0,13,3,904,agent,0
5072.0,23,1,2030,particulier,0
7484.0,22,2,1399,agent,0
28257.0,23,2,757,agent,1
2363.0,11,1,1296,particulier,0
2084.0,23,7,1500,facture,0
1283.0,16,2,941,particulier,0
3934.0,19,2,1451,particulier,0
3913.0,6,2,1677,particulier,0
1653.0,23,2,523,agent,0
2839.0,18,3,120,particulier,0
613.0,23,2,2180,particulier,0
7240.0,8,1,2044,particulier,0
1711.0,21,3,1669,particulier,0
3199.0,11,3,801,agent,0
980.0,10,3,1945,agent,0
2008.0,22,3,1022,particulier,0
2598.0,9,2,817,particulier,0
3263.0,8,5,1658,particulier,0
4953.0,23,3,2110,agent,0
11195.0,11,3,1923,facture,0
6141.0,23,5,967,agent,0
7464.0,21,2,605,particulier,0
11262.0,22,2,746,agent,0
5347.0,9,6,1126,particulier,0
3193.0,10,4,719,facture,0
7768.0,19,4,986,particulier,0
8201.0,23,3,1263,agent,0
5717.0,20,3,136,facture,0
957.0,9,3,1650,particulier,0
1611.0,21,4,1868,particulier,0
2608.0,20,5,1864,particulier,0
6391.0,17,4,453,particulier,0
3235.0,16,5,1276,particulier,0
8659.0,20,4,204,particulier,0
10076.0,20,4,569,particulier,0
9130.0,19,5,1738,particulier,0
9179.0,6,5,69,particulier,0
1365.0,23,1,1095,agent,0
4965.0,23,4,1976,particulier,0
1966.0,11,3,1735,particulier,0
811.0,21,2,160,agent,0
2580.0,7,1,1147,particulier,0
10158.0,5,4,621,particulier,0
4874.0,22,1,64,particulier,0
18309.0,21,4,254,agent,0
3830.0,21,6,728,particulier,0
26387.0,19,2,953,particulier,0
3831.0,21,2,1887,particulier,0
3358.0,15,4,2077,agent,0
1110.0,21,6,2116,particulier,0
8467.0,16,4,1909,particulier,0
2150.0,21,4,334,particulier,0
1901.0,18,4,1038,particulier,0
9789.0,23,5,630,particulier,0
8817.0,21,6,1678,particulier,0
8623.0,11,6,452,particulier,0
2421.0,6,2,502,particulier,0
3155.0,5,5,834,agent,0
3131.0,23,5,1956,particulier,0
6407.0,22,6,2116,particulier,0
12339.0,8,3,266,particulier,0
4505.0,7,4,44,agent,0
17653.0,8,5,1459,particulier,0
7063.0,20,3,472,particulier,0
2698.0,18,3,100,facture,0
6664.0,19,1,1230,particulier,0
14045.0,11,2,914,agent,0
18008.0,20,3,1875,agent,0
9035.0,14,3,587,agent,0
3367.0,8,2,1759,particulier,0
2740.0,9,5,1437,particulier,0
5376.0,21,2,91,agent,0
13669.0,9,3,2174,particulier,0
4763.0,12,2,831,particulier,0
4848.0,11,2,787,particulier,0
3442.0,9,0,482,agent,0
2493.0,20,4,2003,particulier,0
2870.0,8,3,1975,particulier,0
3696.0,21,3,1344,particulier,0
14191.0,7,3,1546,particulier,0
2687.0,10,4,1931,facture,0
3445.0,13,4,1005,agent,0
1579.0,17,0,814,particulier,0
6058.0,12,1,754,particulier,0
10527.0,10,3,1135,particulier,0
13106.0,22,2,1457,agent,0
3916.0,19,1,180,particulier,0
5368.0,9,3,576,particulier,0
2891.0,12,2,503,facture,0
5161.0,20,3,109,particulier,0
4302.0,18,1,240,particulier,0
3462.0,8,3,875,particulier,0
3704.0,9,3,1230,particulier,0
4837.0,23,0,1468,agent,0
2566.0,21,0,503,facture,0
2681.0,11,3,1429,particulier,0
14062.0,8,5,1848,facture,0
32990.0,22,3,1399,particulier,1
1184.0,11,3,1158,particulier,0
1129.0,21,2,641,particulier,0
1460.0,19,3,853,particulier,0
3018.0,12,1,865,particulier,0
7054.0,19,2,127,particulier,0
5446.0,22,2,2111,facture,0
3813.0,10,3,1021,particulier,0
5165.0,19,4,674,particulier,0
1829.0,22,4,978,agent,0
2677.0,17,2,499,agent,0
3239.0,20,4,247,particulier,0
857.0,17,6,883,particulier,0
1228.0,18,5,1917,agent,0
1270.0,17,3,306,particulier,0
6307.0,19,4,209,particulier,0
4058.0,22,6,1433,particulier,0
5538.0,6,2,349,particulier,0
690.0,19,3,815,agent,0
934.0,7,5,932,facture,0
5789.0,9,3,810,particulier,0
310.0,22,2,1926,particulier,0
9329.0,15,3,25,particulier,0
699.0,19,6,381,particulier,0
6747.0,11,7,280,particulier,0
1548.0,22,2,1434,agent,0
8035.0,21,1,918,particulier,0
50359.0,5,4,402,particulier,1
477.0,8,5,434,particulier,0
5950.0,23,1,915,particulier,0
708.0,21,2,480,facture,0
4735.0,20,3,1286,particulier,0
2763.0,12,1,476,particulier,0
3679.0,8,1,648,particulier,0
1518.0,21,1,1444,particulier,0
6396.0,11,3,427,particulier,0
962.0,15,3,96,particulier,0
9465.0,10,4,1980,particulier,0
2327.0,23,3,1965,particulier,0
1000.0,21,3,1347,particulier,0
12781.0,21,3,986,particulier,0
3111.0,17,2,908,agent,0
16672.0,8,3,290,particulier,0
9304.0,23,5,656,agent,0
1672.0,21,7,193,particulier,0
3065.0,7,1,2156,agent,0
3651.0,22,4,1210,particulier,0
12056.0,18,3,988,particulier,0
4779.0,18,7,991,agent,0
3827.0,6,1,1206,particulier,0
2780.0,15,2,1462,particulier,0
3156.0,9,2,2198,particulier,0
9986.0,8,2,1397,agent,0
3305.0,18,2,2136,agent,0
2355.0,21,4,1784,particulier,0
2039.0,11,4,1657,particulier,0
2058.0,23,4,532,particulier,0
1000.0,8,1,534,particulier,0
1741.0,21,6,1952,particulier,0
11774.0,19,1,1232,particulier,0
2764.0,22,1,1496,particulier,0
5995.0,22,4,861,particulier,0
401.0,11,2,742,particulier,0
5340.0,7,5,1449,particulier,0
2872.0,6,3,1098,agent,0
2188.0,9,0,1226,agent,0
3842.0,23,4,696,particulier,0
2161.0,19,5,103,particulier,0
542.0,5,3,494,particulier,0
7215.0,22,3,177,agent,0
4050.0,20,2,1783,particulier,0
2523.0,22,6,727,particulier,0
1449.0,11,5,1886,particulier,0
944.0,4,1,830,particulier,0
3985.0,19,5,2008,particulier,0
12983.0,20,4,127,particulier,0
3915.0,19,1,66,particulier,0
1017.0,21,0,81,agent,0
3989.0,21,2,1929,particulier,0
3148.0,10,3,1855,agent,0
6867.0,7,2,1359,particulier,0
5518.0,5,6,390,agent,0
260.0,12,2,1853,facture,0
5237.0,7,4,1559,agent,0
1404.0,13,0,2156,particulier,0
984.0,14,3,1680,particulier,0
2807.0,7,0,1876,agent,0
4672.0,18,4,1112,particulier,0
817.0,19,4,1083,agent,0
5996.0,16,5,35,particulier,0
6303.0,19,4,1714,particulier,0
3429.0,8,4,872,particulier,0
1576.0,10,2,2100,facture,0
1433.0,18,2,1457,particulier,0
7880.0,19,4,1758,particulier,0
912.0,11,2,1720,agent,0
8142.0,13,2,1848,agent,0
2863.0,21,5,1818,particulier,0
3037.0,22,2,1707,facture,0
771.0,20,3,139,agent,0
2908.0,7,3,677,particulier,0
5550.0,20,1,927,particulier,0
1058.0,9,4,729,particulier,0
5033.0,22,5,1250,particulier,0
3553.0,12,2,1116,particulier,0
1906.0,22,3,1963,particulier,0
6812.0,7,1,772,particulier,0
507.0,11,2,1698,particulier,0
4423.0,8,3,1282,particulier,0
13050.0,9,2,1626,particulier,0
11203.0,17,5,1086,agent,0
4589.0,21,4,517,facture,0
2549.0,20,6,898,particulier,0
1919.0,10,4,1077,particulier,0
2547.0,6,4,347,particulier,0
5230.0,23,3,1646,facture,0
1659.0,10,1,151,agent,0
6272.0,20,3,1352,agent,0
20195.0,23,3,1048,facture,0
3126.0,23,3,966,particulier,0
1051.0,10,5,1474,agent,0
1050.0,19,4,1283,particulier,0
6375.0,6,2,1260,agent,0
3131.0,5,6,637,particulier,0
6942.0,17,4,1626,particulier,0
2093.0,23,2,960,particulier,0
6674.0,12,2,699,particulier,0
2880.0,13,4,992,particulier,0
1768.0,23,4,1712,particulier,0
2343.0,17,6,1753,agent,0
1191.0,22,2,2053,agent,0
17871.0,19,3,661,particulier,0
3035.0,23,6,1716,facture,0
5698.0,7,3,1087,particulier,0
2087.0,20,4,941,facture,0
1347.0,8,4,2131,particulier,0
2701.0,23,0,1103,facture,0
8400.0,19,3,520,particulier,0
2116.0,7,6,702,particulier,0
1572.0,21,1,451,particulier,0
3760.0,19,3,2122,facture,0
5035.0,15,8,1347,particulier,0
13312.0,20,7,1897,particulier,0
4450.0,9,4,1317,particulier,0
5695.0,9,4,1840,particulier,0
6072.0,9,5,1286,particulier,0
1236.0,9,5,730,particulier,0
1453.0,23,3,1335,agent,0
1311.0,20,5,173,facture,0
1062.0,17,5,1114,agent,0
6478.0,11,5,897,particulier,0
4216.0,19,2,1693,particulier,0
3525.0,20,5,229,particulier,0
364.0,8,3,1393,particulier,0
18905.0,16,2,2102,agent,0
1541.0,23,3,197,particulier,0
18846.0,20,0,2086,particulier,0
961.0,20,2,1865,particulier,0
1652.0,18,1,1822,particulier,0
507.0,19,6,1481,facture,0
4482.0,18,0,2161,particulier,0
1292.0,8,3,905,particulier,0
1323.0,21,2,58,particulier,0
1026.0,8,2,1348,agent,0
6379.0,9,2,623,particulier,0
6031.0,6,3,1350,particulier,0
15371.0,11,6,1176,facture,0
1839.0,21,4,301,particulier,0
3968.0,21,2,789,particulier,0
1101.0,18,6,1669,particulier,0
2478.0,23,3,2137,particulier,0
2120.0,11,7,1553,particulier,0
4889.0,21,5,1619,facture,0
7820.0,18,1,1826,particulier,0
7650.0,20,2,512,particulier,0
1609.0,10,5,1213,particulier,0
7698.0,22,3,359,particulier,0
3173.0,23,5,455,particulier,0
2500.0,12,4,546,facture,0
1804.0,7,3,1943,particulier,0
2047.0,19,2,2035,particulier,0
14486.0,19,1,650,particulier,0
4278.0,9,1,446,particulier,0
3822.0,23,0,835,particulier,0
2636.0,12,2,212,particulier,0
26346.0,11,2,2179,particulier,0
9989.0,21,2,647,particulier,0
1785.0,9,3,468,particulier,0
2611.0,12,2,1844,particulier,0
2746.0,20,4,825,particulier,0
3729.0,20,5,394,particulier,0
1815.0,8,2,657,particulier,0
4784.0,19,2,993,particulier,0
11319.0,7,3,2017,particulier,0
1079.0,15,1,1570,particulier,0
1263.0,22,2,1260,agent,0
2185.0,23,2,1303,particulier,0
2273.0,8,3,188,particulier,0
18010.0,21,3,1277,facture,0
7719.0,20,6,540,agent,0
7352.0,23,1,154,particulier,0
2631.0,20,1,1071,particulier,0
2583.0,22,4,1611,particulier,0
959.0,10,2,1915,facture,0
6403.0,9,3,1299,particulier,0
5001.0,22,3,1797,particulier,0
9829.0,23,4,49,particulier,0
2754.0,10,6,454,agent,0
2920.0,8,0,526,particulier,0
3807.0,7,2,1144,facture,0
7031.0,15,0,605,particulier,0
944.0,21,4,1143,particulier,0
6159.0,22,3,1523,particulier,0
3238.0,17,4,2024,particulier,0
1340.0,16,4,288,particulier,0
560.0,10,5,1588,particulier,0
2934.0,19,4,386,particulier,0
11277.0,23,4,1979,particulier,0
13677.0,9,2,1694,particulier,0
4456.0,7,4,1981,particulier,0
17461.0,21,5,170,particulier,0
3176.0,23,5,324,particulier,0
7408.0,10,3,879,facture,0
2245.0,13,3,2150,particulier,0
2127.0,17,3,899,particulier,0
1852.0,22,5,76,particulier,0
572.0,8,1,1509,particulier,0
9838.0,9,2,1234,particulier,0
1910.0,20,5,328,particulier,0
1667.0,17,2,2118,agent,0
1208.0,4,4,285,particulier,0
2769.0,7,4,1673,particulier,0
14750.0,23,7,1789,particulier,0
19530.0,12,3,439,particulier,0
803.0,13,4,2124,particulier,0
2437.0,23,4,74,particulier,0
1368.0,22,5,374,particulier,0
7632.0,23,2,1935,particulier,0
4203.0,9,3,964,particulier,0
1918.0,18,3,1556,particulier,0
3504.0,8,3,1544,agent,0
2196.0,23,8,1638,particulier,0
12992.0,12,4,2081,particulier,0
5244.0,12,6,1741,particulier,0
5822.0,10,1,740,particulier,0
341.0,9,2,261,particulier,0
3113.0,23,2,1976,agent,0
19355.0,20,2,638,particulier,0
10170.0,20,1,2161,agent,0
685.0,8,4,783,particulier,0
2524.0,18,2,535,particulier,0
1186.0,23,3,576,particulier,0
14107.0,22,2,309,particulier,0
4055.0,10,4,2116,particulier,0
1715.0,20,2,1387,particulier,0
3392.0,20,2,601,particulier,0
359.0,21,3,525,particulier,0
1310.0,21,6,1685,agent,0
3398.0,7,7,690,particulier,0
6760.0,12,2,1489,particulier,0
633.0,11,4,1418,particulier,0
2383.0,19,2,196,agent,0
7772.0,16,1,1523,particulier,0
959.0,13,3,365,agent,0
4003.0,23,5,912,particulier,0
3484.0,7,5,1407,particulier,0
14147.0,11,1,1961,particulier,0
2709.0,23,2,1201,agent,0
2847.0,9,4,147,particulier,0
6814.0,22,5,1443,particulier,0
1067.0,21,2,1706,particulier,0
2731.0,21,2,1722,particulier,0
2236.0,20,6,812,agent,0
2928.0,6,4,535,particulier,0
6776.0,18,1,50,facture,0
5277.0,9,8,1464,particulier,0
1743.0,18,0,1726,particulier,0
3700.0,22,5,998,particulier,0
11695.0,23,2,892,particulier,0
1625.0,12,3,1039,particulier,0
3727.0,7,7,67,particulier,0
2796.0,10,6,1870,particulier,0
3123.0,15,9,322,particulier,0
824.0,20,6,476,particulier,0
10929.0,22,3,379,agent,0
1706.0,10,5,347,agent,0
7881.0,20,0,195,particulier,0
1943.0,20,2,1526,particulier,0
1936.0,8,0,1842,particulier,0
9239.0,18,5,1542,particulier,0
7668.0,8,2,1297,particulier,0
3934.0,7,1,1517,particulier,0
6292.0,21,5,1199,particulier,0
2578.0,23,6,12,particulier,0
3271.0,10,2,287,particulier,0
1877.0,12,3,367,agent,0
7104.0,19,3,498,particulier,0
1827.0,8,1,534,particulier,0
11642.0,20,3,1119,agent,0
2519.0,9,5,160,particulier,0
3352.0,19,2,1346,agent,0
6279.0,20,4,437,particulier,0
3362.0,10,3,1555,facture,0
2557.0,18,1,524,particulier,0
3211.0,12,3,1524,particulier,0
7043.0,6,2,188,particulier,0
1875.0,9,2,2135,particulier,0
2959.0,18,4,1220,agent,0
3323.0,18,4,354,particulier,0
6870.0,21,4,542,particulier,0
3026.0,22,4,755,particulier,0
15322.0,22,2,1544,particulier,0
2884.0,21,1,1547,particulier,0
2692.0,22,6,529,particulier,0
2849.0,5,6,769,particulier,0
1076.0,22,1,1862,particulier,0
1365.0,22,1,1287,particulier,0
2098.0,9,3,1016,particulier,0
8651.0,18,2,260,agent,0
3203.0,8,6,18,particulier,0
2182.0,13,1,492,agent,0
9345.0,8,5,1735,particulier,0
12314.0,9,1,477,particulier,0
9577.0,7,3,48,particulier,0
1595.0,15,4,1431,agent,0
2163.0,22,1,1996,agent,0
15393.0,19,4,186,agent,0
4044.0,11,2,13,particulier,0
2624.0,23,3,202,particulier,0
6067.0,22,3,1664,agent,0
7756.0,9,3,954,particulier,0
2027.0,18,5,903,particulier,0
3970.0,16,2,1264,particulier,0
7241.0,8,3,514,particulier,0
1229.0,15,3,1766,particulier,0
3329.0,19,0,1440,particulier,0
1278.0,11,3,1713,particulier,0
1428.0,9,3,370,agent,0
2041.0,19,3,402,particulier,0
4942.0,18,2,698,particulier,0
2506.0,18,3,719,agent,0
1899.0,10,3,682,facture,0
3442.0,23,1,1318,particulier,0
1243.0,11,3,298,particulier,0
4743.0,5,2,294,particulier,0
8619.0,22,2,175,agent,0
3080.0,22,5,1533,particulier,0
2773.0,9,3,1506,particulier,0
4525.0,10,3,189,particulier,0
587.0,22,3,818,particulier,0
5199.0,21,1,441,agent,0
46009.0,11,2,110,particulier,0
2968.0,10,4,1798,particulier,0
2977.0,21,9,2145,particulier,0
6199.0,18,5,117,particulier,0
13340.0,11,2,1397,agent,0
7546.0,22,3,1425,particulier,0
527.0,19,4,303,particulier,0
5318.0,21,1,319,particulier,0
29323.0,18,2,2075,facture,0
5592.0,18,3,2188,agent,0
1235.0,22,0,493,agent,0
4186.0,23,7,337,facture,0
1109.0,18,3,1901,particulier,0
9395.0,23,2,1577,agent,0
1462.0,20,5,97,particulier,0
3509.0,15,3,327,agent,0
1589.0,17,3,210,particulier,0
2070.0,22,1,1432,particulier,0
11652.0,8,4,545,particulier,0
3597.0,19,2,1563,particulier,0
2048.0,5,2,552,agent,0
1245.0,22,2,1710,facture,0
671.0,21,4,618,particulier,0
1137.0,23,5,2114,particulier,0
3623.0,19,3,550,particulier,0
7579.0,21,6,1787,particulier,0
2046.0,7,5,85,agent,0
12518.0,22,6,722,particulier,0
1790.0,23,2,427,particulier,0
2691.0,19,4,1981,particulier,0
1316.0,15,3,2155,particulier,0
7648.0,18,2,1773,particulier,0
19592.0,20,3,1691,particulier,0
737.0,22,2,167,particulier,0
2455.0,8,3,528,particulier,0
9653.0,14,1,1394,particulier,0
963.0,21,2,69,particulier,0
5333.0,20,4,2080,particulier,0
9304.0,10,3,169,facture,0
3521.0,23,6,1133,particulier,0
5259.0,23,2,901,particulier,0
14717.0,21,2,1918,particulier,0
17260.0,17,4,1916,particulier,0
3125.0,18,3,852,particulier,0
2095.0,3,3,1957,particulier,0
1507.0,9,3,353,agent,0
7558.0,18,6,598,particulier,0
1027.0,22,5,146,particulier,0
2658.0,21,2,1232,agent,0
3595.0,9,5,616,facture,0
2148.0,20,4,399,agent,0
4179.0,19,2,567,particulier,0
29139.0,18,2,1947,particulier,0
2971.0,22,2,1391,particulier,0
2275.0,20,4,1916,particulier,0
7809.0,18,2,46,particulier,0
4039.0,11,2,882,agent,0
11197.0,23,0,1734,particulier,0
3789.0,9,7,746,particulier,0
2667.0,23,4,2084,particulier,0
723.0,14,3,1721,particulier,0
831.0,7,2,2120,particulier,0
692.0,13,5,1808,particulier,0
4548.0,21,7,1772,agent,0
1035.0,8,2,1917,particulier,0
9578.0,20,5,1918,particulier,0
3380.0,7,1,239,particulier,0
2677.0,23,5,952,particulier,0
1608.0,23,5,1488,agent,0
5591.0,19,2,1589,particulier,0
1663.0,20,4,696,agent,0
1426.0,20,2,2155,facture,0
9046.0,5,3,603,particulier,0
4453.0,20,3,997,particulier,0
2698.0,20,3,482,particulier,0
5683.0,18,4,792,particulier,0
3320.0,23,3,1764,agent,0
4562.0,7,4,2162,particulier,0
1645.0,10,2,1007,particulier,0
19146.0,21,4,637,particulier,0
2013.0,18,5,625,particulier,0
12365.0,19,2,886,particulier,0
2806.0,8,2,506,particulier,0
6542.0,22,5,1972,particulier,0
6149.0,19,2,154,particulier,0
8733.0,21,3,2037,particulier,0
1612.0,20,0,768,particulier,0
8220.0,18,2,1005,particulier,0
15827.0,10,4,1031,agent,0
2644.0,22,2,953,particulier,0
3393.0,21,4,1970,agent,0
2111.0,16,6,1506,particulier,0
2454.0,21,4,21,agent,0
14111.0,9,4,2156,particulier,0
1403.0,8,5,984,particulier,0
1479.0,7,6,1610,facture,0
12955.0,13,1,1049,particulier,0
5602.0,23,1,64,particulier,0
19977.0,17,5,10,particulier,1
2246.0,23,2,1170,particulier,0
3668.0,10,1,325,particulier,0
1879.0,5,4,369,particulier,0
3721.0,20,1,80,particulier,0
729.0,19,5,1012,particulier,0
5897.0,13,1,2107,particulier,0
4337.0,18,5,207,particulier,0
3137.0,22,3,1123,facture,0
2364.0,20,2,1906,agent,0
1540.0,11,2,1947,particulier,0
6115.0,19,2,43,agent,0
1218.0,9,2,1124,facture,0
5090.0,8,3,490,particulier,0
19212.0,21,3,996,facture,0
11646.0,23,3,120,facture,0
917.0,18,5,707,particulier,0
2088.0,22,3,2119,facture,0
4714.0,22,4,1234,agent,0
3103.0,8,2,1810,particulier,0
1003.0,6,1,1570,particulier,0
4571.0,21,2,2149,agent,0
3267.0,4,6,506,particulier,0
16767.0,20,1,1088,particulier,0
2656.0,9,2,2131,particulier,0
8891.0,22,2,522,facture,0
1122.0,11,3,292,particulier,0
1375.0,22,4,623,particulier,0
6084.0,21,5,1995,particulier,0
8276.0,21,5,1283,particulier,0
1460.0,6,4,1991,particulier,0
3363.0,12,1,47,particulier,0
1018.0,22,1,2104,agent,0
2824.0,11,4,1902,agent,0
6710.0,20,2,1925,agent,0
2276.0,7,2,1215,particulier,0
2666.0,9,2,1647,particulier,0
1261.0,20,5,1488,particulier,0
1899.0,23,3,1560,particulier,0
14682.0,19,2,1725,particulier,0
3505.0,19,2,1905,particulier,0
1405.0,18,3,1061,particulier,0
2521.0,8,3,1847,facture,0
847.0,7,2,1554,particulier,0
1391.0,21,4,389,particulier,0
10470.0,8,0,1201,agent,0
2919.0,9,3,1404,facture,0
16434.0,19,5,464,particulier,0
3038.0,12,3,316,particulier,0
3195.0,7,1,1568,particulier,0
5680.0,16,4,718,agent,0
340.0,8,3,1274,particulier,0
3921.0,20,2,1271,agent,0
3160.0,22,1,1506,particulier,0
11651.0,21,7,1773,agent,0
7480.0,12,7,1769,particulier,0
1257.0,11,1,2177,particulier,0
9469.0,21,5,189,particulier,0
2636.0,23,3,1266,particulier,0
1527.0,21,2,1939,particulier,0
3895.0,12,3,217,particulier,0
2773.0,22,4,1981,particulier,0
12182.0,19,6,2127,agent,0
4401.0,18,5,185,particulier,0
3924.0,21,2,481,particulier,0
7084.0,7,2,671,facture,0
8341.0,10,3,108,agent,0
6413.0,22,2,1859,agent,0
11010.0,11,4,2108,particulier,0
5527.0,10,5,1695,agent,0
3799.0,20,2,120,facture,0
9446.0,23,3,1631,agent,0
3050.0,11,2,25,agent,0
3389.0,23,2,551,particulier,0
14233.0,8,2,997,particulier,0
13077.0,20,4,1563,particulier,0
3272.0,10,1,1206,particulier,0
2241.0,20,6,1930,agent,0
11427.0,18,5,503,facture,0
6505.0,21,1,404,agent,0
4308.0,20,2,715,particulier,0
2506.0,11,5,2164,particulier,0
4367.0,9,3,2156,agent,0
3234.0,21,0,2042,facture,0
1873.0,23,3,653,particulier,0
3676.0,19,2,2197,facture,0
4128.0,17,6,1522,particulier,0
2394.0,7,3,783,agent,0
7103.0,23,2,1349,agent,0
9853.0,15,3,558,particulier,0
7513.0,18,2,259,agent,0
2605.0,20,4,857,particulier,0
6263.0,10,4,680,particulier,0
3520.0,8,1,1735,agent,0
1152.0,19,3,898,agent,0
5836.0,9,4,588,agent,0
3730.0,7,4,1383,facture,0
29867.0,21,4,1515,agent,1
11369.0,19,4,1951,facture,0
6030.0,20,2,2135,agent,0
4072.0,19,6,1347,particulier,0
3786.0,5,2,1248,agent,0
1404.0,22,4,999,particulier,0
751.0,16,2,73,particulier,0
1569.0,23,2,1774,particulier,0
3164.0,23,9,549,particulier,0
550.0,21,3,41,particulier,0
2074.0,8,5,2165,agent,0
2669.0,5,2,1732,particulier,0
2743.0,9,4,1600,particulier,0
1877.0,11,1,1281,agent,0
2464.0,18,5,133,agent,0
14261.0,6,0,1784,agent,0
5784.0,11,3,1458,particulier,0
2046.0,23,2,1829,particulier,0
3109.0,21,2,1305,agent,0
3216.0,22,4,29,facture,0
1715.0,20,1,838,particulier,0
1713.0,23,6,1970,facture,0
7777.0,20,3,1379,agent,0
2306.0,23,2,1850,particulier,0
1299.0,11,2,2094,particulier,0
3176.0,21,3,1556,particulier,0
3642.0,23,1,981,particulier,0
616.0,9,2,726,particulier,0
3182.0,12,4,1658,particulier,0
6890.0,21,3,190,particulier,0
4835.0,21,4,203,particulier,0
21924.0,20,2,828,particulier,0
9542.0,13,1,1182,facture,0
11289.0,9,2,539,particulier,0
35599.0,22,4,1677,particulier,0
6276.0,8,2,1205,agent,0
3784.0,6,8,1025,facture,0
7538.0,11,2,1072,particulier,0
2048.0,18,2,1120,particulier,0
3610.0,10,2,1310,particulier,0
1900.0,17,5,857,particulier,0
4621.0,19,3,349,particulier,0
1893.0,19,5,1243,particulier,0
1837.0,21,4,960,particulier,0
4682.0,19,4,1011,particulier,0
2931.0,23,2,552,agent,0
640.0,17,0,952,particulier,0
956.0,23,1,826,agent,0
1242.0,8,4,439,particulier,0
1555.0,11,4,621,particulier,0
4686.0,23,2,1396,agent,0
3968.0,20,4,822,particulier,0
8148.0,21,1,582,particulier,0
6247.0,11,4,926,particulier,0
8194.0,7,4,147,agent,0
5526.0,19,4,1759,particulier,0
3937.0,12,6,1434,particulier,0
8387.0,10,6,898,particulier,0
7198.0,12,3,858,agent,0
4535.0,7,3,353,particulier,0
9705.0,21,4,629,particulier,0
449.0,8,3,2116,particulier,0
2574.0,8,3,925,particulier,0
2540.0,6,8,1575,particulier,0
8776.0,9,0,628,particulier,0
12528.0,11,3,1027,particulier,0
960.0,12,1,20,particulier,0
10932.0,23,5,1974,particulier,0
1217.0,23,1,2055,particulier,0
1249.0,22,3,399,facture,0
2700.0,7,0,1318,facture,0
2514.0,23,1,949,particulier,0
876.0,20,0,292,agent,0
5724.0,8,4,1933,particulier,0
5869.0,19,2,775,particulier,0
8070.0,19,5,1517,particulier,0
2279.0,9,1,1217,particulier,0
3185.0,17,2,95,facture,0
3210.0,19,4,72,particulier,0
13833.0,18,5,1205,particulier,0
296.0,9,5,1273,facture,0
1461.0,18,4,43,particulier,0
3310.0,19,5,1168,particulier,0
1309.0,21,3,25,facture,0
2645.0,7,3,1235,particulier,0
2960.0,19,1,2134,facture,0
1884.0,17,7,142,agent,0
3480.0,9,2,2024,particulier,0
5619.0,8,2,531,particulier,0
2695.0,19,5,1126,particulier,0
2241.0,23,0,1779,facture,0
2861.0,8,3,1129,particulier,0
3274.0,20,5,1841,particulier,0
750.0,14,3,1818,particulier,0
4877.0,19,3,862,particulier,0
2245.0,20,0,543,particulier,0
9627.0,19,6,2035,particulier,0
5445.0,23,1,2047,particulier,0
8907.0,10,1,1130,particulier,0
1395.0,11,1,1842,particulier,0
2403.0,6,6,632,particulier,0
1146.0,9,6,1733,particulier,0
1809.0,16,4,1743,particulier,0
9550.0,10,1,1680,particulier,0
11665.0,15,4,513,particulier,0
1242.0,19,3,315,particulier,0
2232.0,10,0,8,agent,0
3088.0,9,5,694,particulier,0
5420.0,20,3,574,particulier,0
738.0,22,3,667,particulier,0
843.0,19,4,907,agent,0
4995.0,9,0,159,particulier,0
628.0,10,1,1251,particulier,0
2253.0,9,4,431,particulier,0
3781.0,7,2,1015,particulier,0
4691.0,22,7,1688,particulier,0
2921.0,11,3,1830,particulier,0
2414.0,16,6,1608,agent,0
6754.0,10,1,1465,particulier,0
4198.0,20,3,1568,particulier,0
1901.0,20,3,1137,particulier,0
3402.0,23,5,849,agent,0
4563.0,21,4,1420,particulier,0
14193.0,19,3,794,particulier,0
6428.0,19,3,20,particulier,0
9250.0,22,2,1838,particulier,0
1961.0,9,0,1023,particulier,0
2110.0,22,1,916,particulier,0
2697.0,23,1,166,facture,0
2916.0,20,3,1325,particulier,0
1399.0,6,1,754,particulier,0
9663.0,20,3,1679,particulier,0
6980.0,6,4,1659,particulier,0
2541.0,17,3,140,particulier,0
5684.0,21,3,1083,particulier,0
3982.0,9,3,2133,particulier,0
6074.0,23,4,41,particulier,0
1051.0,23,3,131,agent,0
2911.0,10,4,1656,particulier,0
3136.0,19,6,1730,particulier,0
5598.0,21,4,646,facture,0
1931.0,19,3,934,particulier,0
393.0,9,4,255,particulier,0
1314.0,9,3,345,particulier,0
3128.0,23,5,917,particulier,0
3478.0,19,3,1715,particulier,0
13783.0,22,3,1688,particulier,0
5406.0,23,5,897,particulier,0
3531.0,10,1,2184,particulier,0
3205.0,17,3,177,facture,0
8422.0,10,2,47,particulier,0
1995.0,7,5,536,particulier,0
2924.0,20,2,758,particulier,0
1305.0,5,1,1070,particulier,0
11005.0,12,2,1650,particulier,0
4599.0,21,5,424,particulier,0
1806.0,18,7,1881,particulier,0
2989.0,11,4,1678,particulier,0
5081.0,10,4,116,facture,0
2662.0,9,1,1298,facture,0
2092.0,23,1,9,particulier,0
1889.0,10,4,1936,particulier,0
4395.0,10,1,406,particulier,0
2430.0,18,5,542,particulier,0
2240.0,22,8,2000,particulier,0
1058.0,17,1,1180,particulier,0
3519.0,11,5,1045,particulier,0
2824.0,21,0,121,agent,0
2506.0,7,4,212,agent,0
3901.0,21,0,512,agent,0
6222.0,8,3,1357,particulier,0
5981.0,15,3,1067,facture,0
5270.0,10,4,1891,particulier,0
2685.0,23,1,377,particulier,0
2035.0,8,4,2007,particulier,0
1357.0,8,3,1564,particulier,0
1990.0,21,6,710,particulier,0
3350.0,22,4,633,particulier,0
1689.0,19,2,1309,facture,0
3575.0,20,2,519,particulier,0
1450.0,12,5,413,particulier,0
803.0,22,3,2047,particulier,0
6611.0,10,2,905,facture,0
2201.0,19,3,175,agent,0
1617.0,8,1,124,particulier,0
1300.0,19,4,963,particulier,0
4720.0,8,2,928,particulier,0
10601.0,18,4,593,particulier,0
2339.0,10,0,1422,particulier,0
2743.0,23,3,2103,particulier,0
8192.0,21,2,1394,agent,0
707.0,10,6,2013,particulier,0
17533.0,18,1,2158,facture,0
26304.0,20,2,1857,particulier,0
330.0,18,4,1186,facture,0
3032.0,10,6,1585,particulier,0
1788.0,7,1,427,particulier,0
2631.0,19,1,18,particulier,0
2309.0,9,1,1118,particulier,0
6568.0,19,4,688,particulier,0
2994.0,22,3,1759,particulier,0
1519.0,21,7,922,particulier,0
2846.0,17,4,179,particulier,0
5103.0,9,1,883,facture,0
1205.0,22,5,1935,particulier,0
813.0,21,2,171,particulier,0
17923.0,23,2,920,particulier,0
1908.0,3,5,889,agent,0
2931.0,22,1,42,particulier,0
2349.0,22,3,760,agent,0
5249.0,13,0,145,particulier,0
14867.0,20,4,230,particulier,0
5393.0,7,3,1197,particulier,0
906.0,23,1,1908,facture,0
1016.0,23,0,39,agent,0
2347.0,23,2,1641,agent,0
2623.0,21,7,1195,particulier,0
762.0,17,4,804,facture,0
6611.0,8,2,1362,particulier,0
1308.0,21,1,2026,particulier,0
11723.0,23,5,2009,agent,0
15484.0,23,4,816,particulier,0
2668.0,5,2,1225,particulier,0
4784.0,10,6,195,particulier,0
1156.0,19,4,2160,agent,0
5598.0,9,1,1660,agent,0
2157.0,13,4,1220,particulier,0
1307.0,21,4,33,particulier,0
2576.0,23,2,1810,particulier,0
2217.0,22,3,1493,particulier,0
2499.0,18,3,1782,particulier,0
7385.0,10,3,1683,particulier,0
1690.0,10,3,246,particulier,0
14397.0,20,3,550,agent,0
1068.0,22,4,1882,particulier,0
13005.0,10,1,799,facture,0
1388.0,20,1,1763,agent,0
3292.0,20,5,852,particulier,0
2172.0,11,2,140,particulier,0
2460.0,17,7,564,particulier,0
6510.0,22,6,355,particulier,0
11788.0,9,3,1320,particulier,0
9063.0,20,1,1027,facture,0
2335.0,20,2,2151,particulier,0
3853.0,7,5,1612,particulier,0
1695.0,20,1,1930,particulier,0
1418.0,19,3,1490,agent,0
1243.0,19,1,373,particulier,0
2271.0,8,2,1554,particulier,0
4073.0,19,5,1677,agent,0
649.0,21,3,793,particulier,0
3167.0,22,5,154,particulier,0
11952.0,20,8,979,particulier,0
8549.0,11,3,1254,particulier,0
2003.0,5,0,1154,agent,0
1005.0,18,3,1913,particulier,0
4870.0,8,2,730,agent,0
460.0,7,7,853,agent,0
8464.0,10,0,678,particulier,0
2748.0,19,5,791,facture,0
15625.0,21,5,631,agent,0
759.0,11,4,1588,particulier,0
7190.0,23,3,1052,particulier,0
3025.0,20,3,914,agent,0
2486.0,19,4,322,particulier,0
1028.0,20,5,2106,particulier,0
5466.0,23,2,731,particulier,0
5853.0,22,4,1277,particulier,0
15023.0,20,3,2002,particulier,0
7761.0,14,3,873,particulier,0
1989.0,23,6,1956,agent,0
1403.0,19,8,1063,particulier,0
1029.0,6,1,336,particulier,0
11525.0,19,4,391,agent,0
1700.0,23,4,322,particulier,0
11593.0,15,3,75,particulier,0
5148.0,17,4,2198,facture,0
4361.0,20,4,275,particulier,0
2538.0,19,3,1338,particulier,0
5777.0,21,2,1525,agent,0
3251.0,20,2,1605,agent,0
2407.0,17,1,2180,particulier,0
5953.0,20,3,715,particulier,0
2915.0,20,2,1352,particulier,0
1671.0,17,5,1290,particulier,0
5485.0,7,3,1270,agent,0
3120.0,21,9,2013,agent,0
4992.0,20,3,2032,particulier,0
2240.0,20,3,1886,particulier,0
1179.0,8,1,670,agent,0
14398.0,16,2,1205,agent,0
12266.0,10,4,1938,agent,0
6983.0,22,3,1511,particulier,0
2369.0,7,3,2195,particulier,0
2552.0,17,1,376,particulier,0
10668.0,6,3,148,particulier,0
2439.0,19,1,491,particulier,0
1924.0,17,2,1844,particulier,0
16178.0,7,2,1769,particulier,0
3164.0,6,1,1984,particulier,0
14812.0,10,4,615,particulier,0
1004.0,23,3,386,particulier,0
5118.0,19,2,1665,particulier,0
19157.0,23,2,251,particulier,0
3379.0,20,3,1917,agent,0
2632.0,18,2,1480,particulier,0
1221.0,18,5,1526,particulier,0
8267.0,21,4,1736,particulier,0
1712.0,10,4,849,agent,0
3039.0,21,7,2185,agent,0
1154.0,20,3,99,particulier,0
12374.0,19,4,142,particulier,0
8792.0,20,1,1001,particulier,0
3207.0,23,5,1849,agent,0
1235.0,10,3,314,agent,0
12155.0,21,2,729,particulier,0
2414.0,22,2,1410,particulier,0
1288.0,18,3,818,particulier,0
737.0,22,5,2177,facture,0
1903.0,22,3,1010,particulier,0
957.0,23,1,2085,agent,0
1940.0,9,5,2000,particulier,0
6203.0,18,1,589,agent,0
2394.0,20,4,970,particulier,0
4457.0,20,3,2036,particulier,0
1781.0,21,2,715,particulier,0
3482.0,20,3,820,particulier,0
16861.0,21,6,859,particulier,0
2450.0,7,2,1230,particulier,0
4568.0,22,2,1058,particulier,0
871.0,23,3,1575,particulier,0
11993.0,19,3,866,facture,0
2196.0,21,1,971,particulier,0
8046.0,23,4,2017,agent,0
2967.0,21,6,1490,facture,0
5541.0,21,1,2186,particulier,0
5828.0,7,3,116,particulier,0
2243.0,23,1,499,agent,0
8334.0,18,0,728,particulier,0
1728.0,6,2,181,particulier,0
6382.0,23,2,45,agent,0
2365.0,8,3,813,facture,0
4434.0,22,5,21,particulier,0
2225.0,14,5,1298,agent,0
3437.0,16,5,1838,agent,0
1321.0,23,3,533,particulier,0
4066.0,22,6,2007,particulier,0
3421.0,21,2,1978,agent,0
2082.0,18,4,846,particulier,0
3144.0,20,3,1629,particulier,0
3692.0,22,4,2118,particulier,0
1951.0,17,3,225,particulier,0
2953.0,11,7,1891,particulier,0
1401.0,9,2,1275,particulier,0
24194.0,7,6,2104,particulier,0
8105.0,19,3,1648,facture,0
4155.0,23,3,1787,particulier,0
8922.0,8,4,1917,facture,0
613.0,7,1,131,agent,0
375.0,23,4,2102,particulier,0
2346.0,9,2,1144,particulier,0
1021.0,21,1,481,particulier,0
2694.0,8,6,425,agent,0
3924.0,7,1,1807,particulier,0
7204.0,7,0,1681,particulier,0
1252.0,20,2,861,particulier,0
4627.0,23,4,584,particulier,0
3335.0,15,5,1177,agent,0
4427.0,19,3,1044,agent,0
2118.0,22,1,138,agent,0
10675.0,20,2,1260,facture,0
3017.0,22,6,956,particulier,0
14884.0,17,1,1903,particulier,0
1683.0,5,1,365,facture,0
6194.0,15,4,114,particulier,0
3132.0,17,2,899,particulier,0
2493.0,20,3,1865,particulier,0
5639.0,19,3,2009,particulier,0
2555.0,21,4,1362,particulier,0
343.0,21,5,1147,particulier,0
244.0,8,4,1597,agent,0
9716.0,10,1,388,particulier,0
9374.0,21,7,227,particulier,0
16387.0,11,2,606,particulier,0
3246.0,12,1,1555,agent,0
1098.0,9,3,1512,particulier,0
2306.0,9,4,266,particulier,0
3327.0,21,4,1680,agent,0
1400.0,7,4,622,particulier,0
13377.0,7,6,1253,particulier,0
22105.0,21,5,1373,particulier,0
4947.0,17,2,1969,particulier,0
3264.0,20,1,1724,agent,0
1096.0,17,6,639,agent,0
12265.0,8,2,1364,particulier,0
3515.0,22,2,617,particulier,0
2577.0,7,4,111,agent,0
4959.0,9,8,1562,particulier,0
2002.0,20,5,661,particulier,0
3733.0,22,2,1487,particulier,0
967.0,9,2,1058,agent,0
8300.0,23,2,1193,particulier,0
3015.0,6,1,595,particulier,0
8822.0,7,4,967,particulier,0
2777.0,18,1,2188,agent,0
2934.0,23,4,348,agent,0
1176.0,11,1,2108,particulier,0
6284.0,12,3,2198,facture,0
1565.0,20,1,1796,particulier,0
2179.0,12,3,1379,particulier,0
3297.0,22,4,2050,particulier,0
3652.0,23,6,1396,particulier,0
773.0,15,1,668,particulier,0
2708.0,15,7,1778,particulier,0
6477.0,6,1,431,particulier,0
2388.0,23,1,525,particulier,0
2722.0,23,6,1299,agent,0
3782.0,20,1,431,particulier,0
2960.0,5,2,1704,particulier,0
1372.0,7,1,78,particulier,0
3194.0,23,2,753,particulier,0
7669.0,9,4,1746,particulier,0
1348.0,10,4,1087,agent,0
2396.0,13,2,1403,facture,0
1018.0,6,3,829,particulier,0
7333.0,19,3,2119,particulier,0
3046.0,13,1,668,particulier,0
1599.0,16,7,424,particulier,0
3563.0,6,2,714,particulier,0
1184.0,23,5,1676,particulier,0
1369.0,7,7,1021,particulier,0
952.0,23,4,75,particulier,0
1330.0,23,1,816,agent,0
10444.0,9,5,108,agent,0
1767.0,23,4,1731,particulier,0
4897.0,23,8,1007,agent,0
1618.0,10,2,294,particulier,0
6283.0,18,4,1808,agent,0
1377.0,22,2,1402,particulier,0
3406.0,9,2,1650,particulier,0
3446.0,19,3,258,agent,0
23828.0,12,4,1187,agent,1
5630.0,10,3,965,agent,0
1990.0,12,5,1719,particulier,0
5898.0,22,1,1570,particulier,0
20281.0,19,3,2003,particulier,0
825.0,21,8,1090,particulier,0
1610.0,19,5,471,particulier,0
2694.0,20,4,1414,particulier,0
2311.0,10,0,1246,particulier,0
2483.0,19,3,2112,particulier,0
1087.0,22,3,1379,particulier,0
10866.0,11,4,1642,particulier,0
983.0,18,1,1952,facture,0
2779.0,8,3,1316,particulier,0
8014.0,8,3,216,particulier,0
3211.0,16,2,1212,particulier,0
1433.0,23,3,200,agent,0
1047.0,23,3,1957,particulier,0
2709.0,20,2,1491,particulier,0
1731.0,23,2,533,particulier,0
3922.0,19,6,1860,particulier,0
1001.0,20,1,1973,agent,0
6575.0,5,7,778,particulier,0
3634.0,18,1,1753,particulier,0
3871.0,23,5,1187,particulier,0
11214.0,20,4,1623,particulier,0
2271.0,19,1,1192,particulier,0
1778.0,7,2,247,agent,0
2068.0,11,6,972,particulier,0
2797.0,23,4,1758,facture,0
3049.0,21,4,353,agent,0
1626.0,20,3,1402,agent,0
590.0,9,2,2163,particulier,0
2045.0,21,4,1564,particulier,0
4473.0,8,6,1727,particulier,0
3699.0,20,2,1559,particulier,0
9133.0,23,1,671,agent,0
17364.0,21,7,343,agent,1
6282.0,20,2,1372,agent,0
10669.0,23,5,1771,agent,0
6322.0,19,2,645,agent,0
14093.0,17,3,812,particulier,0
15887.0,6,4,2083,agent,0
7394.0,21,3,524,agent,0
6005.0,10,4,1386,particulier,0
2767.0,23,4,391,facture,0
3181.0,22,3,1574,particulier,0
2472.0,20,3,2011,particulier,0
5586.0,7,2,950,particulier,0
1786.0,8,2,1800,particulier,0
2801.0,10,6,27,particulier,0
445.0,21,8,610,particulier,0
14252.0,20,1,912,agent,0
2731.0,9,5,1823,particulier,0
4852.0,11,3,1195,particulier,0
11374.0,21,4,1205,particulier,0
4252.0,11,3,2058,particulier,0
11245.0,17,2,1727,particulier,0
1147.0,19,0,476,particulier,0
25280.0,18,0,1570,agent,1
8300.0,23,7,1682,particulier,0
3936.0,21,0,1483,particulier,0
11063.0,9,3,153,particulier,0
1220.0,7,4,1462,particulier,0
2578.0,19,2,1327,particulier,0
11244.0,19,2,1556,particulier,0
674.0,22,1,1205,particulier,0
5305.0,20,4,1021,particulier,0
5179.0,10,5,1598,agent,0
17568.0,21,7,13,particulier,1
858.0,21,2,1482,particulier,0
12941.0,13,3,151,particulier,0
2048.0,19,3,1874,particulier,0
2253.0,20,4,2111,particulier,0
1166.0,11,3,448,particulier,0
1307.0,23,4,2085,particulier,0
4642.0,23,2,820,particulier,0
1280.0,14,2,903,particulier,0
6181.0,19,4,1236,particulier,0
1875.0,5,2,993,particulier,0
1175.0,12,2,167,particulier,0
2104.0,18,3,1269,particulier,0
4386.0,19,3,1063,particulier,0
2603.0,21,4,999,particulier,0
3392.0,10,2,1534,particulier,0
5954.0,8,4,1500,particulier,0
8267.0,19,4,1914,particulier,0
2531.0,18,4,1076,particulier,0
1356.0,4,5,2037,agent,0
3515.0,12,2,1526,particulier,0
4915.0,23,1,1324,particulier,0
952.0,21,0,1204,particulier,0
1545.0,17,4,1716,agent,0
1788.0,20,4,871,particulier,0
2761.0,23,3,302,agent,0
1725.0,16,4,498,facture,0
6009.0,11,2,109,facture,0
842.0,9,5,649,particulier,0
860.0,23,3,1099,particulier,0
2480.0,19,3,212,particulier,0
2838.0,20,7,360,agent,0
957.0,23,3,372,facture,0
1967.0,12,3,1712,particulier,0
2343.0,23,2,41,particulier,0
2358.0,8,0,236,particulier,0
3748.0,10,1,703,particulier,0
1877.0,8,2,175,agent,0
11570.0,20,3,1771,agent,0
4989.0,23,1,630,agent,0
1659.0,9,2,1500,particulier,0
3570.0,10,6,788,particulier,0
3661.0,9,3,590,agent,0
9251.0,20,5,2076,agent,0
1978.0,23,3,1167,agent,0
6325.0,19,2,2077,particulier,0
3414.0,22,2,1174,particulier,0
11706.0,21,3,2059,particulier,0
9870.0,7,2,1368,particulier,0
3895.0,11,4,293,facture,0
2636.0,21,5,1789,agent,0
5068.0,20,4,629,particulier,0
2826.0,18,5,569,particulier,0
13743.0,23,2,632,particulier,0
3522.0,10,3,280,facture,0
2334.0,8,4,986,particulier,0
2229.0,18,5,1219,particulier,0
1175.0,7,5,380,particulier,0
5287.0,19,5,806,particulier,0
1641.0,9,2,1594,particulier,0
8379.0,5,3,1474,particulier,0
1098.0,20,4,94,particulier,0
3671.0,8,2,1968,particulier,0
8758.0,20,4,324,particulier,0
529.0,22,2,114,particulier,0
18316.0,20,4,1530,particulier,0
2295.0,20,3,1319,particulier,0
3714.0,18,2,591,particulier,0
5355.0,23,6,124,agent,0
6107.0,20,3,514,particulier,0
4158.0,10,3,750,particulier,0
7691.0,18,6,1825,agent,0
5122.0,20,2,581,particulier,0
14717.0,23,3,640,particulier,0
5136.0,20,2,50,particulier,0
17500.0,8,3,867,agent,0
7086.0,23,2,470,facture,0
710.0,23,2,1141,agent,0
30316.0,22,2,248,particulier,0
2022.0,21,3,780,particulier,0
11745.0,18,4,2097,particulier,0
3370.0,19,1,1098,facture,0
8119.0,17,6,32,particulier,0
1835.0,7,4,1477,particulier,0
5608.0,19,0,386,particulier,0
2657.0,19,3,465,particulier,0
12609.0,21,4,1704,agent,0
4783.0,19,1,1372,facture,0
7299.0,9,3,488,particulier,0
523.0,19,7,2015,particulier,0
3063.0,20,2,401,particulier,0
4670.0,21,3,420,agent,0
3984.0,17,1,1561,agent,0
7458.0,22,4,525,particulier,0
2414.0,21,4,174,particulier,0
3434.0,22,0,1005,agent,0
8992.0,21,6,427,particulier,0
475.0,21,5,1357,particulier,0
5437.0,20,3,1012,particulier,0
2480.0,22,6,865,agent,0
1517.0,10,2,1508,agent,0
4386.0,19,2,1856,agent,0
9352.0,19,2,1824,particulier,0
7969.0,22,3,34,agent,0
2937.0,19,4,1866,particulier,0
6935.0,14,4,1500,facture,0
6890.0,22,3,1877,particulier,0
3059.0,19,9,1695,particulier,0
1828.0,23,3,1731,particulier,0
1920.0,13,0,1226,particulier,0
6716.0,7,1,1348,particulier,0
3179.0,20,4,1609,agent,0
1354.0,22,6,1620,particulier,0
787.0,21,3,1577,facture,0
6681.0,12,5,707,facture,0
2070.0,9,3,2024,facture,0
4363.0,23,3,598,agent,0
9450.0,17,6,1109,particulier,0
1083.0,19,2,1856,particulier,0
3170.0,21,2,1164,agent,0
2850.0,9,2,39,particulier,0
4550.0,10,5,1862,particulier,0
9445.0,18,2,74,particulier,0
1064.0,12,3,1091,agent,0
5347.0,8,3,977,particulier,0
7917.0,19,3,1253,particulier,0
2812.0,18,3,99,facture,0
2931.0,9,3,2084,particulier,0
4702.0,23,0,715,agent,0
4416.0,7,3,411,agent,0
5405.0,19,4,1545,particulier,0
5309.0,8,5,1291,facture,0
1430.0,20,1,1075,particulier,0
7644.0,23,6,479,particulier,0
8882.0,11,0,982,particulier,0
3859.0,20,2,1906,particulier,0
925.0,23,2,1324,particulier,0
2988.0,18,3,1832,particulier,0
3886.0,21,3,1557,particulier,0
1245.0,23,2,1951,particulier,0
2426.0,22,3,368,particulier,0
994.0,19,1,1250,particulier,0
5520.0,19,5,1352,particulier,0
3794.0,17,3,1812,particulier,0
813.0,9,2,511,particulier,0
4441.0,18,4,1060,particulier,0
3140.0,11,0,619,particulier,0
5110.0,17,2,1330,particulier,0
2362.0,23,2,1532,agent,0
1667.0,17,4,1416,particulier,0
1711.0,21,1,2119,particulier,0
2085.0,23,3,1426,particulier,0
3348.0,5,4,1964,facture,0
3736.0,22,2,263,particulier,0
2801.0,20,7,1608,agent,0
2299.0,8,1,1466,particulier,0
2444.0,23,2,1937,agent,0
27766.0,9,3,147,particulier,0
1711.0,23,3,1008,particulier,0
2050.0,21,3,760,particulier,0
54164.0,23,1,1646,particulier,1
4712.0,19,6,767,particulier,0
1019.0,19,0,388,particulier,0
6743.0,3,2,1198,agent,0
1520.0,18,4,1397,particulier,0
7135.0,6,4,1532,agent,0
2754.0,20,1,492,particulier,0
2267.0,18,4,1950,particulier,0
12936.0,19,4,2188,facture,0
5332.0,10,4,1753,particulier,0
7533.0,23,0,1116,agent,0
4768.0,8,3,1606,particulier,0
2258.0,20,4,67,particulier,0
5539.0,11,2,1477,agent,0
9208.0,9,0,1065,agent,0
3694.0,12,3,1233,particulier,0
15236.0,20,2,256,particulier,0
6788.0,23,4,952,agent,0
3945.0,8,4,1412,particulier,0
4080.0,23,0,1157,particulier,0
3702.0,18,3,14,particulier,0
1137.0,9,3,890,particulier,0
3052.0,7,3,1517,particulier,0
3976.0,23,6,34,agent,0
2313.0,11,1,829,particulier,0
4390.0,16,2,224,particulier,0
3355.0,18,3,1948,particulier,0
6359.0,22,4,232,particulier,0
5789.0,13,2,563,particulier,0
3797.0,9,2,1021,particulier,0
1031.0,9,1,1203,agent,0
15095.0,20,1,590,agent,0
2920.0,12,1,1118,particulier,0
3076.0,18,4,1324,particulier,0
2462.0,21,0,952,particulier,0
2175.0,8,4,1633,agent,0
12240.0,8,4,1078,agent,0
10701.0,9,2,1262,agent,0
4807.0,19,4,571,agent,0
3007.0,22,0,1564,particulier,0
5576.0,17,3,2059,particulier,0
3508.0,11,0,2060,particulier,0
2803.0,19,4,2049,particulier,0
4391.0,9,5,750,particulier,0
2264.0,20,5,739,particulier,0
4082.0,19,2,1646,particulier,0
3919.0,10,5,572,particulier,0
5500.0,13,3,2081,particulier,0
1946.0,22,4,18,particulier,0
6025.0,22,1,1336,agent,0
1525.0,20,5,352,agent,0
2025.0,17,2,2157,facture,0
2102.0,9,3,536,particulier,0
1324.0,23,2,115,particulier,0
7811.0,22,2,1689,particulier,0
1446.0,6,2,445,agent,0
1819.0,5,1,923,particulier,0
9577.0,23,5,2135,particulier,0
2028.0,9,2,239,facture,0
2808.0,21,1,588,particulier,0
1394.0,22,3,1623,particulier,0
6688.0,11,3,256,particulier,0
6766.0,19,2,1119,facture,0
6174.0,7,4,167,particulier,0
5203.0,23,4,952,particulier,0
3507.0,10,6,741,particulier,0
2110.0,17,6,887,particulier,0
1648.0,17,2,975,particulier,0
9862.0,7,5,503,particulier,0
6311.0,7,2,1588,agent,0
1827.0,12,5,1157,particulier,0
3408.0,22,2,425,particulier,0
2553.0,21,3,809,particulier,0
1263.0,20,2,948,particulier,0
3831.0,22,0,1082,particulier,0
2314.0,22,3,1117,particulier,0
1466.0,9,1,1805,particulier,0
937.0,18,1,2103,agent,0
872.0,22,4,2072,facture,0
2403.0,6,3,1196,particulier,0
3065.0,6,1,1382,agent,0
1566.0,18,3,1160,particulier,0
5728.0,8,0,32,particulier,0
3116.0,9,2,2035,particulier,0
5380.0,19,2,252,particulier,0
2820.0,11,3,1740,particulier,0
1687.0,9,4,1888,particulier,0
3630.0,7,4,1007,particulier,0
1126.0,23,6,2190,facture,0
5211.0,18,1,1171,particulier,0
1485.0,12,4,1803,particulier,0
7190.0,23,1,2051,particulier,0
2471.0,18,3,2087,particulier,0
8129.0,22,4,412,particulier,0
1269.0,10,2,1011,particulier,0
1852.0,21,5,1411,agent,0
4554.0,10,2,499,particulier,0
8910.0,22,5,2185,facture,0
13584.0,4,2,823,particulier,0
3412.0,18,1,1761,agent,0
15710.0,9,2,635,agent,0
2575.0,11,1,2069,particulier,0
8383.0,17,2,1021,particulier,0
1479.0,15,6,322,particulier,0
4709.0,9,2,669,facture,0
450.0,10,1,758,particulier,0
1270.0,23,4,268,particulier,0
4898.0,19,3,1544,particulier,0
1080.0,11,5,1661,particulier,0
4736.0,8,2,201,particulier,0
7119.0,19,1,692,facture,0
2151.0,15,5,1395,facture,0
1446.0,23,3,1067,particulier,0
2202.0,8,2,2116,particulier,0
1450.0,6,1,931,facture,0
3023.0,22,6,862,particulier,0
3593.0,23,3,15,particulier,0
2540.0,19,1,1750,particulier,0
13673.0,18,3,1412,particulier,0
1787.0,12,2,328,particulier,0
10751.0,6,2,240,particulier,0
1360.0,23,2,1042,facture,0
3505.0,20,1,443,particulier,0
9006.0,22,6,1264,particulier,0
8618.0,9,3,1639,particulier,0
2305.0,23,4,66,particulier,0
5281.0,20,5,101,particulier,0
4713.0,8,4,1187,particulier,0
2082.0,22,1,1696,particulier,0
5561.0,13,5,1632,particulier,0
16044.0,22,6,49,particulier,0
4919.0,17,2,2049,particulier,0
5332.0,10,4,470,particulier,0
5833.0,7,0,831,particulier,0
952.0,10,3,1572,agent,0
4872.0,18,3,1274,facture,0
1388.0,23,0,2184,particulier,0
1995.0,20,3,2113,particulier,0
20695.0,20,1,907,particulier,0
2656.0,22,1,1637,facture,0
1756.0,23,2,405,particulier,0
8775.0,18,4,1644,particulier,0
1472.0,21,1,478,facture,0
2252.0,18,2,1285,agent,0
9525.0,20,0,970,particulier,0
3416.0,8,2,441,agent,0
874.0,8,3,329,particulier,0
5231.0,18,3,1033,particulier,0
2352.0,20,3,225,facture,0
12196.0,10,4,611,agent,0
1968.0,23,1,1099,particulier,0
8051.0,10,5,498,particulier,0
14903.0,23,2,854,particulier,0
1598.0,22,0,1212,particulier,0
2796.0,20,2,1585,particulier,0
4584.0,9,2,920,particulier,0
1590.0,19,3,1816,particulier,0
4145.0,23,1,1243,facture,0
2721.0,21,5,93,particulier,0
2675.0,20,4,1891,particulier,0
3434.0,12,4,1728,particulier,0
3500.0,22,5,29,particulier,0
3787.0,20,2,1487,particulier,0
1980.0,20,2,327,particulier,0
2055.0,20,2,372,particulier,0
2979.0,6,3,1085,particulier,0
3171.0,12,7,386,particulier,0
2269.0,17,3,1506,particulier,0
4339.0,19,3,1103,particulier,0
704.0,8,3,1393,particulier,0
1771.0,22,4,235,particulier,0
2597.0,19,2,2131,particulier,0
1591.0,20,6,2002,particulier,0
13158.0,20,3,1178,particulier,0
3348.0,19,3,1839,agent,0
3829.0,18,3,128,particulier,0
2185.0,11,5,1639,particulier,0
3251.0,23,3,1830,agent,0
1173.0,6,4,1933,particulier,0
2852.0,23,0,1139,facture,0
1486.0,7,4,2052,particulier,0
2602.0,20,4,1959,particulier,0
374.0,20,4,509,particulier,0
1263.0,23,5,1320,particulier,0
11434.0,23,1,1122,particulier,0
6673.0,20,5,2136,agent,0
10109.0,15,4,730,particulier,0
10717.0,18,7,642,agent,1
5837.0,22,2,1269,agent,0
2242.0,20,5,482,particulier,0
1364.0,20,2,1271,particulier,0
8732.0,8,4,1905,particulier,0
3480.0,10,1,1528,particulier,0
27444.0,13,5,457,particulier,0
2416.0,7,0,572,particulier,0
17623.0,23,3,1281,particulier,0
2883.0,23,4,539,particulier,0
10256.0,19,2,922,particulier,0
13935.0,21,3,848,particulier,0
1381.0,11,4,1296,particulier,0
2181.0,12,3,2038,facture,0
1369.0,20,0,309,particulier,0
1158.0,8,4,424,agent,0
5808.0,10,5,1613,particulier,0
2787.0,19,6,652,facture,0
3444.0,17,1,207,agent,0
5286.0,10,5,1848,particulier,0
679.0,8,6,436,agent,0
9835.0,19,2,1950,particulier,0
2449.0,15,2,1391,particulier,0
5180.0,11,1,439,agent,0
5584.0,11,2,1751,particulier,0
10564.0,21,5,128,particulier,0
3014.0,12,4,1557,particulier,0
542.0,18,6,130,particulier,0
3458.0,12,1,1013,agent,0
3907.0,21,3,1849,facture,0
1368.0,11,4,744,particulier,0
3734.0,11,2,2188,particulier,0
2424.0,6,2,126,particulier,0
1052.0,18,3,1467,particulier,0
5830.0,7,4,467,agent,0
2040.0,21,4,1032,particulier,0
2332.0,23,4,459,particulier,0
2223.0,10,4,240,particulier,0
9416.0,23,3,128,facture,0
3182.0,21,8,1038,agent,0
3524.0,19,6,1133,agent,0
2265.0,18,4,1501,particulier,0
4883.0,18,7,1554,particulier,0
10373.0,7,5,110,particulier,0
5714.0,21,4,1274,particulier,0
5907.0,16,2,858,particulier,0
5515.0,23,4,1494,particulier,0
1019.0,23,2,1391,facture,0
1564.0,16,4,107,particulier,0
2768.0,23,3,1689,agent,0
1778.0,14,4,1774,particulier,0
1333.0,6,1,1566,agent,0
671.0,19,10,1831,particulier,0
1049.0,18,2,99,particulier,0
2649.0,23,3,2006,particulier,0
3106.0,20,1,443,particulier,0
1679.0,19,3,898,agent,0
3523.0,22,1,1233,particulier,0
2278.0,8,3,2177,particulier,0
8325.0,20,2,888,particulier,0
2872.0,7,4,108,facture,0
5954.0,20,3,240,particulier,0
3916.0,22,3,1943,particulier,0
1000.0,7,4,875,particulier,0
3050.0,20,2,900,particulier,0
1153.0,18,1,691,particulier,0
3005.0,18,1,432,agent,0
1749.0,10,1,474,agent,0
4558.0,19,2,1224,particulier,0
1053.0,23,3,1141,particulier,0
3336.0,16,3,1940,facture,0
5359.0,22,2,13,particulier,0
7126.0,19,2,441,particulier,0
1721.0,18,2,1933,agent,0
3345.0,21,0,89,particulier,0
3853.0,23,3,645,agent,0
12272.0,7,3,830,particulier,0
935.0,21,4,1324,particulier,0
1519.0,20,3,269,particulier,0
35732.0,21,5,1774,particulier,0
2612.0,23,6,1639,particulier,0
660.0,20,3,1462,particulier,0
2008.0,23,4,1558,particulier,0
313.0,9,4,1980,facture,0
4043.0,19,6,865,particulier,0
6557.0,23,2,1274,particulier,0
1518.0,6,5,1526,particulier,0
2208.0,21,4,1313,particulier,0
7224.0,22,5,650,particulier,0
744.0,8,4,2056,facture,0
1071.0,19,4,274,particulier,0
2714.0,19,2,979,agent,0
1738.0,21,7,1065,particulier,0
2566.0,21,4,953,particulier,0
1125.0,19,6,2165,particulier,0
3953.0,9,4,2021,agent,0
2902.0,9,0,1748,particulier,0
5254.0,21,2,1704,facture,0
3906.0,9,4,70,particulier,0
3927.0,9,1,1499,particulier,0
964.0,19,6,475,particulier,0
5008.0,21,2,1727,particulier,0
2487.0,17,4,953,particulier,0
2859.0,20,2,858,particulier,0
8031.0,7,0,889,agent,0
1787.0,9,6,2020,particulier,0
10389.0,11,5,986,particulier,0
11246.0,23,3,498,particulier,0
6247.0,22,6,1884,agent,0
1431.0,19,3,2129,agent,0
514.0,23,1,1366,facture,0
8242.0,18,3,1386,particulier,0
3622.0,23,4,325,particulier,0
1749.0,19,1,985,particulier,0
8933.0,19,2,1115,particulier,0
1584.0,22,5,222,agent,0
2297.0,23,5,445,particulier,0
5147.0,8,4,393,particulier,0
1278.0,21,2,19,particulier,0
3002.0,21,4,739,agent,0
8315.0,22,3,329,particulier,0
3942.0,23,3,1545,agent,0
9512.0,16,4,1473,particulier,0
8635.0,12,3,331,particulier,0
3316.0,18,1,2090,particulier,0
452.0,20,1,451,particulier,0
1287.0,17,6,677,particulier,0
6303.0,16,2,1155,particulier,0
882.0,9,0,2168,particulier,0
2496.0,9,4,1167,particulier,0
4393.0,22,7,102,agent,0
11489.0,19,3,2176,particulier,0
2021.0,18,7,1218,particulier,0
1907.0,21,2,1442,particulier,0
3151.0,21,4,1720,facture,0
4439.0,8,4,1333,particulier,0
2890.0,13,4,972,particulier,0
8038.0,18,4,66,particulier,0
1670.0,7,2,1299,facture,0
3649.0,22,2,447,particulier,0
4810.0,18,4,1101,particulier,0
2344.0,20,2,1510,particulier,0
6726.0,16,3,1716,particulier,0
3739.0,17,2,1259,agent,0
6442.0,10,6,1887,particulier,0
3885.0,21,6,495,particulier,0
4537.0,19,2,530,particulier,0
1925.0,19,5,2038,particulier,0
1927.0,23,0,1471,agent,0
9328.0,19,4,1387,particulier,0
5654.0,22,3,902,particulier,0
1381.0,23,2,1291,agent,0
3842.0,23,3,68,agent,0
438.0,18,5,487,particulier,0
2023.0,17,4,1773,particulier,0
7457.0,5,3,661,particulier,0
2962.0,22,4,1795,agent,0
3642.0,6,4,75,facture,0
254.0,8,3,785,particulier,0
2360.0,19,5,201,particulier,0
4392.0,6,3,841,agent,0
4893.0,19,3,1593,particulier,0
7465.0,12,5,663,facture,0
2755.0,20,1,26,particulier,0
2862.0,19,3,2025,particulier,0
1062.0,13,2,1081,particulier,0
2769.0,10,6,2074,particulier,0
1127.0,19,5,1729,particulier,0
685.0,9,1,1829,agent,0
1310.0,3,1,1386,particulier,0
11877.0,7,2,1023,particulier,0
2618.0,6,5,2190,particulier,0
3971.0,10,1,901,particulier,0
2129.0,19,2,1739,particulier,0
719.0,10,2,2140,particulier,0
7300.0,21,1,336,particulier,0
520.0,7,5,425,particulier,0
2056.0,10,4,2042,particulier,0
3145.0,15,1,1296,facture,0
4007.0,20,5,1797,agent,0
1777.0,23,6,2092,agent,0
691.0,22,0,1222,particulier,0
1667.0,20,2,1921,particulier,0
1743.0,7,1,1482,particulier,0
1708.0,5,1,160,particulier,0
7514.0,7,4,1366,particulier,0
1174.0,23,1,46,facture,0
4255.0,8,4,356,agent,0
3769.0,11,3,347,agent,0
7453.0,8,0,1613,agent,0
2942.0,16,3,1064,agent,0
6454.0,8,2,1920,particulier,0
2846.0,22,1,1309,facture,0
4766.0,22,7,770,particulier,0
918.0,23,1,575,particulier,0
350.0,10,4,816,particulier,0
4541.0,23,3,724,particulier,0
4753.0,9,4,319,agent,0
4935.0,10,4,539,facture,0
2109.0,20,5,2080,particulier,0
11687.0,23,1,2121,particulier,0
2229.0,20,4,983,agent,0
4711.0,23,5,1869,particulier,0
5461.0,8,2,412,particulier,0
14199.0,20,1,478,particulier,0
2516.0,21,6,1612,particulier,0
1891.0,23,2,163,particulier,0
922.0,22,4,1643,particulier,0
12327.0,21,4,1617,particulier,0
4714.0,22,5,2006,facture,0
4842.0,23,6,969,particulier,0
46593.0,21,4,404,particulier,1
4343.0,9,5,294,facture,0
1089.0,22,4,470,particulier,0
2789.0,20,6,1124,particulier,0
1439.0,20,4,369,particulier,0
2353.0,8,0,171,particulier,0
2340.0,22,2,290,particulier,0
2000.0,22,6,274,particulier,0
1008.0,18,5,30,particulier,0
12754.0,18,2,1458,particulier,0
4247.0,10,4,1522,particulier,0
2720.0,6,3,988,agent,0
6273.0,21,2,1871,particulier,0
4917.0,7,3,944,facture,0
4164.0,19,3,1630,particulier,0
5897.0,20,5,1411,particulier,0
3692.0,21,4,96,particulier,0
5824.0,23,5,441,agent,0
6249.0,6,1,1739,particulier,0
3783.0,18,5,1758,particulier,0
2732.0,18,7,1329,particulier,0
12099.0,8,4,499,particulier,0
2195.0,20,6,264,particulier,0
4595.0,18,4,1459,agent,0
4684.0,20,2,1049,particulier,0
1962.0,9,3,785,particulier,0
1658.0,9,6,1750,particulier,0
2439.0,23,3,646,particulier,0
2168.0,20,4,1202,agent,0
954.0,23,4,726,particulier,0
1894.0,12,2,1731,particulier,0
4131.0,22,3,329,facture,0
9663.0,17,1,1623,particulier,0
5278.0,23,5,734,particulier,0
362.0,16,2,830,particulier,0
5682.0,23,1,550,agent,0
2050.0,8,3,2178,agent,0
4842.0,7,4,1479,particulier,0
3255.0,22,2,1693,particulier,0
2797.0,12,2,1704,particulier,0
3020.0,22,3,342,particulier,0
3232.0,10,2,714,particulier,0
10329.0,10,6,37,particulier,0
3240.0,21,3,753,particulier,0
8289.0,23,2,261,agent,0
7324.0,22,3,2046,agent,0
5808.0,19,3,816,particulier,0
722.0,22,3,94,particulier,0
8511.0,19,6,870,particulier,0
2232.0,19,5,400,particulier,0
6053.0,11,3,1551,particulier,0
1441.0,8,4,1216,particulier,0
1203.0,21,3,1614,particulier,0
17675.0,22,3,140,facture,0
1461.0,7,3,1098,agent,0
8727.0,22,2,425,particulier,0
3643.0,10,4,488,agent,0
2305.0,17,5,1179,particulier,0
3171.0,23,0,1171,facture,0
1090.0,19,2,329,agent,0
3256.0,17,6,1294,particulier,0
1312.0,18,1,1998,particulier,0
2354.0,8,0,1791,particulier,0
7234.0,21,3,910,particulier,0
4089.0,22,1,163,particulier,0
935.0,20,2,152,particulier,0
6794.0,18,2,1197,facture,0
3275.0,16,2,581,particulier,0
2078.0,18,3,1234,particulier,0
6215.0,21,4,1322,particulier,0
2858.0,11,1,448,particulier,0
1223.0,11,2,1436,particulier,0
15845.0,18,2,217,particulier,0
3246.0,11,3,447,facture,0
3074.0,11,4,317,particulier,0
2335.0,22,5,601,particulier,0
8982.0,23,5,2164,particulier,0
2109.0,17,1,2138,particulier,0
886.0,23,0,1715,particulier,0
1850.0,21,2,1740,agent,0
10176.0,19,7,2076,particulier,0
6683.0,22,5,171,particulier,0
2652.0,23,2,1440,particulier,0
10586.0,16,0,1285,agent,0
6221.0,19,1,1396,particulier,0
2626.0,19,3,372,particulier,0
2861.0,22,1,951,particulier,0
4359.0,23,3,680,particulier,0
1624.0,21,6,1267,particulier,0
3307.0,10,6,1310,agent,0
4282.0,22,4,1813,facture,0
785.0,8,1,833,particulier,0
2805.0,9,4,106,particulier,0
2546.0,22,6,1228,agent,0
7894.0,23,3,950,particulier,0
687.0,23,4,996,particulier,0
2382.0,18,2,1425,particulier,0
2187.0,10,4,2096,particulier,0
7451.0,11,1,98,particulier,0
3175.0,23,4,308,particulier,0
15164.0,22,4,628,particulier,0
5784.0,9,3,2153,particulier,0
2325.0,18,2,896,particulier,0
4039.0,18,6,1522,particulier,0
2438.0,8,3,24,particulier,0
6840.0,16,5,1810,particulier,0
1062.0,10,3,365,particulier,0
1636.0,9,1,2190,particulier,0
4853.0,22,4,1476,particulier,0
9338.0,22,4,1450,particulier,0
507.0,20,1,1538,particulier,0
10597.0,11,4,1288,particulier,0
2925.0,23,3,1229,particulier,0
664.0,23,4,209,particulier,0
257.0,9,8,1105,facture,0
898.0,21,5,275,particulier,0
3240.0,19,4,947,particulier,0
3115.0,11,3,1698,agent,0
5643.0,20,2,2180,particulier,0
2065.0,21,9,1127,particulier,0
1285.0,22,2,831,particulier,0
2319.0,21,5,1446,particulier,0
3390.0,23,5,954,particulier,0
4008.0,17,4,371,particulier,0
1684.0,11,5,1956,particulier,0
7089.0,23,2,1674,agent,0
1943.0,23,5,1564,particulier,0
1573.0,9,2,65,agent,0
2078.0,22,2,1978,particulier,0
8214.0,12,3,1861,particulier,0
2943.0,23,3,1675,particulier,0
1826.0,22,1,1830,particulier,0
7239.0,18,4,2169,particulier,0
20360.0,21,2,371,particulier,0
3937.0,8,5,1695,agent,0
9403.0,8,3,817,particulier,0
7948.0,21,5,824,particulier,0
1969.0,22,5,1130,particulier,0
3370.0,22,4,321,facture,0
1107.0,19,6,1844,particulier,0
2768.0,19,2,42,particulier,0
1935.0,20,7,611,particulier,0
2339.0,21,6,233,particulier,0
1742.0,20,2,599,particulier,0
2581.0,7,3,1270,facture,0
5179.0,18,5,217,particulier,0
2976.0,16,3,237,particulier,0
675.0,23,0,2002,particulier,0
1747.0,9,2,90,particulier,0
906.0,10,5,710,particulier,0
4054.0,22,6,1508,particulier,0
5053.0,6,3,969,particulier,0
4097.0,9,1,1106,particulier,0
1687.0,20,2,1585,particulier,0
4064.0,21,3,1121,agent,0
2209.0,11,4,110,particulier,0
1252.0,20,4,1889,particulier,0
6190.0,20,2,390,particulier,0
6603.0,23,4,1851,particulier,0
7380.0,20,1,917,agent,0
1964.0,8,4,845,particulier,0
8977.0,14,4,415,particulier,0
2166.0,8,2,934,particulier,0
5742.0,16,2,1887,agent,0
2134.0,9,8,1813,agent,0
2723.0,21,3,2130,agent,0
421.0,13,4,385,agent,0
2549.0,21,4,1908,particulier,0
3560.0,19,2,1679,particulier,0
2325.0,11,6,1789,particulier,0
14658.0,12,4,953,particulier,0
1226.0,17,2,1419,particulier,0
2041.0,21,2,920,particulier,0
1527.0,20,5,2030,agent,0
2040.0,7,3,1655,particulier,0
7916.0,19,2,1969,particulier,0
11572.0,22,1,1277,particulier,0
1816.0,23,6,919,particulier,0
1782.0,9,7,1660,particulier,0
1232.0,12,3,1926,particulier,0
10000.0,11,2,2025,particulier,0
8543.0,8,5,1204,particulier,0
3011.0,23,2,1383,facture,0
1006.0,18,3,1115,agent,0
1085.0,23,4,2128,particulier,0
3809.0,19,6,1559,particulier,0
5255.0,9,5,127,particulier,0
569.0,17,3,824,particulier,0
2507.0,12,4,1747,particulier,0
13037.0,23,0,1933,particulier,0
2738.0,19,4,817,particulier,0
11687.0,10,2,2004,facture,0
5720.0,22,7,1664,agent,0
1311.0,19,3,177,particulier,0
2569.0,6,2,1876,agent,0
2953.0,20,2,879,particulier,0
1466.0,19,2,30,agent,0
1445.0,17,5,121,agent,0
11858.0,9,2,1380,agent,0
1435.0,22,2,1193,particulier,0
8239.0,21,4,965,particulier,0
2273.0,22,3,207,particulier,0
3223.0,19,5,1692,particulier,0
5311.0,9,1,392,agent,0
1981.0,19,2,1518,particulier,0
5339.0,13,2,118,particulier,0
579.0,8,6,1019,particulier,0
4787.0,20,10,1249,agent,0
404.0,8,2,1868,particulier,0
2717.0,9,3,40,agent,0
6810.0,11,3,654,particulier,0
5591.0,21,2,715,particulier,0
1093.0,20,3,713,particulier,0
1219.0,17,1,1434,agent,0
1835.0,19,6,1709,particulier,0
3859.0,20,6,1307,particulier,0
586.0,18,5,1447,particulier,0
3258.0,8,1,58,facture,0
4293.0,9,1,939,particulier,0
2590.0,19,3,1280,particulier,0
5149.0,9,4,2030,particulier,0
3984.0,20,1,845,facture,0
2079.0,18,3,100,particulier,0
635.0,10,2,404,particulier,0
3690.0,21,2,740,agent,0
1465.0,23,4,443,particulier,0
2015.0,8,5,1213,agent,0
4951.0,6,3,1609,agent,0
10990.0,11,5,801,agent,0
3190.0,23,5,1839,particulier,0
5276.0,19,5,1351,particulier,0
965.0,20,1,1043,facture,0
4059.0,23,3,1975,particulier,0
3131.0,9,1,1575,particulier,0
9366.0,23,7,1876,particulier,0
2081.0,10,3,1052,particulier,0
2683.0,22,3,421,agent,0
8103.0,21,3,723,agent,0
3047.0,19,5,887,particulier,0
1284.0,20,3,2038,particulier,0
28822.0,20,3,890,agent,1
1317.0,9,7,1364,particulier,0
3118.0,21,2,1304,particulier,0
4423.0,10,5,467,particulier,0
4136.0,18,7,681,agent,0
2804.0,6,4,1944,agent,0
2816.0,8,3,2036,agent,0
2698.0,20,3,366,agent,0
1276.0,9,1,1277,particulier,0
20490.0,12,4,666,particulier,0
2733.0,6,2,1219,particulier,0
5472.0,11,1,1582,particulier,0
2479.0,20,2,2083,particulier,0
2437.0,19,3,80,facture,0
2237.0,17,8,836,particulier,0
882.0,19,6,432,agent,0
2874.0,14,3,827,particulier,0
2331.0,23,8,975,particulier,0
8918.0,9,4,1388,facture,0
1191.0,23,4,1540,particulier,0
2017.0,21,1,1671,particulier,0
1535.0,7,2,1018,agent,0
11228.0,23,3,2166,particulier,0
1573.0,19,2,43,particulier,0
5313.0,13,4,236,agent,0
7515.0,20,4,2191,particulier,0
2910.0,21,4,286,particulier,0
1022.0,11,0,1814,particulier,0
1033.0,18,2,60,particulier,0
6842.0,19,4,1212,agent,0
1128.0,7,3,2122,particulier,0
4597.0,20,2,2025,particulier,0
3631.0,23,2,1422,particulier,0
4539.0,20,1,407,particulier,0
4919.0,22,4,1362,agent,0
1490.0,17,5,62,particulier,0
1438.0,22,4,751,particulier,0
6049.0,19,5,1565,agent,0
1930.0,11,2,1408,particulier,0
318.0,23,5,143,particulier,0
5718.0,20,3,2044,particulier,0
1365.0,5,5,645,particulier,0
4900.0,18,5,1047,facture,0
10763.0,9,4,1157,particulier,0
3342.0,21,1,2080,facture,0
7680.0,10,4,301,particulier,0
3755.0,10,0,313,agent,0
12699.0,23,6,642,particulier,0
1336.0,23,3,1196,particulier,0
3272.0,21,0,709,particulier,0
5838.0,17,3,313,particulier,0
2802.0,23,1,92,agent,0
8773.0,9,2,62,agent,0
2282.0,21,1,1102,particulier,0
19129.0,23,5,1142,agent,0
20008.0,9,3,1441,particulier,0
4187.0,18,4,1809,particulier,0
5270.0,21,5,85,particulier,0
9072.0,9,4,1524,particulier,0
1201.0,8,3,969,agent,0
1080.0,12,5,821,agent,0
9585.0,21,2,548,particulier,0
4158.0,17,3,2089,particulier,0
2718.0,20,1,762,particulier,0
3326.0,11,7,1337,particulier,0
433.0,9,1,1757,particulier,0
2802.0,5,6,1641,particulier,0
1737.0,23,0,1167,particulier,0
7189.0,20,2,258,particulier,0
7675.0,8,6,455,agent,0
5379.0,20,5,834,agent,0
4611.0,16,2,82,particulier,0
923.0,5,9,1233,particulier,0
5443.0,11,0,2155,agent,0
5625.0,21,5,966,particulier,0
9494.0,9,2,459,particulier,0
19940.0,22,3,1118,particulier,0
782.0,23,4,180,particulier,0
2368.0,18,5,2121,particulier,0
1753.0,21,0,835,particulier,0
3815.0,21,3,1943,particulier,0
3332.0,20,0,2110,particulier,0
2700.0,19,3,1659,agent,0
7891.0,22,1,1082,agent,0
1292.0,21,4,1712,particulier,0
1360.0,6,2,165,agent,0
1379.0,16,3,1618,facture,0
2425.0,19,1,1449,particulier,0
1159.0,19,3,1910,particulier,0
3161.0,22,4,1539,agent,0
2862.0,18,1,1555,particulier,0
1688.0,9,2,82,particulier,0
6924.0,16,1,2134,particulier,0
3132.0,17,4,33,particulier,0
8129.0,19,3,498,facture,0
2791.0,20,6,620,particulier,0
3227.0,4,5,810,particulier,0
2042.0,21,4,1084,particulier,0
3275.0,8,2,798,particulier,0
6035.0,7,4,2047,particulier,0
2322.0,20,3,1811,particulier,0
5119.0,17,2,1327,particulier,0
1651.0,9,3,956,particulier,0
6280.0,7,3,1750,particulier,0
2012.0,19,4,330,particulier,0
6795.0,22,2,1463,particulier,0
3470.0,15,5,471,particulier,0
12002.0,22,5,1954,particulier,0
1235.0,8,1,1204,particulier,0
939.0,19,2,1897,particulier,0
1951.0,23,7,912,agent,0
1015.0,19,1,70,particulier,0
1017.0,23,6,678,particulier,0
5588.0,6,1,709,particulier,0
3283.0,20,4,1915,particulier,0
2191.0,7,3,538,particulier,0
2371.0,22,3,1824,particulier,0
1983.0,21,8,41,particulier,0
13397.0,19,3,542,particulier,0
1763.0,17,7,357,agent,0
1071.0,6,1,237,particulier,0
6481.0,23,0,509,agent,0
2742.0,9,7,636,particulier,0
18638.0,21,2,2189,agent,0
2106.0,11,4,795,particulier,0
6762.0,19,5,1615,particulier,0
8266.0,10,3,1841,agent,0
2115.0,19,4,417,particulier,0
1752.0,18,1,1440,particulier,0
6187.0,6,7,617,agent,0
5370.0,7,3,2197,particulier,0
993.0,23,1,706,particulier,0
1262.0,10,3,1283,particulier,0
381.0,21,7,1510,particulier,0
5465.0,11,4,2130,particulier,0
2637.0,23,3,1521,agent,0
2870.0,8,3,92,particulier,0
782.0,21,8,317,particulier,0
1295.0,10,1,1904,agent,0
2195.0,5,0,1025,facture,0
1860.0,5,4,225,facture,0
3642.0,11,1,339,particulier,0
5410.0,7,1,1428,agent,0
22678.0,18,1,903,particulier,0
3239.0,19,3,1239,particulier,0
8502.0,20,2,1502,facture,0
1627.0,21,2,2126,facture,0
793.0,19,3,1585,particulier,0
2442.0,6,6,1298,facture,0
847.0,20,6,195,particulier,0
3336.0,20,2,2031,agent,0
1697.0,17,2,1585,particulier,0
626.0,6,1,374,particulier,0
14409.0,20,3,1127,particulier,0
2086.0,23,2,701,agent,0
819.0,19,3,1142,particulier,0
7069.0,22,2,1794,particulier,0
1773.0,19,4,1572,particulier,0
8322.0,23,4,2133,particulier,0
1766.0,8,1,1324,particulier,0
2080.0,10,2,1168,particulier,0
4417.0,19,2,166,particulier,0
5455.0,23,5,2092,particulier,0
6331.0,23,2,610,particulier,0
3053.0,10,5,811,facture,0
5163.0,8,5,1239,particulier,0
6209.0,23,4,2169,particulier,0
3907.0,16,1,1958,particulier,0
2918.0,10,3,807,agent,0
964.0,23,2,936,particulier,0
5482.0,9,3,432,agent,0
3415.0,15,5,1206,particulier,0
2318.0,9,1,1039,particulier,0
9761.0,18,4,1803,particulier,0
979.0,8,2,1879,particulier,0
13325.0,9,1,1782,particulier,0
3233.0,23,3,900,particulier,0
4315.0,10,3,516,agent,0
2355.0,23,2,982,agent,0
799.0,22,3,1138,agent,0
2926.0,17,1,1341,facture,0
4379.0,19,6,1515,agent,0
5853.0,23,3,384,agent,0
2784.0,19,1,1871,particulier,0
511.0,22,4,1914,particulier,0
889.0,20,3,1541,agent,0
18849.0,22,2,1204,facture,0
1302.0,22,2,1416,facture,0
11081.0,13,3,59,particulier,0
1489.0,22,4,772,particulier,0
2821.0,13,4,999,particulier,0
5605.0,18,1,1072,particulier,0
1641.0,19,1,1736,particulier,0
12751.0,23,5,1956,agent,0
3514.0,17,2,692,particulier,0
4874.0,20,1,1768,particulier,0
2624.0,21,7,1885,particulier,0
5767.0,21,1,1034,particulier,0
12607.0,20,3,623,agent,0
2947.0,10,2,2001,particulier,0
14332.0,20,5,2043,particulier,0
1959.0,23,2,2011,agent,0
6307.0,19,4,1908,facture,0
4993.0,15,4,813,particulier,0
1328.0,6,1,855,agent,0
3951.0,23,0,1190,particulier,0
3315.0,18,0,1874,particulier,0
1595.0,23,2,957,particulier,0
4466.0,12,6,575,particulier,0
3731.0,18,2,1358,agent,0
3097.0,4,2,1291,particulier,0
3108.0,8,4,896,particulier,0
3052.0,21,2,472,particulier,0
2410.0,8,2,1818,facture,0
3710.0,23,0,1978,agent,0
1906.0,23,4,1631,facture,0
31517.0,17,6,1438,particulier,0
994.0,17,7,909,agent,0
2004.0,22,4,1355,facture,0
2143.0,10,2,662,particulier,0
18665.0,9,4,1520,agent,0
1073.0,10,3,1155,particulier,0
4732.0,23,4,1207,particulier,0
4069.0,18,4,1516,agent,0
4375.0,15,3,1231,particulier,0
9423.0,10,3,953,agent,0
9260.0,18,4,39,agent,1
2246.0,21,2,795,particulier,0
3885.0,4,2,882,facture,0
676.0,11,4,1719,agent,0
3584.0,23,2,1228,agent,0
1678.0,21,4,1048,particulier,0
2812.0,19,5,1866,particulier,0
786.0,12,2,1279,particulier,0
4648.0,4,4,259,particulier,0
779.0,10,6,1130,particulier,0
3737.0,23,1,1472,agent,0
1162.0,17,2,460,particulier,0
1600.0,17,2,1245,particulier,0
8791.0,17,3,1829,particulier,0
5430.0,11,1,528,particulier,0
8750.0,22,4,1495,facture,0
12404.0,20,3,1264,particulier,0
1708.0,22,2,2040,particulier,0
11780.0,22,8,2053,particulier,0
948.0,20,4,200,particulier,0
6212.0,22,3,1130,agent,0
2166.0,20,3,1571,particulier,0
1494.0,9,1,468,particulier,0
5554.0,10,6,175,particulier,0
7356.0,8,2,178,particulier,0
7172.0,23,2,1307,particulier,0
3955.0,9,7,1829,facture,0
3686.0,19,4,1909,agent,0
5156.0,21,3,1388,particulier,0
4265.0,23,2,1309,particulier,0
5219.0,22,1,498,particulier,0
3918.0,6,2,658,particulier,0
6744.0,18,3,1899,particulier,0
826.0,23,4,1791,agent,0
2947.0,20,2,1780,particulier,0
1016.0,18,3,1881,particulier,0
4168.0,5,2,774,particulier,0
13302.0,21,5,133,particulier,0
2202.0,18,8,1818,agent,0
3671.0,11,4,758,particulier,0
6267.0,11,1,1616,agent,0
568.0,19,2,456,particulier,0
2114.0,21,3,1153,particulier,0
4491.0,4,5,423,particulier,0
281.0,22,5,683,particulier,0
1436.0,17,4,708,particulier,0
8398.0,20,5,1803,particulier,0
7728.0,23,6,1280,particulier,0
4529.0,8,4,1147,facture,0
6973.0,9,2,677,particulier,0
3955.0,22,2,1946,particulier,0
5282.0,11,3,731,agent,0
2519.0,9,5,1844,agent,0
3635.0,22,2,2135,particulier,0
1925.0,7,4,1294,facture,0
9643.0,6,1,118,agent,0
12008.0,16,3,2010,particulier,0
10646.0,21,3,194,particulier,0
2329.0,5,3,1515,particulier,0
1465.0,9,4,2170,particulier,0
9754.0,18,2,1521,agent,0
5231.0,22,0,1337,particulier,0
4356.0,8,4,1127,particulier,0
1923.0,20,5,352,facture,0
4731.0,9,1,1865,particulier,0
1310.0,9,3,132,particulier,0
5647.0,19,1,369,particulier,0
10637.0,13,2,1683,particulier,0
13179.0,20,5,139,facture,0
6016.0,23,1,1011,particulier,0
1018.0,18,4,1191,particulier,0
3896.0,22,5,187,particulier,0
20307.0,6,4,776,particulier,0
1574.0,7,2,2032,facture,0
3133.0,20,3,108,particulier,0
10954.0,8,4,720,particulier,0
5567.0,20,3,1823,particulier,0
27123.0,20,3,723,particulier,0
1767.0,19,5,1923,particulier,0
1420.0,9,3,1710,particulier,0
9325.0,18,3,1435,particulier,0
1192.0,9,5,143,particulier,0
2787.0,22,4,624,particulier,0
3116.0,18,2,846,particulier,0
7947.0,20,5,1962,particulier,0
5553.0,20,2,851,particulier,0
4859.0,10,1,1156,particulier,0
2340.0,20,1,461,particulier,0
9253.0,23,4,835,particulier,0
100907.0,22,3,1350,particulier,1
5929.0,10,6,471,particulier,0
3586.0,23,6,439,agent,0
1093.0,13,2,669,agent,0
1916.0,23,4,103,particulier,0
2747.0,17,2,389,particulier,0
2091.0,8,3,1709,particulier,0
3250.0,19,7,409,particulier,0
14933.0,19,3,1286,agent,0
9510.0,11,5,958,particulier,0
2878.0,8,0,953,particulier,0
1180.0,17,3,73,particulier,0
10268.0,23,2,1650,particulier,0
3160.0,18,2,543,particulier,0
759.0,23,2,2042,particulier,0
6036.0,20,1,749,particulier,0
7878.0,17,3,299,particulier,0
419.0,22,2,508,particulier,0
1635.0,9,4,1457,particulier,0
2999.0,15,5,392,particulier,0
6151.0,20,3,1989,particulier,0
2125.0,21,2,815,particulier,0
1624.0,21,4,67,particulier,0
6113.0,20,3,633,particulier,0
2213.0,11,3,958,particulier,0
5223.0,22,6,741,facture,0
1281.0,8,6,1606,agent,0
1044.0,20,5,1502,particulier,0
6260.0,21,6,474,particulier,0
4083.0,19,2,319,agent,0
7216.0,18,2,508,particulier,0
2095.0,11,4,1958,particulier,0
1676.0,8,2,425,particulier,0
10474.0,18,2,166,particulier,0
903.0,20,0,1235,particulier,0
9545.0,10,2,1320,particulier,0
10122.0,20,4,1366,particulier,0
6844.0,6,1,1000,particulier,0
1836.0,20,2,714,particulier,0
1646.0,23,5,243,particulier,0
2756.0,23,1,1738,particulier,0
1096.0,19,2,1038,particulier,0
1455.0,22,3,300,particulier,0
5699.0,23,3,1379,particulier,0
5721.0,9,2,1896,particulier,0
1350.0,23,1,2168,particulier,0
5853.0,16,3,548,agent,0
4847.0,21,1,1518,particulier,0
11889.0,20,4,960,agent,0
5344.0,16,2,1029,particulier,0
8101.0,9,3,1014,agent,0
4942.0,5,5,1985,agent,0
7578.0,9,2,1519,particulier,0
1103.0,15,1,1249,particulier,0
2971.0,23,8,233,particulier,0
3187.0,16,5,1111,facture,0
2678.0,13,2,924,particulier,0
4804.0,11,2,131,facture,0
5649.0,19,4,1072,particulier,0
4598.0,11,3,1982,particulier,0
2834.0,13,2,1601,particulier,0
1763.0,21,5,961,agent,0
8372.0,20,7,1088,particulier,0
4435.0,17,8,566,particulier,0
1386.0,21,7,1657,agent,0
2794.0,17,5,1571,particulier,0
749.0,17,5,673,particulier,0
3395.0,9,5,96,particulier,0
2783.0,9,3,429,particulier,0
2022.0,20,3,1747,particulier,0
12669.0,20,3,1757,particulier,0
1233.0,10,2,182,particulier,0
6006.0,17,1,696,particulier,0
21135.0,4,1,997,agent,1
8231.0,19,3,115,agent,0
3207.0,11,1,1310,facture,0
1256.0,10,4,579,particulier,0
1035.0,11,1,2096,particulier,0
2322.0,7,1,730,particulier,0
1837.0,21,3,12,agent,0
1787.0,19,1,1578,facture,0
2496.0,6,2,1323,particulier,0
3020.0,21,1,132,particulier,0
4976.0,21,5,1124,particulier,0
1150.0,17,2,1278,particulier,0
1845.0,19,4,511,agent,0
2876.0,21,1,1540,particulier,0
2790.0,20,2,469,particulier,0
15693.0,20,0,439,particulier,0
4013.0,16,1,1277,particulier,0
836.0,8,3,2023,particulier,0
4701.0,20,4,162,agent,0
5239.0,10,3,132,agent,0
2962.0,9,5,683,particulier,0
1175.0,18,4,604,particulier,0
14682.0,16,2,612,agent,0
1327.0,21,4,616,particulier,0
5777.0,14,5,1707,facture,0
3905.0,21,1,2117,particulier,0
5490.0,22,3,1722,agent,0
14056.0,18,2,1557,particulier,0
5310.0,10,0,908,particulier,0
2049.0,19,1,161,particulier,0
8435.0,21,4,2191,particulier,0
1927.0,6,3,1338,particulier,0
3786.0,20,3,1232,facture,0
1098.0,9,3,1008,particulier,0
1369.0,11,2,458,particulier,0
3442.0,21,2,1655,particulier,0
4505.0,23,0,50,particulier,0
775.0,22,1,400,particulier,0
5028.0,5,4,2042,agent,0
1642.0,14,1,1653,particulier,0
9776.0,23,6,2089,particulier,0
2443.0,9,3,357,agent,0
1268.0,20,1,128,particulier,0
3514.0,17,8,1111,particulier,0
1512.0,18,1,2003,facture,0
9688.0,14,6,268,agent,0
3296.0,22,6,2087,agent,0
2896.0,23,2,2131,particulier,0
5448.0,16,3,1785,particulier,0
1402.0,11,6,816,particulier,0
1101.0,11,3,723,particulier,0
4662.0,15,4,439,particulier,0
1294.0,20,6,297,particulier,0
1293.0,22,4,1323,particulier,0
6709.0,17,4,251,particulier,0
5148.0,19,4,1888,particulier,0
1135.0,22,2,2067,particulier,0
1946.0,19,4,1045,facture,0
1528.0,7,3,1745,particulier,0
14911.0,21,3,1859,particulier,0
7116.0,18,0,1219,particulier,0
2304.0,18,2,181,particulier,0
5376.0,9,5,2078,particulier,0
1040.0,23,2,283,particulier,0
1860.0,21,3,266,agent,0
3602.0,23,3,1155,particulier,0
4839.0,22,4,1228,agent,0
3033.0,6,4,2189,agent,0
4068.0,21,1,1659,particulier,0
3521.0,21,1,1672,particulier,0
2867.0,21,4,1612,agent,0
2561.0,19,9,1552,agent,0
2293.0,8,5,2140,particulier,0
4012.0,18,2,1004,particulier,0
4671.0,19,4,288,agent,0
3900.0,23,3,1147,agent,0
1210.0,23,8,266,agent,0
1409.0,20,2,783,particulier,0
4624.0,8,1,1781,particulier,0
11509.0,15,1,1139,particulier,0
3750.0,18,1,1790,particulier,0
2322.0,19,4,982,facture,0
3987.0,11,3,651,particulier,0
1254.0,19,2,1528,particulier,0
10023.0,21,4,821,particulier,0
3861.0,22,9,2012,particulier,0
1865.0,19,3,1262,particulier,0
2859.0,23,1,1314,particulier,0
2105.0,9,3,542,particulier,0
10046.0,23,6,1798,particulier,0
2774.0,8,3,1258,particulier,0
3760.0,22,3,53,particulier,0
5365.0,10,5,1564,particulier,0
1755.0,23,3,1479,agent,0
3884.0,22,2,1025,particulier,0
4160.0,8,8,1238,facture,0
879.0,19,2,173,facture,0
4084.0,23,6,954,agent,0
3169.0,11,2,383,particulier,0
3679.0,11,1,2056,particulier,0
3396.0,11,5,344,particulier,0
4106.0,18,1,60,particulier,0
10268.0,18,3,1375,particulier,0
1209.0,18,4,41,agent,0
2463.0,21,2,1231,agent,0
5806.0,20,3,1816,particulier,0
4958.0,6,1,1418,facture,0
4868.0,8,4,2076,particulier,0
34219.0,21,2,1560,facture,0
5553.0,19,1,575,facture,0
8615.0,21,4,895,agent,0
2538.0,18,6,656,particulier,0
1417.0,11,3,1500,particulier,0
2522.0,23,4,642,particulier,0
6034.0,20,3,1745,particulier,0
4655.0,8,5,2052,agent,0
4641.0,6,2,866,particulier,0
2746.0,20,6,490,agent,0
2398.0,22,2,85,agent,0
2827.0,17,1,1392,agent,0
6099.0,20,5,530,agent,0
6732.0,17,5,78,particulier,0
1401.0,23,2,1061,particulier,0
6298.0,16,3,2049,particulier,0
1895.0,19,4,738,particulier,0
4908.0,16,3,1059,particulier,0
2798.0,7,2,930,agent,0
12468.0,20,4,2135,particulier,0
2309.0,23,6,2081,particulier,0
3835.0,23,3,1883,particulier,0
5517.0,22,2,1939,particulier,0
1567.0,19,6,371,particulier,0
3097.0,20,4,30,particulier,0
2626.0,21,3,1191,particulier,0
2129.0,6,5,604,particulier,0
2267.0,11,0,133,particulier,0
8478.0,17,5,1813,facture,0
1981.0,13,4,755,particulier,0
5332.0,21,2,551,particulier,0
4304.0,22,3,1680,particulier,0
1005.0,18,2,912,particulier,0
5122.0,23,4,766,particulier,0
991.0,23,6,604,particulier,0
5619.0,8,2,842,particulier,0
2141.0,21,3,597,particulier,0
3318.0,21,5,1316,agent,0
1096.0,21,6,371,particulier,0
3656.0,12,2,518,particulier,0
7244.0,21,4,1958,particulier,0
1659.0,10,1,1076,particulier,0
1966.0,18,3,314,particulier,0
4849.0,9,7,69,particulier,0
4953.0,22,1,1298,particulier,0
416.0,22,9,1932,particulier,0
18271.0,23,3,1459,agent,0
5163.0,23,7,1988,particulier,0
5957.0,22,3,759,particulier,0
2916.0,21,2,26,particulier,0
681.0,21,2,1646,particulier,0
5846.0,19,2,977,facture,0
2038.0,22,2,201,agent,0
5231.0,9,2,1792,particulier,0
2735.0,9,2,320,particulier,0
4033.0,5,5,1988,facture,0
1705.0,20,5,296,particulier,0
6869.0,20,3,29,agent,0
1200.0,9,7,1048,particulier,0
22220.0,8,1,1198,agent,1
22076.0,9,3,465,particulier,0
13198.0,14,5,281,particulier,0
9742.0,19,0,1699,agent,0
3066.0,10,4,1973,particulier,0
8880.0,23,3,1247,agent,0
3036.0,21,5,1553,particulier,0
880.0,13,2,679,particulier,0
11822.0,8,1,1757,agent,0
8600.0,23,6,1553,facture,0
3208.0,19,2,1720,facture,0
1163.0,8,3,2133,facture,0
2002.0,19,1,2172,particulier,0
701.0,9,2,1135,agent,0
7356.0,20,2,2034,particulier,0
843.0,19,3,1517,particulier,0
4204.0,11,3,726,particulier,0
1608.0,9,3,556,particulier,0
980.0,20,1,1971,particulier,0
4034.0,20,2,1561,particulier,0
2481.0,20,6,141,particulier,0
6717.0,21,6,964,particulier,0
1122.0,9,3,1546,particulier,0
1731.0,14,2,1789,particulier,0
433.0,10,6,1970,particulier,0
515.0,7,2,1712,particulier,0
15191.0,18,3,1573,particulier,0
19362.0,20,4,1100,particulier,0
3565.0,9,5,845,particulier,0
1636.0,19,3,1977,particulier,0
2556.0,11,2,1062,particulier,0
6923.0,23,2,1484,particulier,0
2128.0,21,5,2022,particulier,0
4032.0,23,4,557,particulier,0
3259.0,21,7,1542,agent,0
2031.0,9,3,1547,particulier,0
2106.0,18,4,758,agent,0
4227.0,21,3,6,agent,0
1436.0,21,3,646,agent,0
4837.0,19,3,1685,particulier,0
2206.0,14,0,248,particulier,0
3671.0,9,1,747,agent,0
10683.0,20,0,1068,particulier,0
2856.0,8,2,200,particulier,0
7200.0,18,8,1331,agent,0
718.0,21,4,62,particulier,0
2209.0,21,3,422,particulier,0
3373.0,7,5,320,agent,0
16896.0,19,2,1895,particulier,0
623.0,11,1,994,particulier,0
3036.0,23,2,197,facture,0
11364.0,19,1,1968,agent,0
1690.0,19,2,770,agent,0
2749.0,22,3,1210,particulier,0
4368.0,18,6,528,particulier,0
3854.0,9,1,658,particulier,0
12468.0,19,5,1334,particulier,0
4823.0,21,1,1461,facture,0
10184.0,15,3,1014,particulier,0
2426.0,20,5,274,particulier,0
1756.0,9,3,1041,particulier,0
2719.0,22,3,1307,particulier,0
1230.0,10,3,1248,particulier,0
4969.0,18,3,1160,agent,0
2373.0,22,6,1877,particulier,0
1861.0,20,2,1287,particulier,0
5033.0,21,2,2066,particulier,0
1246.0,20,1,377,particulier,0
6342.0,20,2,1343,particulier,0
2194.0,19,3,1226,facture,0
8824.0,18,7,76,particulier,1
2359.0,14,4,2094,particulier,0
5637.0,16,3,1215,particulier,0
3838.0,20,6,1745,particulier,0
6200.0,20,0,173,particulier,0
3617.0,20,3,752,agent,0
801.0,11,0,837,facture,0
7766.0,8,4,148,particulier,0
3058.0,22,1,1579,particulier,0
6445.0,23,3,1275,particulier,0
5924.0,20,2,1594,particulier,0
1707.0,12,4,352,agent,0
1514.0,10,2,579,particulier,0
5751.0,20,3,1988,particulier,0
2546.0,11,3,1214,particulier,0
7302.0,16,5,1063,particulier,0
2831.0,21,3,570,facture,0
7863.0,19,3,1072,particulier,0
4721.0,22,3,1896,particulier,0
4208.0,19,3,1840,particulier,0
2397.0,23,4,1488,agent,0
4014.0,17,1,811,particulier,0
9081.0,21,3,1811,particulier,0
3146.0,18,4,1673,particulier,0
5175.0,19,3,1388,particulier,0
3427.0,6,5,635,particulier,0
3663.0,18,4,56,agent,0
14256.0,20,4,1031,agent,0
9150.0,18,6,441,agent,0
3524.0,20,5,472,particulier,0
3953.0,20,3,1942,agent,0
1814.0,19,3,1607,particulier,0
2844.0,23,1,301,particulier,0
4285.0,23,5,361,agent,0
6789.0,5,4,1557,particulier,0
6228.0,22,3,539,particulier,0
1283.0,19,2,434,particulier,0
7559.0,18,5,1332,particulier,0
3055.0,9,4,385,agent,0
1424.0,12,6,203,particulier,0
10259.0,11,5,75,particulier,0
11428.0,9,6,1492,particulier,0
4122.0,23,2,1001,particulier,0
6018.0,21,5,800,particulier,0
6325.0,12,1,161,agent,0
10790.0,19,3,2010,agent,0
6117.0,10,4,1470,agent,0
1066.0,21,1,1501,particulier,0
18185.0,19,6,2022,particulier,0
8150.0,23,1,1743,particulier,0
2136.0,22,0,2036,particulier,0
1373.0,18,4,2064,particulier,0
5060.0,21,3,2007,particulier,0
2601.0,16,3,2014,facture,0
4361.0,20,4,1262,particulier,0
6197.0,11,5,411,agent,0
2036.0,9,4,2121,particulier,0
1276.0,9,4,1683,particulier,0
4573.0,19,3,1203,particulier,0
2094.0,21,2,1518,particulier,0
3730.0,23,4,348,particulier,0
1052.0,21,2,32,particulier,0
2659.0,19,4,1225,particulier,0
6049.0,8,2,2156,particulier,0
5514.0,21,4,1229,agent,0
1686.0,21,3,517,particulier,0
1220.0,22,1,1310,agent,0
3339.0,20,5,1771,particulier,0
5308.0,18,5,1117,particulier,0
4649.0,9,4,295,particulier,0
2132.0,10,0,1526,particulier,0
4244.0,10,6,1983,particulier,0
11814.0,9,5,1765,particulier,0
3922.0,23,6,1553,particulier,0
822.0,14,1,1718,agent,0
3916.0,7,1,788,agent,0
18720.0,23,1,1595,particulier,0
1103.0,7,1,1858,particulier,0
3379.0,9,1,1009,agent,0
2718.0,19,4,295,particulier,0
3574.0,21,3,49,particulier,0
3886.0,21,3,1385,particulier,0
8682.0,8,6,1176,particulier,0
3541.0,11,2,184,particulier,0
9756.0,19,0,1824,particulier,0
2981.0,22,5,30,facture,0
2446.0,21,1,1811,agent,0
1865.0,23,2,682,agent,0
703.0,7,3,592,particulier,0
4165.0,22,5,1797,agent,0
18881.0,23,1,2075,particulier,0
4863.0,17,4,1189,particulier,0
5906.0,18,2,1876,particulier,0
2319.0,8,5,1729,particulier,0
2677.0,20,3,1706,particulier,0
7608.0,21,2,1478,particulier,0
18168.0,10,1,32,particulier,1
11670.0,23,2,110,particulier,0
6532.0,17,2,379,particulier,0
3394.0,23,4,134,particulier,0
3937.0,11,4,701,agent,0
1736.0,17,2,686,agent,0
962.0,18,6,768,facture,0
1264.0,20,4,1869,particulier,0
3437.0,8,5,1314,particulier,0
2570.0,19,2,686,agent,0
945.0,9,0,1700,particulier,0
3192.0,9,2,1889,particulier,0
2513.0,7,4,2196,particulier,0
1216.0,21,2,1209,particulier,0
2405.0,19,2,1278,agent,0
2508.0,8,1,272,particulier,0
1951.0,6,1,874,agent,0
7242.0,12,3,1725,agent,0
654.0,11,6,327,particulier,0
609.0,17,7,1282,particulier,0
3304.0,22,3,337,particulier,0
3575.0,11,2,1329,agent,0
4645.0,20,0,9,facture,0
2084.0,10,4,1593,agent,0
1510.0,9,5,226,particulier,0
3274.0,22,3,597,facture,0
2263.0,21,6,441,particulier,0
12313.0,10,4,1826,particulier,0
2501.0,10,2,147,agent,0
3149.0,23,5,255,facture,0
27014.0,13,3,1058,facture,0
2792.0,8,4,1313,particulier,0
5286.0,6,3,2197,facture,0
5707.0,8,1,1825,particulier,0
6135.0,23,3,983,facture,0
4214.0,22,1,670,particulier,0
3885.0,21,0,1767,particulier,0
3588.0,10,4,2149,particulier,0
2019.0,17,3,1987,particulier,0
4345.0,17,2,1584,particulier,0
18478.0,21,3,325,agent,0
9220.0,20,3,742,facture,0
4266.0,20,3,636,particulier,0
6819.0,11,3,1176,agent,0
1574.0,23,1,1845,particulier,0
2640.0,18,4,252,agent,0
7374.0,22,3,640,agent,0
11662.0,12,7,1473,agent,1
1711.0,17,3,980,agent,0
2184.0,18,3,1270,particulier,0
21040.0,20,6,266,agent,0
3575.0,7,0,1494,particulier,0
15520.0,12,5,1569,particulier,0
3928.0,20,2,473,particulier,0
4061.0,23,2,551,particulier,0
2541.0,22,2,1920,particulier,0
7341.0,11,5,1462,facture,0
10447.0,23,5,1427,particulier,0
1367.0,7,3,547,agent,0
2442.0,9,3,2012,agent,0
7171.0,10,6,651,particulier,0
2951.0,23,6,934,particulier,0
2166.0,22,0,2027,particulier,0
7771.0,19,2,842,agent,0
8416.0,10,3,1495,particulier,0
2248.0,5,3,1162,particulier,0
3946.0,17,5,2033,particulier,0
1179.0,7,4,165,agent,0
1539.0,19,3,705,particulier,0
3661.0,18,4,2016,agent,0
3384.0,18,3,1251,particulier,0
1448.0,4,6,405,particulier,0
1793.0,22,3,118,particulier,0
1332.0,17,2,279,particulier,0
4850.0,19,2,1602,agent,0
619.0,19,4,107,agent,0
1394.0,18,8,515,particulier,0
676.0,23,0,1851,particulier,0
4704.0,11,6,598,particulier,0
712.0,11,3,1054,particulier,0
3385.0,23,3,909,particulier,0
13274.0,11,4,827,facture,0
13663.0,10,2,207,particulier,0
710.0,9,2,65,agent,0
4246.0,20,1,672,particulier,0
1421.0,5,3,310,facture,0
1195.0,20,2,1104,particulier,0
2992.0,22,4,2105,agent,0
9359.0,7,4,2100,particulier,0
5485.0,20,3,1936,facture,0
1794.0,10,4,390,particulier,0
5999.0,22,2,16,agent,0
489.0,21,0,1215,particulier,0
1737.0,16,5,1249,particulier,0
1635.0,8,7,1488,particulier,0
3521.0,20,1,462,particulier,0
2773.0,8,0,1482,particulier,0
2921.0,7,2,5,particulier,0
2840.0,22,5,19,particulier,0
3358.0,20,2,1941,particulier,0
5214.0,11,5,2198,particulier,0
3740.0,10,3,2003,particulier,0
2587.0,20,5,1904,particulier,0
4635.0,17,4,1863,agent,0
6649.0,20,2,588,particulier,0
2054.0,9,1,933,particulier,0
3132.0,23,1,1410,agent,0
8845.0,23,6,741,particulier,0
1290.0,21,4,1700,particulier,0
15275.0,9,1,88,particulier,1
1055.0,19,3,1723,particulier,0
2456.0,11,1,162,particulier,0
1469.0,19,3,1453,particulier,0
21157.0,22,5,195,particulier,0
2148.0,22,3,559,particulier,0
2152.0,8,4,1128,particulier,0
2404.0,8,1,1135,particulier,0
3573.0,19,2,1739,particulier,0
2492.0,18,0,928,particulier,0
2943.0,22,4,1272,facture,0
164.0,19,1,631,particulier,0
3458.0,8,2,1129,agent,0
3345.0,16,5,2147,particulier,0
7965.0,10,1,2197,particulier,0
10024.0,22,5,664,particulier,0
2809.0,6,1,707,agent,0
6593.0,7,4,1810,particulier,0
1292.0,11,2,238,particulier,0
6325.0,21,1,1876,particulier,0
2025.0,9,2,497,particulier,0
1204.0,10,6,217,particulier,0
2814.0,21,1,1254,particulier,0
10834.0,6,2,1673,particulier,0
3842.0,12,1,1858,agent,0
11755.0,19,2,1957,particulier,0
1743.0,17,4,1375,agent,0
8028.0,22,1,1227,particulier,0
1893.0,22,4,1099,particulier,0
3990.0,7,2,951,particulier,0
3961.0,10,1,1913,particulier,0
5781.0,21,2,2037,facture,0
4077.0,19,1,635,particulier,0
1758.0,21,3,593,particulier,0
6962.0,23,1,1571,particulier,0
14356.0,4,2,527,facture,0
2006.0,19,0,1025,particulier,0
692.0,20,4,2092,particulier,0
5036.0,20,4,15,particulier,0
2486.0,9,4,2167,particulier,0
2947.0,17,2,38,particulier,0
5286.0,21,4,263,particulier,0
2235.0,9,7,1632,particulier,0
2621.0,14,2,1356,particulier,0
3026.0,10,1,816,agent,0
11491.0,20,5,1751,particulier,0
3380.0,23,5,368,agent,0
1152.0,19,2,2049,particulier,0
1192.0,15,3,1467,particulier,0
3708.0,18,2,386,particulier,0
1261.0,23,8,701,particulier,0
873.0,17,6,1219,particulier,0
5654.0,8,1,431,particulier,0
5895.0,7,2,1270,agent,0
2409.0,21,2,105,particulier,0
4229.0,19,4,2142,particulier,0
3866.0,18,2,1376,particulier,0
5498.0,22,4,1556,particulier,0
5508.0,23,4,1956,particulier,0
360.0,11,6,1897,particulier,0
2685.0,9,2,1013,particulier,0
5116.0,9,0,664,particulier,0
2324.0,23,3,2167,agent,0
3397.0,11,3,1095,particulier,0
6236.0,8,5,1022,particulier,0
3529.0,18,1,816,facture,0
11870.0,20,4,466,particulier,0
8586.0,23,4,1151,particulier,0
2979.0,21,4,1077,particulier,0
2784.0,8,2,445,particulier,0
292.0,7,4,2126,particulier,0
2496.0,10,3,375,particulier,0
1043.0,18,3,2193,particulier,0
3976.0,20,1,1612,particulier,0
3752.0,20,4,136,particulier,0
5952.0,19,5,715,particulier,0
10799.0,7,4,674,particulier,0
3222.0,18,2,81,particulier,0
22888.0,15,5,1794,particulier,0
4014.0,19,1,253,particulier,0
1082.0,9,2,1628,particulier,0
2043.0,22,4,1608,agent,0
2400.0,18,3,632,particulier,0
5450.0,8,0,1540,agent,0
1473.0,20,3,1013,particulier,0
2557.0,21,0,232,particulier,0
2873.0,23,1,1716,particulier,0
2251.0,21,3,550,particulier,0
6566.0,21,4,467,agent,0
5682.0,23,3,1832,particulier,0
8880.0,22,5,1800,particulier,0
2486.0,21,5,88,particulier,0
9156.0,21,2,1405,particulier,0
1033.0,19,5,655,particulier,0
1012.0,7,3,1093,particulier,0
1174.0,11,4,1174,particulier,0
3320.0,9,3,1039,agent,0
9155.0,12,8,1713,particulier,0
1975.0,22,4,1287,particulier,0
2197.0,18,4,1320,particulier,0
2742.0,19,3,235,particulier,0
5361.0,7,4,1860,particulier,0
2195.0,20,4,2033,facture,0
2094.0,8,7,1160,agent,0
1050.0,19,1,1073,particulier,0
2026.0,20,2,615,particulier,0
8963.0,11,3,1853,particulier,0
3559.0,23,1,1633,particulier,0
1757.0,6,0,1744,particulier,0
9421.0,19,5,1367,particulier,0
2003.0,5,2,1581,facture,0
11014.0,18,5,791,particulier,0
10862.0,20,1,891,particulier,0
3455.0,15,3,1118,particulier,0
922.0,20,4,1205,particulier,0
23065.0,21,3,1087,particulier,0
4579.0,18,3,473,particulier,0
2502.0,8,0,1722,agent,0
7426.0,10,0,596,particulier,0
5985.0,21,3,1462,particulier,0
10040.0,6,2,1020,particulier,0
1876.0,10,4,458,particulier,0
4319.0,22,4,17,particulier,0
1202.0,10,2,105,facture,0
5804.0,23,0,59,particulier,0
3231.0,10,3,1934,particulier,0
4183.0,21,1,1609,particulier,0
2909.0,8,2,1666,particulier,0
2662.0,18,4,1948,agent,0
1575.0,20,2,1704,particulier,0
6450.0,7,3,1057,particulier,0
11687.0,10,4,704,particulier,0
2053.0,20,2,747,agent,0
5274.0,22,1,849,agent,0
4757.0,9,4,1691,particulier,0
3317.0,21,2,386,particulier,0
900.0,21,1,765,particulier,0
1090.0,20,4,1255,particulier,0
1696.0,23,4,1251,particulier,0
535.0,6,4,1637,particulier,0
10903.0,21,3,1590,particulier,0
4503.0,23,4,2015,particulier,0
3212.0,19,3,1860,agent,0
512.0,7,2,779,agent,0
699.0,19,4,2108,particulier,0
3288.0,18,1,2124,particulier,0
17587.0,12,3,1795,particulier,0
1819.0,23,2,1452,particulier,0
6865.0,8,4,1753,particulier,0
2191.0,19,3,348,particulier,0
3453.0,10,1,987,particulier,0
9251.0,20,1,2056,particulier,0
2455.0,21,1,205,particulier,0
1832.0,22,2,459,particulier,0
10997.0,20,2,391,particulier,0
3425.0,4,5,545,particulier,0
8329.0,23,2,1737,particulier,0
1840.0,11,3,2059,facture,0
10891.0,19,5,1963,agent,0
4157.0,8,3,1675,particulier,0
4767.0,8,3,1681,particulier,0
3684.0,17,1,335,particulier,0
2144.0,19,9,1339,particulier,0
3290.0,6,3,2012,particulier,0
2262.0,10,1,2046,particulier,0
7447.0,19,1,1195,agent,0
2772.0,22,6,454,particulier,0
923.0,8,6,2090,particulier,0
790.0,23,3,204,agent,0
759.0,12,2,1786,particulier,0
5571.0,9,3,2011,particulier,0
1238.0,5,4,1933,particulier,0
4252.0,9,4,1065,agent,0
3700.0,9,4,467,agent,0
3118.0,21,4,1725,facture,0
4782.0,7,3,251,particulier,0
3769.0,19,5,296,particulier,0
329.0,15,3,2013,agent,0
2502.0,21,3,59,agent,0
4728.0,20,3,840,particulier,0
13283.0,23,2,1286,facture,0
13815.0,23,6,822,agent,0
1034.0,18,2,71,particulier,0
2447.0,23,2,300,particulier,0
870.0,21,6,659,particulier,0
11991.0,8,1,927,particulier,0
7793.0,18,6,1703,particulier,0
4438.0,5,4,1551,particulier,0
3794.0,11,3,244,particulier,0
10652.0,9,2,1834,particulier,0
9225.0,18,2,988,particulier,0
8816.0,19,3,1092,particulier,0
4857.0,20,2,690,particulier,0
2448.0,22,5,46,particulier,0
6324.0,5,5,1115,particulier,0
6592.0,18,5,1452,agent,0
2802.0,9,2,1156,particulier,0
2444.0,19,1,658,particulier,0
8633.0,9,3,1100,particulier,0
13555.0,19,5,576,agent,0
1742.0,8,1,983,particulier,0
2634.0,9,3,395,agent,0
4439.0,23,3,1857,particulier,0
4982.0,22,3,338,particulier,0
2113.0,22,3,974,particulier,0
16334.0,19,2,1501,particulier,0
4716.0,23,2,1347,particulier,0
5175.0,10,1,1899,agent,0
14692.0,18,3,1098,particulier,0
2249.0,15,3,1505,particulier,0
3056.0,21,5,2157,particulier,0
1135.0,23,1,2053,agent,0
2846.0,9,5,524,agent,0
929.0,18,5,2002,agent,0
6221.0,20,2,1678,particulier,0
4708.0,23,3,86,particulier,0
2603.0,9,3,130,agent,0
3025.0,19,2,600,particulier,0
6293.0,2,2,958,agent,0
1255.0,22,6,903,agent,0
3919.0,9,9,609,agent,0
5970.0,20,4,1229,agent,0
724.0,7,4,1908,facture,0
5897.0,14,1,1698,agent,0
794.0,23,3,1351,particulier,0
2981.0,23,3,436,agent,0
1226.0,8,5,922,particulier,0
11121.0,23,4,744,agent,0
1232.0,10,3,485,particulier,0
810.0,9,5,1948,agent,0
3690.0,23,3,1232,particulier,0
2318.0,16,3,1909,particulier,0
917.0,19,4,898,agent,0
5151.0,18,1,2096,facture,0
606.0,21,4,718,particulier,0
1365.0,8,2,1586,particulier,0
2020.0,22,7,493,agent,0
6515.0,7,4,2052,particulier,0
9908.0,22,2,961,agent,0
8412.0,20,1,52,agent,0
2892.0,21,5,680,particulier,0
419.0,22,6,146,particulier,0
4593.0,23,1,1839,particulier,0
11499.0,11,5,1287,particulier,0
9402.0,21,2,764,particulier,0
4883.0,23,4,44,particulier,0
1199.0,7,7,770,particulier,0
2108.0,6,1,58,facture,0
17047.0,19,3,9,particulier,1
988.0,20,4,967,particulier,0
1242.0,22,1,2025,particulier,0
7341.0,23,1,548,agent,0
2284.0,19,5,1032,agent,0
1207.0,22,5,1802,facture,0
12074.0,18,5,1889,agent,0
4875.0,8,1,1918,particulier,0
2381.0,21,4,1630,agent,0
1244.0,20,3,2145,agent,0
18775.0,10,3,1699,facture,0
3227.0,23,2,2057,facture,0
10805.0,9,2,1503,particulier,0
7042.0,11,4,918,particulier,0
2116.0,5,4,1570,particulier,0
2130.0,7,2,185,particulier,0
11264.0,21,2,1171,particulier,0
11420.0,5,6,766,particulier,0
668.0,10,2,882,agent,0
5257.0,23,6,898,particulier,0
2972.0,22,5,1756,particulier,0
1369.0,23,4,733,particulier,0
4115.0,16,3,1578,agent,0
1046.0,23,3,2111,particulier,0
2216.0,20,4,2089,particulier,0
1671.0,20,6,657,particulier,0
2154.0,21,3,1538,particulier,0
3100.0,19,4,1810,facture,0
1390.0,20,2,60,agent,0
12547.0,23,4,2198,particulier,0
5010.0,16,3,1019,particulier,0
15144.0,23,3,2122,particulier,0
2875.0,8,5,277,agent,0
2066.0,20,3,486,particulier,0
14686.0,23,2,185,agent,0
2016.0,9,1,1791,facture,0
2831.0,11,1,1536,particulier,0
6076.0,19,3,1897,particulier,0
1150.0,23,2,156,particulier,0
6031.0,8,2,247,agent,0
5409.0,20,0,2116,agent,0
9691.0,17,4,1271,particulier,0
7020.0,22,5,1372,particulier,0
9947.0,20,0,1350,particulier,0
2999.0,18,1,99,particulier,0
1582.0,9,3,1968,particulier,0
19801.0,6,2,799,particulier,0
900.0,21,2,448,particulier,0
980.0,8,1,475,particulier,0
5326.0,9,2,1547,agent,0
13111.0,12,1,815,particulier,0
3870.0,15,6,169,particulier,0
7703.0,10,0,2190,particulier,0
604.0,19,1,1292,particulier,0
2155.0,23,4,429,particulier,0
670.0,20,6,831,particulier,0
6395.0,8,5,320,particulier,0
884.0,11,3,1600,particulier,0
1112.0,11,4,488,facture,0
5100.0,7,8,1637,particulier,0
8124.0,13,7,1281,particulier,0
2878.0,21,5,1810,particulier,0
5349.0,21,1,1083,particulier,0
5204.0,20,5,506,particulier,0
2743.0,19,4,874,particulier,0
1299.0,7,3,1203,particulier,0
5325.0,7,3,400,particulier,0
5548.0,18,3,567,particulier,0
7044.0,21,5,1650,particulier,0
4295.0,23,1,86,particulier,0
1220.0,13,5,372,particulier,0
5924.0,12,4,868,particulier,0
3291.0,16,5,2176,particulier,0
2186.0,10,3,1946,facture,0
2565.0,17,2,1436,facture,0
1832.0,23,3,1616,particulier,0
7013.0,16,1,1400,particulier,0
987.0,8,6,1065,particulier,0
1416.0,6,2,1547,particulier,0
2491.0,22,3,2077,particulier,0
12987.0,10,5,1334,particulier,0
8072.0,12,4,2172,particulier,0
817.0,10,3,686,agent,0
10390.0,23,1,255,particulier,0
10373.0,23,1,1343,agent,0
1215.0,19,3,1861,particulier,0
386.0,5,3,984,particulier,0
3098.0,20,3,1001,particulier,0
8553.0,21,3,958,particulier,0
12741.0,9,3,2099,particulier,0
1572.0,21,3,1488,particulier,0
14606.0,14,1,1419,agent,0
496.0,4,3,261,particulier,0
2409.0,22,2,223,particulier,0
2311.0,19,5,224,particulier,0
8773.0,21,4,1193,particulier,0
9932.0,21,3,1580,particulier,0
7414.0,22,6,1296,particulier,0
1045.0,21,5,1747,facture,0
6858.0,23,3,1674,agent,0
5078.0,17,2,704,particulier,0
796.0,12,5,1856,particulier,0
569.0,23,4,770,particulier,0
7961.0,10,5,1755,particulier,0
2827.0,6,5,30,particulier,0
1105.0,11,1,166,agent,0
2760.0,23,7,2156,particulier,0
4489.0,21,2,1763,agent,0
3070.0,17,5,56,particulier,0
881.0,23,3,1165,particulier,0
16362.0,18,4,608,particulier,0
7736.0,15,5,695,agent,0
2477.0,23,2,1058,particulier,0
2564.0,23,4,1221,agent,0
4472.0,9,3,1630,particulier,0
1261.0,6,2,649,particulier,0
4334.0,12,1,2075,particulier,0
1063.0,19,2,2077,agent,0
3103.0,19,4,1292,agent,0
1220.0,20,3,1531,particulier,0
1274.0,19,3,1638,particulier,0
13345.0,9,2,901,particulier,0
3465.0,7,3,1794,particulier,0
3930.0,22,7,586,particulier,0
596.0,9,8,1950,particulier,0
1983.0,19,4,1266,agent,0
4876.0,19,4,295,particulier,0
3886.0,7,2,729,particulier,0
528.0,23,4,1826,particulier,0
3929.0,19,5,491,particulier,0
4499.0,21,2,76,particulier,0
9810.0,22,5,365,particulier,0
1888.0,20,3,763,particulier,0
490.0,7,5,152,agent,0
1412.0,22,6,1366,particulier,0
1297.0,12,7,1373,particulier,0
6162.0,10,2,411,particulier,0
327.0,8,8,57,particulier,0
2250.0,5,3,49,facture,0
11069.0,13,4,1832,particulier,0
3315.0,17,3,895,agent,0
7058.0,12,6,165,particulier,0
816.0,20,6,915,particulier,0
844.0,22,4,1678,particulier,0
11177.0,19,3,1258,particulier,0
3590.0,20,2,1505,agent,0
3597.0,9,6,453,agent,0
1274.0,6,2,1331,particulier,0
3589.0,11,5,1224,particulier,0
1244.0,23,3,465,particulier,0
9035.0,21,4,2118,particulier,0
33478.0,20,5,239,particulier,0
4971.0,20,3,401,particulier,0
1920.0,23,3,41,agent,0
382.0,8,3,799,particulier,0
787.0,8,4,2189,particulier,0
12353.0,20,3,1544,particulier,0
1374.0,17,5,2126,agent,0
2404.0,22,4,1239,particulier,0
5750.0,19,3,794,particulier,0
11614.0,17,2,525,particulier,0
2780.0,16,1,444,particulier,0
2336.0,11,3,1502,particulier,0
3501.0,15,3,743,particulier,0
1932.0,18,3,324,particulier,0
2023.0,19,2,1991,particulier,0
4676.0,23,2,625,particulier,0
3856.0,7,8,1594,particulier,0
20168.0,21,1,1329,facture,0
4784.0,5,4,1857,particulier,0
8765.0,14,2,1190,particulier,0
1325.0,21,3,267,particulier,0
5148.0,21,5,217,particulier,0
1782.0,11,4,1187,particulier,0
4611.0,16,3,721,particulier,0
5915.0,9,4,360,particulier,0
3437.0,8,3,246,particulier,0
25495.0,17,2,1908,particulier,0
11090.0,23,1,933,agent,0
8961.0,11,5,1025,particulier,0
6308.0,8,1,18,particulier,0
14748.0,22,3,112,particulier,0
971.0,6,2,1651,particulier,0
10559.0,19,5,305,particulier,0
1419.0,8,5,2067,agent,0
2039.0,21,5,1055,agent,0
5309.0,21,4,910,particulier,0
9398.0,23,5,685,particulier,0
1236.0,5,2,1877,particulier,0
2131.0,22,4,1549,particulier,0
3579.0,11,0,815,agent,0
2812.0,23,3,2137,particulier,0
6809.0,19,4,1837,particulier,0
61117.0,17,4,1683,particulier,1
4705.0,10,5,1493,particulier,0
1764.0,17,4,1315,particulier,0
1094.0,10,4,1092,particulier,0
2499.0,10,4,1304,agent,0
1481.0,12,0,438,particulier,0
4902.0,8,3,1401,agent,0
4838.0,21,2,233,particulier,0
2222.0,21,4,123,particulier,0
17805.0,17,2,457,particulier,0
1763.0,18,3,246,particulier,0
2976.0,10,3,322,particulier,0
5672.0,22,3,1500,particulier,0
7032.0,23,2,1071,agent,0
9759.0,21,2,943,particulier,0
4742.0,8,3,1970,agent,0
8049.0,19,3,1631,particulier,0
1872.0,9,4,504,agent,0
7189.0,23,3,971,particulier,0
7108.0,21,2,210,particulier,0
11920.0,9,4,1640,particulier,0
798.0,23,1,101,particulier,0
1524.0,23,4,1539,particulier,0
6632.0,7,4,810,particulier,0
346.0,21,1,742,particulier,0
5005.0,20,5,1911,particulier,0
8110.0,11,2,1677,agent,0
2018.0,20,3,128,facture,0
2285.0,9,4,1766,agent,0
1322.0,7,7,899,particulier,0
2115.0,16,3,2070,agent,0
2167.0,16,0,1961,particulier,0
1844.0,20,2,211,particulier,0
1760.0,22,1,911,particulier,0
2617.0,21,2,384,particulier,0
2590.0,9,2,230,agent,0
16204.0,11,2,1962,particulier,0
2357.0,10,1,200,agent,0
4414.0,11,6,1570,agent,0
2018.0,19,4,356,facture,0
1996.0,21,4,2156,particulier,0
774.0,20,4,1701,particulier,0
866.0,23,5,43,facture,0
1181.0,2,4,240,agent,0
3851.0,9,4,655,agent,0
8223.0,11,3,1733,particulier,0
722.0,17,3,182,particulier,0
2066.0,23,4,388,particulier,0
1031.0,22,2,2188,particulier,0
2632.0,20,2,245,particulier,0
8221.0,21,0,1953,agent,0
2253.0,11,4,985,particulier,0
3164.0,16,4,143,agent,0
11350.0,12,3,1803,particulier,0
4862.0,6,1,1219,particulier,0
1727.0,20,5,612,particulier,0
3771.0,20,1,137,particulier,0
1630.0,10,1,416,particulier,0
4710.0,11,2,1442,agent,0
5105.0,19,3,1330,particulier,0
1031.0,9,4,436,particulier,0
3823.0,17,2,2051,particulier,0
2981.0,21,2,419,particulier,0
5234.0,19,1,1701,particulier,0
6678.0,21,4,1392,particulier,0
4944.0,20,4,2112,particulier,0
2546.0,8,5,1225,particulier,0
7283.0,22,4,1557,particulier,0
1569.0,22,5,510,particulier,0
1072.0,8,6,671,particulier,0
218.0,22,6,698,particulier,0
3104.0,20,3,1011,particulier,0
1639.0,19,4,863,agent,0
4620.0,21,5,548,particulier,0
617.0,23,3,502,particulier,0
1901.0,9,6,175,particulier,0
4913.0,8,2,179,agent,0
1373.0,22,3,503,agent,0
4665.0,21,4,92,particulier,0
2052.0,5,1,1590,particulier,0
3204.0,21,2,2021,particulier,0
5464.0,21,5,912,agent,0
7405.0,18,4,1975,facture,0
3564.0,10,2,1928,particulier,0
1649.0,8,3,1213,particulier,0
2232.0,21,4,322,particulier,0
5661.0,19,4,1102,particulier,0
1383.0,10,6,1240,agent,0
2832.0,22,4,1809,facture,0
2373.0,20,3,1642,particulier,0
3017.0,9,3,2101,particulier,0
1397.0,20,4,1232,particulier,0
683.0,20,3,329,particulier,0
5129.0,12,7,536,facture,0
7476.0,9,4,710,particulier,0
718.0,23,6,1269,agent,0
4508.0,23,3,2150,agent,0
8273.0,20,5,535,particulier,0
5467.0,19,4,845,particulier,0
2312.0,19,4,173,particulier,0
1477.0,21,5,1166,particulier,0
3529.0,19,3,1314,particulier,0
4067.0,20,2,309,particulier,0
3574.0,18,6,1147,agent,0
2827.0,22,4,982,agent,0
1313.0,21,7,1002,particulier,0
4719.0,10,3,1648,particulier,0
4916.0,20,3,1626,particulier,0
3908.0,8,2,620,particulier,0
3620.0,21,6,2110,particulier,0
13730.0,10,4,290,agent,0
1938.0,23,2,742,particulier,0
9791.0,10,2,33,particulier,0
1765.0,7,3,63,particulier,0
8456.0,22,1,878,particulier,0
9399.0,8,6,907,particulier,0
2568.0,8,6,871,particulier,0
13519.0,14,4,32,agent,1
4908.0,15,4,923,agent,0
1563.0,23,3,1149,agent,0
2397.0,6,2,124,agent,0
8629.0,23,3,2191,particulier,0
7220.0,23,1,856,facture,0
1340.0,19,1,1599,particulier,0
2927.0,20,8,1523,particulier,0
3917.0,10,7,1766,facture,0
2140.0,11,3,483,particulier,0
24444.0,12,0,790,particulier,0
4018.0,9,4,1439,agent,0
3126.0,8,2,1931,particulier,0
9065.0,8,2,1413,agent,0
2415.0,22,5,1785,particulier,0
7757.0,10,2,753,agent,0
798.0,10,5,85,particulier,0
2240.0,7,4,1264,agent,0
8036.0,9,6,343,particulier,0
12515.0,16,1,16,particulier,0
1707.0,18,4,1903,agent,0
1546.0,23,2,2089,particulier,0
5337.0,8,0,1518,particulier,0
1940.0,18,2,459,particulier,0
2622.0,23,3,284,particulier,0
6939.0,18,2,2147,particulier,0
2075.0,19,2,1975,particulier,0
620.0,20,3,1229,agent,0
1090.0,20,4,221,particulier,0
3322.0,19,2,535,particulier,0
676.0,21,5,1646,facture,0
2559.0,6,5,1739,agent,0
1009.0,17,6,729,particulier,0
13279.0,10,1,1725,particulier,0
20751.0,23,1,1208,particulier,0
1340.0,20,1,338,facture,0
4098.0,19,3,1994,agent,0
1456.0,18,0,2126,particulier,0
2533.0,23,4,587,particulier,0
15259.0,23,2,458,particulier,0
2216.0,20,2,434,particulier,0
2583.0,5,3,1463,particulier,0
1479.0,19,4,1377,particulier,0
8728.0,20,6,2186,particulier,0
206.0,16,2,1704,agent,0
2261.0,16,4,808,agent,0
3168.0,19,2,1698,particulier,0
1878.0,19,3,194,particulier,0
6864.0,9,3,1806,particulier,0
9152.0,22,4,778,particulier,0
992.0,9,2,390,particulier,0
19525.0,18,3,1784,facture,0
983.0,19,5,1113,particulier,0
9851.0,7,4,924,particulier,0
3742.0,22,4,1858,particulier,0
2147.0,9,1,1384,particulier,0
2326.0,8,2,836,particulier,0
3202.0,19,5,2177,particulier,0
3933.0,22,1,1416,agent,0
1507.0,18,1,269,particulier,0
2700.0,23,5,769,particulier,0
1711.0,22,3,1323,particulier,0
1173.0,15,5,1989,particulier,0
1645.0,7,1,322,particulier,0
1240.0,7,0,973,particulier,0
2305.0,12,4,1885,facture,0
4758.0,19,4,1673,particulier,0
3650.0,23,4,1424,particulier,0
17645.0,19,2,1203,agent,0
503.0,17,1,569,particulier,0
4910.0,19,2,1528,particulier,0
3312.0,20,1,679,agent,0
6590.0,8,3,927,particulier,0
6057.0,23,2,1266,particulier,0
2863.0,10,3,1778,particulier,0
3815.0,22,3,118,agent,0
1750.0,22,0,711,particulier,0
5550.0,10,7,1669,particulier,0
667.0,23,3,1564,particulier,0
6376.0,23,4,399,particulier,0
3230.0,10,2,290,particulier,0
2178.0,21,2,2075,particulier,0
2704.0,19,3,1725,particulier,0
2878.0,21,4,1255,agent,0
9924.0,7,4,1321,particulier,0
51455.0,18,5,765,particulier,1
9292.0,23,3,496,facture,0
2037.0,7,1,609,particulier,0
5627.0,20,5,1420,facture,0
5839.0,22,2,543,particulier,0
1501.0,9,4,1757,agent,0
1128.0,22,2,1205,particulier,0
3122.0,14,4,341,agent,0
6546.0,5,7,384,particulier,0
837.0,10,6,836,particulier,0
1785.0,20,6,321,agent,0
5360.0,21,5,947,particulier,0
3413.0,10,3,1730,particulier,0
10980.0,22,1,251,facture,0
993.0,20,4,225,particulier,0
24327.0,20,9,1053,particulier,1
891.0,16,0,1986,particulier,0
587.0,8,3,668,particulier,0
3134.0,7,2,333,agent,0
1256.0,23,8,1628,particulier,0
3188.0,20,4,73,particulier,0
3094.0,23,3,1740,particulier,0
2789.0,23,0,596,particulier,0
1610.0,23,5,207,agent,0
4759.0,12,3,1291,particulier,0
2516.0,18,2,569,particulier,0
8418.0,12,2,2039,agent,0
2826.0,20,4,525,agent,0
1451.0,20,3,73,particulier,0
785.0,10,2,179,particulier,0
2846.0,20,4,1409,particulier,0
1120.0,13,6,409,particulier,0
1046.0,20,3,689,particulier,0
5158.0,21,6,239,particulier,0
727.0,19,3,89,particulier,0
10942.0,9,4,499,particulier,0
3774.0,21,3,2155,agent,0
3174.0,23,2,1969,agent,0
1367.0,23,7,1011,agent,0
6309.0,9,3,2074,facture,0
3286.0,20,1,1615,agent,0
1839.0,10,0,955,particulier,0
3904.0,23,2,869,agent,0
788.0,13,0,1228,particulier,0
821.0,11,1,299,particulier,0
1271.0,5,3,1734,particulier,0
4434.0,12,4,1884,agent,0
3285.0,18,4,1480,particulier,0
8036.0,22,5,542,particulier,0
1507.0,21,5,1681,particulier,0
5369.0,20,6,1141,particulier,0
2991.0,22,4,986,particulier,0
1478.0,13,1,300,particulier,0
4571.0,19,4,379,particulier,0
3115.0,6,3,334,particulier,0
1930.0,10,3,673,particulier,0
3414.0,20,3,2137,particulier,0
2951.0,18,4,293,particulier,0
2891.0,23,4,843,particulier,0
2320.0,22,2,355,particulier,0
1087.0,19,2,2090,facture,0
3511.0,16,2,827,agent,0
1665.0,8,4,293,particulier,0
1384.0,20,0,1171,particulier,0
2685.0,19,2,1001,particulier,0
6148.0,23,5,427,agent,0
3857.0,17,2,517,agent,0
2098.0,21,2,1065,particulier,0
2027.0,8,3,787,particulier,0
5656.0,20,6,2036,facture,0
430.0,16,6,1209,particulier,0
6488.0,10,6,2183,particulier,0
670.0,21,1,1762,particulier,0
989.0,22,4,1150,agent,0
2128.0,5,4,699,particulier,0
20840.0,13,6,1679,particulier,0
13709.0,16,4,1371,particulier,0
6006.0,20,3,326,particulier,0
4461.0,14,1,564,agent,0
677.0,23,5,646,particulier,0
3764.0,17,5,1346,particulier,0
2066.0,7,2,310,particulier,0
1646.0,11,3,982,particulier,0
3758.0,19,5,1918,agent,0
2207.0,23,1,26,particulier,0
6897.0,23,2,610,particulier,0
636.0,7,7,194,particulier,0
3511.0,7,1,1882,particulier,0
1561.0,5,3,812,facture,0
2326.0,20,2,192,particulier,0
4268.0,11,3,1800,particulier,0
1274.0,19,3,492,facture,0
3788.0,20,5,1721,particulier,0
2750.0,10,3,717,particulier,0
1879.0,20,3,1779,particulier,0
2208.0,22,4,1584,agent,0
2889.0,21,8,1986,particulier,0
1715.0,3,0,2132,facture,0
3314.0,23,3,497,particulier,0
2601.0,23,1,1861,particulier,0
1959.0,20,3,224,facture,0
12726.0,10,1,44,agent,1
4689.0,9,1,1299,particulier,0
2380.0,23,1,160,particulier,0
3729.0,7,3,1592,particulier,0
1376.0,23,4,318,particulier,0
2273.0,23,2,1591,agent,0
2510.0,22,3,169,particulier,0
1142.0,19,6,1854,particulier,0
4579.0,20,3,1822,particulier,0
2144.0,23,4,1052,particulier,0
2435.0,23,3,736,particulier,0
2032.0,7,2,1954,agent,0
40751.0,23,3,400,facture,0
1876.0,8,4,1312,agent,0
568.0,13,4,1140,particulier,0
846.0,21,4,1984,particulier,0
6282.0,9,5,1842,facture,0
10260.0,16,1,1678,agent,0
1845.0,23,6,471,particulier,0
9770.0,8,1,1758,particulier,0
6188.0,19,2,471,particulier,0
2804.0,20,2,835,particulier,0
2640.0,11,0,833,particulier,0
3842.0,14,3,1655,particulier,0
6945.0,23,4,1478,particulier,0
4618.0,23,3,1165,particulier,0
1853.0,9,5,1627,particulier,0
2841.0,8,4,318,particulier,0
17749.0,20,4,762,particulier,0
4079.0,12,0,1411,particulier,0
6898.0,20,5,1560,particulier,0
5213.0,18,3,2015,particulier,0
4156.0,8,0,1979,particulier,0
3613.0,12,2,1100,particulier,0
7064.0,19,3,1399,particulier,0
6068.0,9,3,1722,particulier,0
4123.0,18,4,282,agent,0
1827.0,19,4,404,agent,0
4572.0,8,1,2107,particulier,0
3112.0,21,6,2034,particulier,0
2535.0,23,2,750,particulier,0
32111.0,14,4,1144,particulier,0
891.0,22,3,956,particulier,0
7441.0,9,7,1477,agent,0
1582.0,18,5,612,particulier,0
3683.0,16,5,833,particulier,0
29240.0,9,0,782,particulier,1
1454.0,7,4,1657,particulier,0
1781.0,12,1,1661,particulier,0
3246.0,11,4,1199,agent,0
1603.0,8,2,1472,particulier,0
6984.0,9,2,989,particulier,0
2092.0,17,2,2062,particulier,0
5744.0,17,4,184,agent,0
1064.0,20,2,769,particulier,0
709.0,7,2,1780,particulier,0
2712.0,11,2,1553,particulier,0
869.0,11,4,107,particulier,0
11974.0,23,4,2026,facture,0
898.0,11,0,1424,particulier,0
1364.0,17,3,1982,particulier,0
4682.0,16,3,2110,particulier,0
2001.0,21,5,705,agent,0
906.0,19,5,1117,particulier,0
18657.0,10,4,1303,particulier,0
1406.0,20,4,280,particulier,0
2788.0,20,2,373,particulier,0
2758.0,12,2,347,particulier,0
6026.0,23,2,1093,particulier,0
4880.0,21,4,1258,particulier,0
1631.0,18,1,1137,particulier,0
2498.0,19,1,524,particulier,0
2717.0,8,3,1647,particulier,0
6227.0,23,3,493,particulier,0
1220.0,17,3,1302,facture,0
18314.0,23,3,2155,particulier,0
1728.0,19,4,2070,facture,0
3270.0,22,1,1270,particulier,0
1229.0,23,5,1967,particulier,0
1093.0,9,4,1719,particulier,0
1567.0,22,5,1674,particulier,0
1444.0,10,4,1261,particulier,0
2317.0,8,4,1232,particulier,0
1434.0,19,2,1426,particulier,0
5950.0,15,2,382,agent,0
1693.0,9,2,157,particulier,0
1541.0,21,4,1278,agent,0
2359.0,10,2,1969,particulier,0
7661.0,21,1,692,particulier,0
3955.0,23,5,2176,particulier,0
3027.0,9,1,1076,particulier,0
974.0,8,2,1891,particulier,0
1247.0,21,6,684,particulier,0
1111.0,8,2,1032,particulier,0
10005.0,23,2,532,agent,0
5172.0,17,5,857,agent,0
1584.0,8,1,1809,particulier,0
2039.0,23,5,625,particulier,0
1634.0,21,7,1541,particulier,0
1552.0,23,1,1017,particulier,0
4872.0,11,1,26,particulier,0
2580.0,19,2,723,particulier,0
19322.0,6,3,1368,facture,0
9536.0,8,1,1489,particulier,0
10027.0,13,3,1199,particulier,0
5829.0,21,2,2176,particulier,0
2300.0,20,4,1563,particulier,0
5476.0,9,3,400,particulier,0
2449.0,22,0,1651,particulier,0
13170.0,20,4,1067,particulier,0
4645.0,19,5,203,agent,0
4118.0,8,1,1749,particulier,0
3670.0,8,4,262,agent,0
14461.0,22,1,1113,facture,0
974.0,22,2,1141,particulier,0
15718.0,10,2,1240,particulier,0
2812.0,20,4,501,particulier,0
997.0,8,2,1952,particulier,0
1738.0,20,3,1426,facture,0
810.0,22,1,1680,particulier,0
5742.0,22,1,116,particulier,0
1363.0,21,2,135,particulier,0
3802.0,21,3,1178,particulier,0
8639.0,9,4,91,particulier,0
1861.0,19,4,1522,particulier,0
2623.0,4,6,418,particulier,0
1088.0,18,5,1361,particulier,0
2368.0,21,1,1017,particulier,0
29376.0,21,2,1815,agent,1
6382.0,20,3,634,particulier,0
2631.0,22,2,1243,particulier,0
1959.0,9,2,462,agent,0
3177.0,18,1,838,particulier,0
3680.0,22,2,1779,agent,0
2307.0,19,4,420,facture,0
5170.0,8,4,1167,particulier,0
1465.0,22,5,814,particulier,0
1459.0,18,2,2127,particulier,0
4513.0,20,2,1210,agent,0
1220.0,21,4,1770,facture,0
6122.0,20,4,1530,particulier,0
3255.0,12,4,2187,agent,0
697.0,18,5,1551,particulier,0
3616.0,19,2,860,particulier,0
787.0,18,2,2129,particulier,0
5939.0,20,6,165,particulier,0
2667.0,8,3,332,particulier,0
15890.0,10,0,1741,particulier,0
8190.0,20,1,2070,agent,0
1337.0,11,3,936,particulier,0
591.0,21,2,852,particulier,0
1734.0,21,3,511,particulier,0
1167.0,7,2,1120,particulier,0
15551.0,10,6,1064,particulier,0
3266.0,18,4,897,particulier,0
7284.0,15,1,2003,particulier,0
2586.0,7,4,1718,agent,0
2828.0,19,1,732,facture,0
3204.0,17,3,1189,particulier,0
8438.0,19,4,1343,particulier,0
4294.0,7,3,1896,particulier,0
1341.0,19,4,791,agent,0
13084.0,21,4,1446,particulier,0
2569.0,19,4,1964,particulier,0
2237.0,19,2,732,facture,0
297.0,14,5,1565,particulier,0
5649.0,20,5,1560,particulier,0
3590.0,6,4,1071,facture,0
3587.0,13,3,973,agent,0
2339.0,23,5,1357,agent,0
2020.0,8,2,1043,particulier,0
2406.0,23,4,19,particulier,0
4884.0,19,4,1593,particulier,0
5672.0,23,2,390,particulier,0
2707.0,18,3,998,particulier,0
7381.0,20,1,1559,particulier,0
3081.0,21,2,1592,particulier,0
2146.0,21,2,64,agent,0
3900.0,9,4,536,agent,0
1037.0,17,4,569,particulier,0
4015.0,22,3,348,particulier,0
888.0,13,5,468,particulier,0
1375.0,20,1,1813,particulier,0
592.0,11,8,1586,agent,0
2839.0,8,3,1312,particulier,0
12941.0,19,7,154,particulier,0
2982.0,16,3,837,facture,0
5693.0,8,4,1358,particulier,0
24330.0,5,4,1118,particulier,0
4645.0,9,5,1220,facture,0
1719.0,6,2,191,particulier,0
1932.0,17,4,769,particulier,0
3296.0,18,7,175,particulier,0
1924.0,15,1,594,particulier,0
2050.0,22,4,1056,particulier,0
7612.0,20,6,213,agent,0
7881.0,18,2,533,particulier,0
813.0,7,1,1740,particulier,0
1643.0,7,2,273,particulier,0
2221.0,21,5,1468,agent,0
5482.0,21,1,1245,agent,0
8705.0,18,1,1037,agent,0
32750.0,23,2,1933,particulier,1
2218.0,9,5,224,particulier,0
2314.0,21,6,240,particulier,0
5433.0,10,4,877,particulier,0
1845.0,18,4,1201,particulier,0
2922.0,9,3,100,agent,0
2315.0,20,4,1251,particulier,0
355.0,10,3,1162,particulier,0
3658.0,20,5,1003,particulier,0
2821.0,11,3,57,particulier,0
9706.0,7,4,1993,particulier,0
3310.0,21,4,1370,agent,0
1134.0,8,2,528,agent,0
2646.0,20,5,1247,particulier,0
557.0,20,1,116,particulier,0
1177.0,19,3,1731,particulier,0
5654.0,18,5,1794,agent,0
2670.0,7,2,1643,particulier,0
7217.0,9,2,1204,particulier,0
619.0,22,3,1982,particulier,0
2681.0,7,4,963,particulier,0
2199.0,19,5,2035,particulier,0
7424.0,21,2,823,particulier,0
5836.0,5,2,2091,particulier,0
5687.0,20,3,85,particulier,0
12212.0,21,3,1665,agent,0
2409.0,22,4,2187,particulier,0
10248.0,22,5,1051,particulier,0
1356.0,18,6,2053,particulier,0
1315.0,22,5,1621,particulier,0
6247.0,23,6,1917,particulier,0
917.0,8,0,385,particulier,0
5361.0,23,0,1898,particulier,0
3591.0,4,1,761,particulier,0
8193.0,7,1,5,particulier,0
3132.0,18,2,1181,particulier,0
3455.0,19,3,2177,particulier,0
5079.0,22,5,880,agent,0
1876.0,12,2,1210,particulier,0
1808.0,6,3,149,agent,0
4931.0,21,4,294,agent,0
3213.0,23,2,959,particulier,0
2330.0,19,1,1057,particulier,0
3071.0,20,3,909,agent,0
12777.0,19,1,721,particulier,0
2261.0,18,2,1260,agent,0
2206.0,16,1,685,particulier,0
772.0,12,4,593,particulier,0
3178.0,19,1,667,particulier,0
5758.0,20,1,2116,agent,0
6706.0,22,3,233,particulier,0
3612.0,8,4,664,particulier,0
7424.0,18,3,540,agent,0
6134.0,20,3,89,particulier,0
8485.0,19,5,212,particulier,0
7606.0,11,1,1351,particulier,0
12512.0,22,4,317,particulier,0
2852.0,9,0,16,particulier,0
1066.0,11,2,708,particulier,0
5792.0,8,1,1708,particulier,0
6396.0,6,8,262,particulier,0
12513.0,21,2,1704,particulier,0
9790.0,18,5,2043,particulier,0
17217.0,13,0,536,particulier,0
5580.0,11,3,1243,agent,0
4002.0,10,1,845,agent,0
1015.0,18,4,1676,particulier,0
4281.0,11,3,1163,particulier,0
2060.0,19,3,25,particulier,0
3943.0,21,3,1069,agent,0
3451.0,17,4,1970,agent,0
4920.0,23,2,1102,agent,0
3033.0,15,7,1269,particulier,0
7294.0,19,2,833,particulier,0
325.0,17,3,1675,facture,0
3872.0,10,2,262,particulier,0
9156.0,12,4,474,particulier,0
16148.0,10,2,298,particulier,0
6137.0,9,3,1229,facture,0
13796.0,10,1,968,agent,0
3803.0,9,3,1692,particulier,0
3302.0,19,3,1431,agent,0
5167.0,19,0,973,particulier,0
3286.0,8,2,1317,particulier,0
1694.0,20,3,925,particulier,0
2126.0,9,3,376,particulier,0
1280.0,17,3,898,particulier,0
5162.0,17,7,2096,particulier,0
3327.0,19,1,56,agent,0
2425.0,7,6,227,agent,0
2035.0,21,2,198,particulier,0
5061.0,23,3,1601,particulier,0
6396.0,17,1,1827,particulier,0
1260.0,21,3,1388,particulier,0
1103.0,19,3,173,particulier,0
7416.0,9,3,1994,agent,0
1024.0,20,3,1526,agent,0
5247.0,8,7,2185,particulier,0
13022.0,21,4,1191,particulier,0
13047.0,10,3,5,particulier,1
6168.0,11,7,996,particulier,0
6018.0,6,3,866,facture,0
22340.0,9,3,2056,particulier,0
453.0,23,4,108,particulier,0
2220.0,20,4,1322,particulier,0
6777.0,23,2,1718,particulier,0
2473.0,22,4,54,particulier,0
9450.0,18,7,1173,particulier,0
3186.0,21,3,1858,particulier,0
3685.0,8,5,988,agent,0
2608.0,19,4,1715,facture,0
2113.0,21,6,635,particulier,0
2069.0,16,6,1734,particulier,0
4148.0,23,4,1189,particulier,0
1706.0,22,2,723,particulier,0
7407.0,10,8,36,particulier,1
5740.0,22,6,688,particulier,0
8388.0,9,4,1271,facture,0
1262.0,23,2,1029,particulier,0
777.0,23,2,233,particulier,0
3283.0,23,2,1390,particulier,0
38715.0,20,2,1628,particulier,0
9665.0,22,4,423,particulier,0
2056.0,19,3,2039,particulier,0
4726.0,8,6,1998,facture,0
6115.0,10,5,175,particulier,0
1030.0,17,3,676,particulier,0
10553.0,8,2,389,agent,0
2857.0,9,8,987,particulier,0
3050.0,21,0,1040,particulier,0
3362.0,23,7,1374,agent,0
8716.0,19,5,504,particulier,0
1734.0,11,2,1830,particulier,0
772.0,20,2,381,agent,0
4335.0,19,3,1444,particulier,0
580.0,22,4,114,agent,0
2551.0,23,1,1330,particulier,0
9035.0,23,5,1066,agent,0
5390.0,23,2,1302,particulier,0
7990.0,9,3,53,particulier,1
5582.0,20,3,981,particulier,0
25560.0,22,1,2058,particulier,0
1998.0,19,3,1543,particulier,0
4621.0,19,3,1169,particulier,0
2270.0,9,3,2150,particulier,0
7430.0,11,1,540,particulier,0
3126.0,13,1,880,particulier,0
14200.0,20,3,1127,agent,0
2098.0,11,3,1097,particulier,0
10895.0,12,2,780,particulier,0
5454.0,23,3,1664,facture,0
3205.0,10,3,79,particulier,0
5224.0,11,3,1643,particulier,0
4114.0,10,5,53,particulier,0
4458.0,21,6,1980,agent,0
2763.0,22,1,523,agent,0
1815.0,12,2,67,particulier,0
2478.0,18,1,838,particulier,0
788.0,11,2,1080,particulier,0
6739.0,23,3,2049,particulier,0
1153.0,16,0,33,particulier,0
2738.0,5,2,1529,particulier,0
5715.0,21,4,1210,agent,0
6724.0,22,3,442,particulier,0
729.0,7,4,215,particulier,0
3047.0,10,1,1863,particulier,0
4870.0,17,5,437,agent,0
3443.0,17,2,2168,agent,0
10326.0,22,0,979,particulier,0
1638.0,19,1,1273,particulier,0
577.0,12,1,881,particulier,0
6560.0,6,3,377,facture,0
2087.0,20,6,1317,agent,0
739.0,23,0,803,facture,0
2879.0,18,2,1611,particulier,0
9377.0,20,3,1222,particulier,0
1126.0,18,2,1959,particulier,0
23995.0,9,4,1243,particulier,0
1616.0,8,5,2136,particulier,0
3547.0,22,3,1164,particulier,0
1169.0,9,5,1323,particulier,0
3413.0,16,2,1592,particulier,0
2940.0,20,5,2158,particulier,0
929.0,17,1,265,agent,0
36386.0,21,9,216,particulier,1
2162.0,22,3,931,particulier,0
2164.0,9,3,1139,particulier,0
7508.0,20,5,1856,particulier,0
15400.0,17,6,561,agent,0
8582.0,21,3,350,agent,0
1187.0,9,4,1810,particulier,0
3951.0,20,7,2101,particulier,0
666.0,9,2,689,agent,0
7090.0,7,5,836,agent,0
821.0,21,4,495,particulier,0
1664.0,20,3,935,particulier,0
3286.0,18,3,133,agent,0
4809.0,22,3,1400,particulier,0
2639.0,19,2,1020,particulier,0
11983.0,9,7,1874,particulier,0
6092.0,9,3,2063,agent,0
5699.0,21,7,274,particulier,0
1159.0,17,4,1780,agent,0
13967.0,20,1,782,particulier,0
1665.0,23,2,1918,particulier,0
14428.0,23,5,2181,particulier,0
18377.0,7,2,1058,particulier,0
5094.0,21,4,768,particulier,0
7921.0,18,6,1502,particulier,0
240.0,8,1,623,facture,0
2791.0,19,6,1881,particulier,0
8407.0,7,1,1689,particulier,0
7229.0,9,5,1909,agent,0
1168.0,23,2,724,particulier,0
2567.0,14,4,222,particulier,0
381.0,7,2,2122,particulier,0
4680.0,23,0,470,particulier,0
665.0,23,1,1496,particulier,0
8612.0,12,0,1869,particulier,0
9003.0,19,4,425,particulier,0
2201.0,21,3,2039,particulier,0
5131.0,22,3,1344,particulier,0
2739.0,20,5,2020,agent,0
4047.0,12,7,1724,particulier,0
1242.0,9,3,144,particulier,0
5592.0,20,4,623,agent,0
816.0,18,2,1367,agent,0
695.0,9,2,1195,agent,0
2970.0,23,3,1413,particulier,0
2753.0,22,2,2043,agent,0
4152.0,22,3,1543,particulier,0
1897.0,20,6,967,particulier,0
16364.0,22,2,628,agent,0
3776.0,18,6,505,particulier,0
4016.0,21,2,1913,particulier,0
3896.0,21,6,1880,particulier,0
7727.0,9,4,745,facture,0
5376.0,20,2,956,particulier,0
4797.0,7,6,551,particulier,0
6158.0,19,4,602,particulier,0
699.0,19,2,1738,agent,0
721.0,16,4,111,particulier,0
3088.0,23,5,1403,particulier,0
2785.0,23,0,222,particulier,0
5393.0,18,1,902,agent,0
3351.0,23,4,607,particulier,0
5402.0,20,2,1302,particulier,0
1143.0,20,3,451,agent,0
3265.0,8,4,1538,agent,0
1054.0,19,5,189,agent,0
4577.0,8,4,404,agent,0
667.0,18,4,2018,particulier,0
4430.0,19,3,485,particulier,0
945.0,19,2,758,particulier,0
2378.0,10,1,2025,particulier,0
7049.0,21,4,252,facture,0
3997.0,13,4,621,particulier,0
813.0,9,2,1953,particulier,0
1860.0,23,2,2144,particulier,0
919.0,19,2,1323,particulier,0
780.0,23,4,1115,particulier,0
3641.0,18,3,1985,agent,0
5304.0,6,5,1435,particulier,0
4791.0,6,5,709,particulier,0
5499.0,21,7,2191,particulier,0
3261.0,20,3,1319,particulier,0
2611.0,20,7,1727,agent,0
1323.0,8,5,121,particulier,0
2266.0,19,2,2123,agent,0
1072.0,6,4,1182,particulier,0
1606.0,22,3,1434,agent,0
3553.0,7,1,370,particulier,0
2981.0,19,4,872,particulier,0
44579.0,18,1,349,particulier,1
1050.0,7,1,1040,particulier,0
2962.0,9,4,324,agent,0
982.0,15,3,1356,particulier,0
2369.0,10,5,312,particulier,0
2453.0,19,5,2014,agent,0
6756.0,20,2,181,agent,0
2248.0,22,1,575,agent,0
2800.0,18,2,450,particulier,0
2285.0,9,4,895,agent,0
1001.0,19,6,91,particulier,0
1893.0,23,2,1479,particulier,0
2381.0,8,1,883,particulier,0
3508.0,20,6,195,particulier,0
5298.0,18,1,560,particulier,0
2699.0,22,3,1237,particulier,0
2659.0,9,4,900,particulier,0
763.0,19,2,918,particulier,0
5212.0,8,2,556,agent,0
1823.0,6,1,23,agent,0
6217.0,11,2,88,particulier,0
10087.0,10,2,1531,agent,0
2808.0,20,2,1306,facture,0
1380.0,11,2,1079,facture,0
3248.0,20,1,1289,particulier,0
4431.0,22,5,2169,particulier,0
2519.0,18,3,855,particulier,0
2040.0,6,1,542,particulier,0
5319.0,17,5,2067,facture,0
5029.0,9,0,817,facture,0
2454.0,9,2,1352,particulier,0
808.0,22,3,1491,particulier,0
4856.0,21,1,1689,particulier,0
1716.0,21,5,901,particulier,0
3953.0,20,0,1879,particulier,0
3746.0,10,3,1491,particulier,0
661.0,21,1,1866,agent,0
3530.0,21,3,861,particulier,0
5102.0,23,4,918,particulier,0
5662.0,20,2,1487,particulier,0
3640.0,21,4,719,particulier,0
614.0,21,4,495,agent,0
9755.0,10,4,725,particulier,0
4672.0,23,3,1172,particulier,0
1185.0,18,0,1961,agent,0
1686.0,22,1,357,facture,0
4010.0,9,5,139,agent,0
5871.0,9,5,25,particulier,0
2176.0,23,5,1579,particulier,0
6646.0,15,4,1097,particulier,0
718.0,6,3,1551,particulier,0
1358.0,6,2,1906,particulier,0
570.0,18,5,331,particulier,0
1536.0,7,4,1187,particulier,0
11871.0,18,3,631,facture,0
18942.0,22,4,1606,particulier,0
4021.0,11,4,898,particulier,0
1915.0,23,0,1432,particulier,0
2729.0,22,1,1426,agent,0
4926.0,7,3,43,facture,0
873.0,10,7,1739,particulier,0
2025.0,17,1,1270,particulier,0
11155.0,6,2,610,particulier,0
1354.0,20,4,215,particulier,0
1743.0,10,2,135,particulier,0
3332.0,13,5,50,particulier,0
4191.0,10,1,1809,facture,0
1937.0,9,3,360,particulier,0
3517.0,11,1,934,particulier,0
5523.0,6,5,1611,facture,0
17452.0,17,5,184,particulier,0
2959.0,23,5,1895,agent,0
3181.0,19,4,599,particulier,0
12068.0,23,1,1431,particulier,0
2066.0,13,3,773,particulier,0
1069.0,23,4,1150,particulier,0
4075.0,3,3,243,particulier,0
8223.0,19,2,746,particulier,0
4478.0,19,6,1152,particulier,0
3034.0,23,5,1022,particulier,0
962.0,20,3,1973,particulier,0
3135.0,23,1,2152,agent,0
9397.0,22,0,193,agent,0
1154.0,20,2,1673,particulier,0
2676.0,9,2,1245,particulier,0
2370.0,23,6,2174,particulier,0
1821.0,9,3,313,agent,0
4067.0,12,1,406,agent,0
4802.0,19,3,605,particulier,0
4760.0,21,2,1131,agent,0
1436.0,9,7,1758,agent,0
813.0,6,6,565,particulier,0
4118.0,23,2,569,agent,0
2143.0,12,3,82,facture,0
15718.0,23,0,1786,particulier,0
16348.0,19,3,1506,particulier,0
17892.0,22,6,985,particulier,0
1482.0,9,4,885,particulier,0
5345.0,23,6,232,agent,0
6907.0,23,3,1436,particulier,0
6277.0,21,2,2177,agent,0
2438.0,23,4,93,particulier,0
9772.0,18,1,69,particulier,0
3296.0,23,7,511,agent,0
3673.0,9,2,1693,particulier,0
891.0,7,0,1894,particulier,0
5699.0,23,6,1103,particulier,0
2640.0,23,3,426,agent,0
4891.0,23,1,1097,particulier,0
4023.0,9,6,744,particulier,0
3842.0,17,5,418,agent,0
3169.0,8,1,237,agent,0
6429.0,16,1,1997,facture,0
2782.0,20,0,581,particulier,0
956.0,19,4,678,particulier,0
5343.0,22,2,1853,particulier,0
1656.0,19,2,286,particulier,0
1069.0,19,3,1928,particulier,0
1382.0,22,6,1651,particulier,0
4192.0,6,4,776,particulier,0
3035.0,21,3,1796,particulier,0
538.0,12,1,776,particulier,0
2378.0,8,2,1304,facture,0
8900.0,22,4,1671,particulier,0
2245.0,21,5,1609,particulier,0
2862.0,20,3,1668,particulier,0
7995.0,13,1,2108,particulier,0
6478.0,9,2,424,facture,0
7852.0,14,2,1436,particulier,0
312.0,20,3,760,particulier,0
14379.0,8,6,353,facture,0
5659.0,23,3,1913,particulier,0
26696.0,18,1,1635,agent,0
1694.0,22,3,234,particulier,0
736.0,21,3,1936,facture,0
3315.0,21,1,997,agent,0
2607.0,23,1,645,particulier,0
5742.0,4,3,1144,particulier,0
8215.0,21,2,690,particulier,0
3059.0,9,2,1998,agent,0
2685.0,20,5,333,particulier,0
5137.0,17,0,597,particulier,0
2649.0,20,4,370,particulier,0
2468.0,7,2,1075,particulier,0
7955.0,12,1,944,agent,0
9612.0,20,4,502,particulier,0
8278.0,21,3,1598,particulier,0
2856.0,20,1,121,particulier,0
534.0,23,5,1864,particulier,0
2905.0,11,4,1611,particulier,0
1730.0,6,2,622,agent,0
2951.0,17,2,1638,particulier,0
1862.0,15,5,28,particulier,0
3237.0,20,3,1622,particulier,0
1362.0,7,4,1936,particulier,0
1109.0,21,4,1069,facture,0
9314.0,23,6,1991,particulier,0
1445.0,11,6,533,particulier,0
3295.0,19,3,71,agent,0
7416.0,20,3,487,agent,0
7166.0,19,7,1939,agent,0
6474.0,8,2,1902,particulier,0
4262.0,8,2,974,agent,0
6096.0,22,4,428,particulier,0
10584.0,23,3,179,agent,0
4728.0,18,3,879,agent,0
691.0,8,8,1504,particulier,0
2102.0,18,3,111,agent,0
5955.0,21,4,572,particulier,0
1933.0,23,4,884,particulier,0
13057.0,11,8,333,particulier,0
3122.0,21,4,2083,particulier,0
3542.0,23,5,1519,particulier,0
8570.0,19,4,549,particulier,0
2820.0,8,0,318,particulier,0
3827.0,6,5,1334,particulier,0
7075.0,10,1,1249,particulier,0
943.0,20,0,837,agent,0
2585.0,17,4,613,particulier,0
6666.0,18,6,1842,particulier,0
3483.0,8,2,1139,particulier,0
11467.0,3,4,613,particulier,0
863.0,19,2,1067,particulier,0
783.0,23,6,353,particulier,0
6337.0,21,10,1977,particulier,0
6877.0,9,4,1509,agent,0
2795.0,17,2,2048,particulier,0
4630.0,21,4,404,particulier,0
6207.0,23,1,1350,agent,0
1649.0,19,0,1362,facture,0
1807.0,19,1,296,facture,0
3871.0,8,4,2061,particulier,0
7104.0,9,5,457,particulier,0
1223.0,22,0,1291,particulier,0
2784.0,16,3,1216,agent,0
2677.0,12,5,501,agent,0
4700.0,10,5,1603,particulier,0
3270.0,18,6,1242,particulier,0
2071.0,9,4,182,facture,0
9521.0,5,2,604,particulier,0
2083.0,11,4,1403,particulier,0
2570.0,18,2,810,particulier,0
852.0,22,1,354,particulier,0
1796.0,20,3,1722,particulier,0
5109.0,8,4,2117,particulier,0
4326.0,12,5,209,particulier,0
5484.0,10,3,154,particulier,0
5262.0,19,6,1147,agent,0
19430.0,15,3,1012,particulier,0
1745.0,8,3,1039,particulier,0
832.0,3,6,321,agent,0
1349.0,7,3,568,particulier,0
1811.0,20,5,2131,facture,0
1439.0,4,2,300,particulier,0
3567.0,6,3,1397,particulier,0
9554.0,4,4,312,particulier,0
12194.0,20,7,945,agent,1
5058.0,5,4,2115,facture,0
20335.0,21,2,471,particulier,0
2433.0,23,3,486,particulier,0
823.0,16,4,316,particulier,0
8064.0,22,4,1957,particulier,0
690.0,13,1,1680,particulier,0
1734.0,21,7,350,particulier,0
5126.0,19,5,301,agent,0
3020.0,8,3,74,agent,0
2801.0,19,4,378,particulier,0
1208.0,23,4,68,particulier,0
3264.0,23,2,1516,particulier,0
7732.0,23,2,1395,particulier,0
3351.0,23,3,1885,facture,0
1627.0,10,3,1195,particulier,0
1141.0,20,6,678,particulier,0
1655.0,21,4,1929,particulier,0
4598.0,23,5,1342,particulier,0
4412.0,11,2,796,particulier,0
1668.0,20,2,1600,particulier,0
503.0,13,3,205,facture,0
4708.0,16,5,1547,facture,0
1536.0,18,3,395,particulier,0
5918.0,18,2,1159,particulier,0
1732.0,19,3,1025,particulier,0
1423.0,22,5,237,particulier,0
3753.0,20,3,470,particulier,0
24442.0,8,4,1212,agent,1
6227.0,21,5,1310,agent,0
3699.0,21,5,476,agent,0
4469.0,20,2,250,particulier,0
744.0,23,4,243,particulier,0
1269.0,10,6,1395,particulier,0
390.0,10,4,2027,particulier,0
14334.0,11,2,1068,agent,0
12068.0,20,2,900,particulier,0
4600.0,12,1,1704,agent,0
3695.0,10,3,293,particulier,0
881.0,17,3,392,particulier,0
2734.0,18,2,2076,facture,0
15116.0,23,3,1065,facture,0
3684.0,15,4,305,particulier,0
2039.0,20,7,852,particulier,0
739.0,19,5,2158,particulier,0
10649.0,20,2,1736,particulier,0
3104.0,23,3,233,particulier,0
740.0,10,4,900,particulier,0
1502.0,19,2,260,particulier,0
1112.0,22,4,1339,particulier,0
2945.0,18,2,2010,particulier,0
3929.0,6,3,957,particulier,0
2148.0,21,2,262,agent,0
6377.0,21,3,142,facture,0
3523.0,19,0,1846,agent,0
8127.0,22,4,1197,particulier,0
2432.0,7,3,530,particulier,0
43850.0,11,4,1957,particulier,1
2039.0,22,3,2111,particulier,0
1529.0,19,5,1313,particulier,0
1377.0,22,4,209,agent,0
2754.0,23,4,1858,particulier,0
764.0,20,2,1786,facture,0
4232.0,19,2,109,agent,0
652.0,23,3,2160,particulier,0
3780.0,7,3,1511,particulier,0
1045.0,6,4,390,agent,0
2382.0,19,2,1260,particulier,0
5507.0,9,2,1248,particulier,0
23352.0,12,2,247,particulier,0
1318.0,21,4,1586,agent,0
2899.0,9,1,343,particulier,0
1781.0,20,2,167,particulier,0
1573.0,20,4,1565,agent,0
1794.0,9,4,1464,particulier,0
6637.0,23,3,886,particulier,0
2176.0,21,4,1739,particulier,0
22290.0,20,3,1265,agent,0
4692.0,10,4,600,agent,0
1396.0,6,6,2154,particulier,0
2412.0,18,2,501,agent,0
1666.0,21,8,1014,particulier,0
6503.0,20,3,2089,agent,0
818.0,8,2,123,particulier,0
1054.0,20,0,1538,particulier,0
1993.0,7,5,2102,particulier,0
5887.0,19,3,1105,particulier,0
9397.0,18,4,443,particulier,0
10652.0,19,1,1642,agent,0
5168.0,22,0,2060,agent,0
3070.0,19,4,1103,particulier,0
6473.0,8,5,349,particulier,0
1245.0,22,1,2073,particulier,0
687.0,20,1,723,particulier,0
4775.0,22,3,2135,particulier,0
1401.0,20,5,901,particulier,0
3117.0,8,2,893,agent,0
3647.0,8,7,1521,particulier,0
4068.0,10,6,438,facture,0
7311.0,18,3,2096,particulier,0
6683.0,21,1,425,particulier,0
3888.0,20,0,1516,particulier,0
2263.0,18,2,672,particulier,0
3610.0,14,3,1314,agent,0
1985.0,22,4,1600,particulier,0
2788.0,23,2,782,particulier,0
30499.0,9,5,27,particulier,1
3846.0,9,6,1998,particulier,0
4831.0,23,5,476,particulier,0
1809.0,9,2,2139,facture,0
7841.0,8,4,1571,particulier,0
6287.0,19,2,2085,particulier,0
6325.0,10,2,2047,agent,0
3955.0,9,4,124,particulier,0
7935.0,23,2,2174,particulier,0
9710.0,9,3,849,particulier,0
4191.0,21,2,153,particulier,0
2989.0,15,1,1401,agent,0
7047.0,11,1,1408,particulier,0
1528.0,22,1,1421,particulier,0
1790.0,21,4,2064,particulier,0
3149.0,19,2,1405,particulier,0
750.0,9,0,430,particulier,0
6657.0,10,7,486,particulier,0
1453.0,21,2,1416,particulier,0
2207.0,23,0,1423,particulier,0
2748.0,22,0,1937,agent,0
3406.0,18,4,829,particulier,0
2460.0,20,0,363,particulier,0
3111.0,8,7,1554,particulier,0
3132.0,23,6,192,particulier,0
2253.0,23,3,1442,particulier,0
1707.0,7,5,344,particulier,0
8261.0,20,0,1302,particulier,0
551.0,22,4,397,particulier,0
2766.0,23,0,735,facture,0
2212.0,23,3,1943,agent,0
4703.0,9,5,951,agent,0
957.0,22,2,306,facture,0
2154.0,11,3,938,particulier,0
3020.0,19,4,336,particulier,0
8181.0,17,5,1530,facture,0
4369.0,7,1,842,particulier,0
1205.0,11,4,1056,agent,0
2177.0,10,2,826,particulier,0
6996.0,18,5,993,particulier,0
1187.0,21,3,635,particulier,0
3081.0,21,1,1223,particulier,0
3269.0,17,4,547,particulier,0
2373.0,9,3,5,particulier,0
32578.0,19,2,1381,facture,1
2320.0,17,2,1505,agent,0
4829.0,22,2,1048,particulier,0
1718.0,20,5,282,particulier,0
5159.0,10,2,920,agent,0
6906.0,21,2,22,particulier,0
1999.0,10,1,2008,agent,0
3145.0,20,3,2109,particulier,0
1539.0,5,4,1442,agent,0
1245.0,21,3,1552,particulier,0
7953.0,22,7,298,particulier,0
2057.0,19,3,1261,particulier,0
423.0,21,2,881,particulier,0
14773.0,11,2,332,agent,0
1666.0,15,2,1166,particulier,0
2672.0,20,2,1624,particulier,0
13290.0,19,4,1002,particulier,0
2921.0,23,4,327,agent,0
2867.0,22,2,1925,particulier,0
1160.0,15,7,1335,particulier,0
821.0,23,6,202,agent,0
2860.0,22,2,733,agent,0
4485.0,11,1,349,agent,0
4271.0,20,2,1666,agent,0
2188.0,12,4,1907,particulier,0
3352.0,12,5,1645,particulier,0
691.0,23,5,1397,particulier,0
4871.0,17,3,1221,particulier,0
3779.0,17,5,100,particulier,0
17634.0,8,3,290,particulier,0
3315.0,17,1,1278,particulier,0
1478.0,22,5,1122,particulier,0
3155.0,22,4,2133,particulier,0
2493.0,10,5,1714,particulier,0
4767.0,10,4,1561,particulier,0
3371.0,21,2,2008,particulier,0
1129.0,10,1,343,particulier,0
820.0,17,4,2125,agent,0
4119.0,23,4,731,agent,0
10675.0,22,6,562,particulier,0
3524.0,11,3,1137,particulier,0
6577.0,7,4,2160,agent,0
7792.0,21,3,140,agent,0
4133.0,18,2,211,particulier,0
1649.0,17,3,382,particulier,0
3889.0,23,3,1541,particulier,0
9191.0,18,2,810,particulier,0
5169.0,18,4,777,agent,0
6223.0,19,8,1603,particulier,0
2223.0,21,3,321,particulier,0
2774.0,19,5,407,agent,0
2978.0,19,2,842,agent,0
3154.0,23,6,994,particulier,0
8891.0,20,2,268,particulier,0
448.0,9,5,1171,particulier,0
3381.0,21,2,994,particulier,0
3079.0,21,3,1182,facture,0
1027.0,21,1,1658,facture,0
5831.0,22,2,2011,particulier,0
1780.0,2,3,2109,particulier,0
2432.0,23,3,1537,particulier,0
15859.0,17,3,1209,particulier,0
7774.0,23,2,1884,particulier,0
5369.0,18,1,14,agent,0
4554.0,3,4,2120,agent,0
2864.0,6,5,872,particulier,0
18024.0,20,2,2024,particulier,0
6515.0,19,3,127,particulier,0
1742.0,18,5,1865,particulier,0
1002.0,23,2,1801,particulier,0
5334.0,18,0,1266,facture,0
3142.0,15,4,213,particulier,0
978.0,20,2,370,facture,0
4742.0,23,3,1301,particulier,0
2621.0,18,7,418,particulier,0
5172.0,18,4,1081,particulier,0
4796.0,13,2,1202,agent,0
1964.0,23,3,1153,particulier,0
5642.0,11,3,1098,particulier,0
2158.0,18,1,861,particulier,0
2280.0,21,2,1090,particulier,0
2096.0,21,5,1515,particulier,0
8616.0,22,6,240,particulier,0
2595.0,9,1,193,particulier,0
10578.0,7,3,1473,agent,0
15002.0,23,3,1148,particulier,0
1758.0,21,2,1751,agent,0
275.0,22,2,2074,particulier,0
8005.0,10,1,1287,agent,0
2463.0,23,5,829,facture,0
1578.0,10,3,1490,particulier,0
1997.0,19,2,1868,particulier,0
2316.0,22,1,1078,facture,0
9923.0,18,3,1784,particulier,0
3774.0,6,3,1293,particulier,0
9809.0,11,2,1470,facture,0
5014.0,20,2,295,particulier,0
2533.0,20,5,1083,particulier,0
2364.0,21,3,251,facture,0
5310.0,20,1,559,facture,0
6617.0,8,3,688,particulier,0
7687.0,19,6,356,particulier,0
2638.0,6,2,1037,agent,0
3824.0,20,5,1513,particulier,0
5412.0,7,5,582,particulier,0
2377.0,6,3,1180,particulier,0
1256.0,21,4,1668,particulier,0
1660.0,9,5,1452,particulier,0
2684.0,20,4,1504,agent,0
5784.0,13,3,798,particulier,0
9606.0,15,3,951,particulier,0
1040.0,18,5,1964,particulier,0
1983.0,22,6,535,facture,0
2430.0,8,2,1724,particulier,0
6474.0,9,3,659,particulier,0
2103.0,23,6,1019,facture,0
2286.0,13,4,309,particulier,0
992.0,8,2,854,agent,0
4969.0,10,4,119,particulier,0
2872.0,19,2,1247,particulier,0
1889.0,19,1,133,particulier,0
2642.0,23,4,2114,particulier,0
8586.0,9,4,58,particulier,0
1402.0,19,1,1252,particulier,0
1611.0,8,5,1671,particulier,0
9551.0,10,3,806,facture,0
3514.0,17,5,227,particulier,0
5821.0,8,2,1299,particulier,0
4635.0,19,4,1203,particulier,0
3197.0,20,0,673,particulier,0
2450.0,22,3,597,agent,0
6680.0,8,1,813,particulier,0
8848.0,10,3,70,particulier,0
8280.0,11,5,939,particulier,0
1203.0,22,3,1863,particulier,0
9988.0,23,2,1350,particulier,0
2430.0,6,3,2107,particulier,0
1734.0,5,2,1534,particulier,0
2853.0,8,6,1647,particulier,0
6677.0,10,5,1068,particulier,0
5216.0,6,5,1753,particulier,0
2652.0,16,2,817,particulier,0
6714.0,7,3,1890,particulier,0
3710.0,19,3,1309,particulier,0
2024.0,15,3,205,particulier,0
1805.0,21,4,1040,particulier,0
4669.0,6,3,1120,agent,0
3071.0,20,3,1663,particulier,0
1023.0,17,1,1007,agent,0
6769.0,23,1,1304,particulier,0
2190.0,9,2,1875,particulier,0
12750.0,9,5,1240,agent,0
1000.0,6,3,194,particulier,0
2825.0,20,1,242,particulier,0
1817.0,22,2,686,agent,0
1438.0,8,4,251,particulier,0
2178.0,10,3,1893,particulier,0
14839.0,4,2,1014,agent,1
3721.0,19,7,2172,agent,0
1681.0,13,4,856,facture,0
696.0,20,4,437,particulier,0
763.0,9,4,2123,particulier,0
2088.0,17,2,347,particulier,0
1922.0,20,3,499,particulier,0
2723.0,20,4,625,particulier,0
478.0,11,5,406,particulier,0
3047.0,8,2,1561,particulier,0
7892.0,11,3,1721,particulier,0
13088.0,21,8,1246,agent,1
658.0,8,5,1826,facture,0
1667.0,23,1,311,particulier,0
1594.0,21,4,1231,facture,0
3729.0,9,5,618,particulier,0
1168.0,20,3,1644,particulier,0
13766.0,21,5,526,particulier,0
3419.0,20,4,383,agent,0
2967.0,14,3,1103,particulier,0
12757.0,20,1,1704,agent,0
3250.0,23,3,376,particulier,0
4630.0,14,2,1186,particulier,0
1740.0,9,3,1592,particulier,0
1028.0,22,2,565,particulier,0
1961.0,20,3,45,agent,0
21140.0,21,0,740,particulier,0
5642.0,23,1,226,particulier,0
4160.0,21,2,226,agent,0
1437.0,11,3,632,particulier,0
7148.0,23,4,1572,particulier,0
1039.0,21,1,767,particulier,0
870.0,18,0,1770,particulier,0
2049.0,20,3,586,particulier,0
17349.0,12,2,97,facture,0
16535.0,10,3,1398,facture,0
2245.0,10,1,1190,particulier,0
1857.0,19,2,491,particulier,0
817.0,22,6,9,particulier,0
3520.0,17,7,166,agent,0
3781.0,21,1,1282,particulier,0
6445.0,11,2,370,agent,0
7145.0,20,2,935,particulier,0
2786.0,21,3,789,agent,0
5285.0,11,4,744,particulier,0
1816.0,21,8,682,agent,0
5200.0,11,2,211,particulier,0
2141.0,23,3,459,particulier,0
4868.0,5,3,2077,particulier,0
4545.0,10,2,653,particulier,0
3493.0,10,2,1117,agent,0
6473.0,18,7,167,particulier,0
867.0,23,0,501,particulier,0
1333.0,18,2,738,particulier,0
2619.0,8,1,1102,particulier,0
966.0,14,5,2005,facture,0
2331.0,18,6,647,agent,0
2396.0,21,2,1503,particulier,0
10029.0,11,1,1266,particulier,0
3719.0,18,2,400,agent,0
7903.0,23,2,1397,facture,0
4257.0,7,1,1467,agent,0
2090.0,10,1,1622,agent,0
3691.0,13,5,1912,agent,0
6124.0,23,2,364,particulier,0
9085.0,21,4,1332,particulier,0
2944.0,18,2,996,agent,0
812.0,22,2,886,agent,0
765.0,21,4,2122,particulier,0
2496.0,20,5,63,particulier,0
452.0,23,1,399,particulier,0
15151.0,15,3,1116,particulier,0
5472.0,11,6,1376,agent,0
1919.0,22,3,1418,particulier,0
1283.0,12,1,975,particulier,0
7894.0,9,5,1580,particulier,0
1278.0,23,6,456,facture,0
1386.0,23,2,768,particulier,0
1718.0,10,4,1840,particulier,0
3630.0,18,2,962,particulier,0
5584.0,21,2,1838,agent,0
9079.0,21,0,170,particulier,0
8008.0,13,5,1015,particulier,0
3297.0,10,4,1374,facture,0
7844.0,5,5,2080,agent,0
1862.0,22,2,1801,particulier,0
701.0,10,3,1313,agent,0
1862.0,23,4,218,facture,0
1660.0,21,3,930,facture,0
1925.0,7,6,1956,particulier,0
1458.0,22,2,1026,particulier,0
2226.0,21,4,384,particulier,0
5580.0,11,5,920,particulier,0
14157.0,17,4,1038,particulier,0
760.0,12,6,244,particulier,0
1103.0,23,1,1646,particulier,0
1681.0,20,4,1587,particulier,0
6316.0,19,5,512,particulier,0
2768.0,21,3,1433,facture,0
1780.0,17,5,2165,facture,0
6059.0,19,3,1623,particulier,0
7427.0,22,4,2142,agent,0
3242.0,22,3,67,particulier,0
1646.0,20,2,1752,particulier,0
4145.0,23,2,42,particulier,0
2702.0,23,5,1876,particulier,0
2684.0,19,5,1960,particulier,0
2131.0,17,4,561,agent,0
7232.0,8,3,1709,agent,0
4074.0,19,3,2180,particulier,0
7945.0,5,2,572,agent,0
10259.0,13,1,491,agent,0
4867.0,9,2,2124,agent,0
2142.0,10,5,901,particulier,0
7977.0,21,5,1136,particulier,0
4894.0,15,3,424,particulier,0
30118.0,10,2,1053,particulier,0
4288.0,19,5,1146,particulier,0
5961.0,21,3,1897,particulier,0
4217.0,11,4,2185,particulier,0
3028.0,23,3,173,particulier,0
2644.0,23,7,1514,particulier,0
4231.0,19,3,1346,particulier,0
5131.0,17,5,1555,particulier,0
8789.0,6,6,1485,particulier,0
4283.0,8,4,1208,particulier,0
2223.0,19,1,2087,agent,0
2495.0,18,3,568,agent,0
1070.0,19,5,1649,facture,0
13521.0,22,6,18,particulier,1
2080.0,6,2,1468,agent,0
7497.0,5,3,1367,particulier,0
4167.0,8,7,1091,particulier,0
4265.0,20,2,546,particulier,0
2981.0,21,4,869,particulier,0
1686.0,21,2,214,particulier,0
1446.0,17,3,341,particulier,0
14317.0,21,2,1752,facture,0
3630.0,20,3,140,particulier,0
8574.0,18,0,1654,particulier,0
10691.0,20,4,1374,particulier,0
2323.0,9,6,1121,particulier,0
4722.0,22,3,1052,particulier,0
3423.0,21,3,1663,facture,0
1232.0,5,3,1817,particulier,0
2814.0,17,2,1394,particulier,0
5428.0,18,4,1818,particulier,0
2156.0,21,4,1489,agent,0
2500.0,21,2,1731,particulier,0
2843.0,10,3,846,particulier,0
19827.0,23,3,1710,particulier,0
693.0,21,3,1384,particulier,0
5046.0,14,7,963,particulier,0
2656.0,21,2,1466,particulier,0
1911.0,22,0,1964,agent,0
2601.0,21,0,322,particulier,0
5810.0,22,3,460,particulier,0
6099.0,20,1,1959,particulier,0
3859.0,20,3,849,particulier,0
8340.0,13,3,1409,agent,0
9687.0,5,6,970,particulier,0
6594.0,8,4,775,particulier,0
2071.0,12,3,1097,particulier,0
5015.0,23,1,925,particulier,0
5036.0,9,4,1108,particulier,0
1647.0,7,5,754,particulier,0
868.0,11,2,322,particulier,0
590.0,9,3,1761,agent,0
3496.0,8,6,615,particulier,0
4244.0,21,1,733,particulier,0
1207.0,14,2,73,agent,0
8015.0,19,0,1485,particulier,0
3750.0,16,1,2131,facture,0
10374.0,19,5,108,particulier,0
4514.0,23,3,1001,particulier,0
1331.0,21,2,1158,particulier,0
4864.0,22,2,1780,particulier,0
5823.0,23,2,1056,particulier,0
2068.0,18,3,2062,agent,0
967.0,21,3,364,particulier,0
3588.0,22,6,391,particulier,0
1407.0,3,5,1258,facture,0
8542.0,11,3,580,particulier,0
2331.0,8,4,1935,particulier,0
14270.0,20,5,1814,particulier,0
542.0,8,2,725,particulier,0
3694.0,9,1,1615,particulier,0
11103.0,19,4,457,particulier,0
1546.0,21,9,1426,particulier,0
2878.0,18,4,1488,particulier,0
2339.0,10,1,1771,particulier,0
1842.0,11,3,2128,agent,0
4056.0,9,3,1875,particulier,0
1095.0,9,6,2198,particulier,0
2998.0,11,4,1463,particulier,0
5108.0,21,2,1209,particulier,0
2744.0,21,2,924,particulier,0
1408.0,23,5,259,agent,0
7908.0,19,2,154,particulier,0
6129.0,20,4,1282,particulier,0
1360.0,18,5,973,agent,0
1097.0,9,2,1911,particulier,0
1467.0,21,5,1164,particulier,0
5237.0,9,3,1072,particulier,0
4164.0,8,2,1709,particulier,0
6448.0,18,4,180,facture,0
2497.0,21,1,41,agent,0
1501.0,22,3,1833,agent,0
7194.0,8,5,2175,agent,0
2058.0,11,4,1949,particulier,0
3861.0,16,2,1903,particulier,0
882.0,12,5,2036,agent,0
2030.0,9,5,1363,particulier,0
7770.0,19,6,932,particulier,0
1792.0,11,7,1741,agent,0
6584.0,15,4,197,agent,0
454.0,21,4,1306,facture,0
2048.0,15,7,2048,agent,0
2848.0,20,2,1235,particulier,0
14489.0,6,2,1868,particulier,0
1220.0,9,1,77,agent,0
5828.0,23,2,332,particulier,0
8090.0,10,2,741,agent,0
1784.0,22,4,1841,particulier,0
2398.0,23,5,494,particulier,0
3716.0,21,4,309,agent,0
935.0,8,4,139,particulier,0
2238.0,9,2,836,particulier,0
9747.0,16,5,363,particulier,0
5137.0,20,1,1449,particulier,0
2884.0,8,2,937,particulier,0
3627.0,11,3,1703,particulier,0
5398.0,19,2,2163,agent,0
6352.0,23,2,278,particulier,0
2053.0,20,5,1770,agent,0
12143.0,18,5,2164,particulier,0
10086.0,21,2,689,particulier,0
5859.0,6,3,2134,particulier,0
1609.0,5,2,52,particulier,0
1384.0,17,2,239,agent,0
2496.0,9,3,1630,particulier,0
3469.0,21,2,242,particulier,0
733.0,10,1,1853,particulier,0
5017.0,18,2,1623,facture,0
9841.0,20,5,251,particulier,0
5378.0,20,5,468,agent,0
1854.0,19,2,1972,particulier,0
1677.0,6,6,1904,particulier,0
4251.0,18,1,1548,particulier,0
2892.0,23,4,1911,agent,0
4801.0,22,0,2110,particulier,0
5494.0,11,5,1540,particulier,0
8334.0,9,4,1638,particulier,0
1259.0,9,4,1798,particulier,0
3977.0,8,6,96,particulier,0
2419.0,8,4,1115,particulier,0
3030.0,20,3,344,particulier,0
6869.0,10,5,897,particulier,0
7534.0,22,1,247,agent,0
10815.0,10,4,1151,particulier,0
4730.0,10,4,810,particulier,0
3000.0,18,2,1104,particulier,0
2657.0,22,7,1886,particulier,0
754.0,21,4,241,agent,0
10288.0,10,4,421,agent,0
2506.0,18,3,1514,agent,0
5065.0,15,5,1494,particulier,0
5867.0,21,4,992,particulier,0
1143.0,23,0,1531,particulier,0
1503.0,20,1,346,particulier,0
12271.0,11,4,2049,particulier,0
4217.0,23,8,432,agent,0
2011.0,8,1,2089,particulier,0
2959.0,9,4,7,particulier,0
8294.0,6,5,2142,particulier,0
7289.0,19,2,1799,particulier,0
948.0,23,2,1953,particulier,0
13215.0,16,1,1500,particulier,0
7489.0,22,2,2045,particulier,0
2894.0,20,2,435,particulier,0
1196.0,19,5,55,particulier,0
8070.0,7,5,401,particulier,0
4939.0,20,2,1322,agent,0
954.0,21,3,1457,particulier,0
2705.0,19,2,40,particulier,0
46969.0,20,4,256,agent,1
3341.0,19,6,709,particulier,0
1753.0,12,3,1242,facture,0
1398.0,23,8,1970,particulier,0
14858.0,22,2,598,facture,0
6772.0,19,3,1797,particulier,0
10898.0,22,2,523,particulier,0
4068.0,21,4,2140,particulier,0
9565.0,9,4,1855,particulier,0
1602.0,19,11,1887,particulier,0
3783.0,21,6,2126,particulier,0
4205.0,23,5,482,agent,0
10669.0,12,4,552,particulier,0
4320.0,20,5,818,particulier,0
1936.0,21,0,2036,particulier,0
3479.0,21,1,1428,particulier,0
792.0,19,2,2013,facture,0
458.0,19,2,358,particulier,0
6678.0,22,2,2053,particulier,0
2396.0,23,3,1931,particulier,0
2638.0,23,0,305,particulier,0
6676.0,8,5,165,agent,0
10802.0,21,3,2139,agent,0
5189.0,23,2,171,particulier,0
16964.0,18,5,600,particulier,0
5051.0,22,4,1950,particulier,0
4259.0,23,2,168,particulier,0
4041.0,23,1,1770,agent,0
1105.0,23,3,1121,particulier,0
7425.0,19,3,846,particulier,0
412.0,19,3,78,agent,0
2002.0,20,4,1013,particulier,0
3359.0,18,5,135,agent,0
1684.0,22,3,681,particulier,0
2244.0,22,2,1615,particulier,0
15732.0,22,1,1975,particulier,0
8420.0,21,4,486,particulier,0
1839.0,11,3,2130,particulier,0
2210.0,22,3,1978,particulier,0
1113.0,19,5,459,particulier,0
5998.0,10,5,1762,particulier,0
2664.0,20,3,1173,particulier,0
619.0,21,2,1045,particulier,0
3589.0,7,3,2022,agent,0
4784.0,20,1,1979,particulier,0
7470.0,19,2,1650,particulier,0
3095.0,18,3,2158,particulier,0
2400.0,18,3,1050,particulier,0
17824.0,22,5,1103,particulier,0
3313.0,12,4,1274,particulier,0
6073.0,17,3,51,particulier,0
2083.0,20,6,1837,particulier,0
5922.0,7,5,400,particulier,0
956.0,6,2,1852,particulier,0
2224.0,22,6,366,particulier,0
1180.0,23,5,38,particulier,0
1970.0,4,2,14,particulier,0
9537.0,11,1,271,particulier,0
1958.0,9,3,687,particulier,0
6066.0,11,1,1517,particulier,0
11964.0,10,4,1228,facture,0
3218.0,22,0,1547,particulier,0
7667.0,20,4,1288,particulier,0
5174.0,20,4,706,agent,0
3637.0,11,3,1027,particulier,0
6234.0,20,5,514,particulier,0
15740.0,21,3,2147,agent,0
1917.0,16,1,1607,particulier,0
1458.0,7,7,1267,particulier,0
1387.0,16,5,2066,agent,0
7671.0,7,2,613,facture,0
8604.0,21,2,2072,agent,0
2087.0,20,2,865,particulier,0
536.0,22,4,85,particulier,0
1857.0,21,2,563,particulier,0
5248.0,12,6,773,particulier,0
3113.0,23,1,629,particulier,0
3840.0,9,7,328,facture,0
2112.0,7,6,621,particulier,0
7801.0,19,2,802,particulier,0
4410.0,15,3,110,particulier,0
5423.0,21,1,1517,particulier,0
3771.0,22,6,992,particulier,0
5145.0,19,4,2198,particulier,0
4865.0,18,3,452,particulier,0
1497.0,9,4,622,agent,0
4524.0,8,4,2004,particulier,0
6456.0,6,3,911,particulier,0
8794.0,22,3,1570,particulier,0
4692.0,23,1,2027,particulier,0
1450.0,15,1,1797,particulier,0
1653.0,23,5,1190,particulier,0
2276.0,6,0,1025,particulier,0
3870.0,10,6,439,particulier,0
2969.0,6,3,12,particulier,0
1268.0,18,1,1925,particulier,0
1261.0,8,1,424,agent,0
553.0,19,6,2161,agent,0
232.0,21,3,671,agent,0
2945.0,21,4,1866,particulier,0
23675.0,21,2,896,agent,0
15173.0,20,7,288,facture,0
1434.0,22,0,793,particulier,0
3742.0,22,3,637,agent,0
949.0,8,3,1900,particulier,0
1080.0,8,5,1224,particulier,0
1191.0,8,2,737,agent,0
2720.0,21,6,2114,particulier,0
2821.0,9,6,180,agent,0
4084.0,23,3,238,particulier,0
5789.0,20,3,724,particulier,0
2474.0,23,1,909,agent,0
3397.0,18,2,332,particulier,0
1300.0,20,3,1530,particulier,0
1051.0,19,1,1999,particulier,0
921.0,14,4,559,particulier,0
5721.0,18,4,1322,particulier,0
2472.0,16,3,2181,particulier,0
672.0,19,6,96,particulier,0
3122.0,22,2,1672,particulier,0
1140.0,6,1,67,particulier,0
13512.0,21,6,1345,facture,0
2014.0,19,6,1896,particulier,0
5880.0,16,4,521,particulier,0
8313.0,23,3,1943,agent,0
1463.0,22,1,608,particulier,0
3514.0,20,3,1231,particulier,0
5273.0,21,1,1478,agent,0
3634.0,20,2,773,particulier,0
4478.0,6,4,2056,particulier,0
1064.0,23,1,2086,agent,0
5276.0,20,2,1633,particulier,0
2179.0,10,3,623,agent,0
4434.0,19,1,312,particulier,0
7201.0,22,3,1206,particulier,0
5817.0,23,4,260,particulier,0
4431.0,21,3,166,particulier,0
5686.0,21,2,871,particulier,0
5914.0,23,5,1974,particulier,0
11745.0,22,5,20,particulier,0
3200.0,11,2,2153,particulier,0
3787.0,21,2,348,facture,0
7275.0,9,6,1290,facture,0
2171.0,21,2,271,particulier,0
1059.0,23,1,1906,particulier,0
5010.0,19,8,1893,agent,0
2765.0,22,1,932,agent,0
1180.0,10,4,361,particulier,0
5042.0,21,1,1464,particulier,0
11120.0,18,3,1090,particulier,0
824.0,20,2,656,particulier,0
7856.0,22,2,1982,particulier,0
381.0,11,2,923,particulier,0
2344.0,12,3,1265,particulier,0
15748.0,17,3,390,particulier,0
2492.0,10,2,294,particulier,0
3556.0,11,2,1291,agent,0
6301.0,19,2,2140,agent,0
766.0,23,4,298,particulier,0
3503.0,10,5,107,agent,0
3479.0,8,4,2152,particulier,0
16042.0,22,2,1438,agent,0
1152.0,17,6,49,particulier,0
2382.0,11,1,2191,particulier,0
1497.0,11,3,238,particulier,0
1368.0,23,2,1255,particulier,0
8589.0,8,3,616,particulier,0
3370.0,22,3,781,particulier,0
2054.0,23,4,299,particulier,0
2121.0,11,2,1385,agent,0
2041.0,18,5,2164,particulier,0
2202.0,18,3,1968,particulier,0
1125.0,9,7,970,agent,0
2644.0,21,0,953,particulier,0
2428.0,20,4,1484,agent,0
1730.0,19,1,1717,particulier,0
3759.0,22,1,2180,agent,0
4040.0,19,3,533,agent,0
2053.0,19,6,2024,agent,0
2915.0,5,2,187,particulier,0
20637.0,22,4,127,agent,0
19978.0,7,3,1529,particulier,0
1345.0,17,4,1060,agent,0
1514.0,18,6,1962,particulier,0
1339.0,8,5,43,agent,0
8091.0,23,6,155,particulier,0
2348.0,7,1,616,particulier,0
4039.0,22,6,24,particulier,0
17987.0,23,3,1384,particulier,0
3265.0,21,10,481,agent,0
6005.0,23,3,284,agent,0
5127.0,5,3,1316,agent,0
1998.0,17,4,1714,particulier,0
8105.0,20,1,1228,particulier,0
1600.0,20,4,1688,agent,0
10290.0,23,2,297,facture,0
2000.0,14,2,512,particulier,0
2195.0,18,4,1743,particulier,0
1306.0,7,10,578,particulier,0
1502.0,19,3,2063,particulier,0
2292.0,12,4,1825,particulier,0
417.0,12,4,857,particulier,0
2702.0,5,4,1425,agent,0
2139.0,9,3,1366,particulier,0
6448.0,23,4,1079,particulier,0
4720.0,21,1,1015,particulier,0
1805.0,10,3,511,particulier,0
2231.0,9,4,443,particulier,0
2699.0,22,3,89,particulier,0
11650.0,14,3,640,agent,0
1638.0,19,3,1919,particulier,0
1787.0,19,3,812,particulier,0
1262.0,23,3,2171,particulier,0
935.0,10,2,2167,particulier,0
4277.0,10,2,255,particulier,0
3915.0,6,1,1882,particulier,0
9802.0,22,7,2058,particulier,0
7984.0,20,4,304,particulier,0
25274.0,23,3,960,particulier,0
3094.0,23,5,1507,particulier,0
2640.0,23,5,1616,agent,0
1091.0,22,2,1363,agent,0
5956.0,5,2,1546,facture,0
3644.0,13,4,827,particulier,0
5731.0,23,6,1132,agent,0
1251.0,11,5,641,particulier,0
4442.0,18,5,128,particulier,0
3922.0,23,6,1985,agent,0
3708.0,7,2,1003,particulier,0
1843.0,12,3,1211,agent,0
9054.0,19,3,117,particulier,0
18822.0,14,1,2001,particulier,0
1282.0,21,4,1178,facture,0
6078.0,23,4,783,particulier,0
285.0,21,3,1200,facture,0
5816.0,23,2,1744,particulier,0
672.0,8,4,1010,particulier,0
2109.0,21,3,1322,particulier,0
1079.0,9,1,879,particulier,0
2743.0,7,1,1252,particulier,0
6721.0,6,2,592,facture,0
679.0,23,5,1771,particulier,0
2427.0,18,2,1345,agent,0
2129.0,21,3,432,particulier,0
12631.0,22,4,1413,particulier,0
4755.0,23,4,1354,particulier,0
1211.0,15,1,1772,particulier,0
2207.0,17,5,253,agent,0
12366.0,21,5,1916,particulier,0
6046.0,23,5,13,facture,0
1509.0,8,4,1646,agent,0
2625.0,9,4,1798,particulier,0
2698.0,23,5,2186,particulier,0
2085.0,21,1,53,particulier,0
770.0,9,1,1741,agent,0
1852.0,22,5,564,agent,0
10730.0,6,2,2196,particulier,0
2383.0,21,2,1694,particulier,0
3018.0,8,0,1829,particulier,0
3712.0,20,1,1572,particulier,0
21708.0,7,2,228,agent,0
3319.0,7,3,1609,particulier,0
8349.0,7,0,201,particulier,0
1981.0,19,6,1850,particulier,0
2643.0,18,2,171,particulier,0
3330.0,20,2,1918,particulier,0
1706.0,11,5,202,agent,0
2771.0,18,4,354,particulier,0
7008.0,20,9,1380,particulier,0
1669.0,8,3,1977,facture,0
3295.0,17,2,1740,agent,0
6017.0,10,2,1850,particulier,0
1635.0,23,5,450,particulier,0
8359.0,15,4,257,particulier,0
3505.0,22,1,2158,particulier,0
2863.0,8,9,310,particulier,0
598.0,21,1,66,particulier,0
2398.0,19,4,1471,particulier,0
4518.0,16,3,794,particulier,0
14524.0,4,4,2116,particulier,0
5339.0,22,3,112,agent,0
8581.0,22,4,2108,agent,0
1179.0,21,1,1786,particulier,0
2958.0,9,3,248,facture,0
9299.0,23,3,884,particulier,0
1549.0,19,3,1316,agent,0
7483.0,19,4,1439,facture,0
6145.0,18,7,272,facture,0
4161.0,19,2,1712,particulier,0
2491.0,20,4,884,particulier,0
1425.0,21,1,337,particulier,0
14899.0,7,7,1704,particulier,0
5637.0,19,1,1757,agent,0
4401.0,19,2,1293,particulier,0
2319.0,22,6,2170,particulier,0
3402.0,21,5,401,particulier,0
3790.0,9,2,1345,particulier,0
4628.0,9,4,838,facture,0
6150.0,20,3,214,particulier,0
1694.0,9,1,1770,particulier,0
947.0,19,1,2159,particulier,0
3539.0,11,4,516,particulier,0
746.0,23,0,608,agent,0
2502.0,10,5,1017,particulier,0
2137.0,6,3,597,facture,0
5004.0,22,2,1300,particulier,0
17769.0,23,4,1531,agent,0
631.0,12,4,1899,particulier,0
22767.0,16,4,2033,particulier,0
2702.0,23,1,510,agent,0
4428.0,22,4,806,particulier,0
990.0,21,5,217,particulier,0
7687.0,19,1,752,agent,0
3413.0,12,1,1413,particulier,0
3127.0,7,2,1426,agent,0
635.0,23,2,155,particulier,0
3508.0,8,5,288,particulier,0
6761.0,17,2,1721,particulier,0
2695.0,18,3,2067,particulier,0
8938.0,16,2,1774,facture,0
8630.0,23,5,1274,particulier,0
1910.0,21,3,1742,particulier,0
12783.0,22,4,427,particulier,0
3424.0,21,0,940,particulier,0
3437.0,7,3,1929,particulier,0
3584.0,20,1,2131,particulier,0
3494.0,21,2,867,particulier,0
352.0,21,4,1524,agent,0
2814.0,9,2,1708,particulier,0
1033.0,9,0,325,particulier,0
13126.0,6,2,1049,particulier,0
12685.0,11,5,751,particulier,0
6796.0,8,4,256,agent,0
2690.0,21,2,840,particulier,0
1399.0,20,2,1709,particulier,0
1884.0,21,6,15,particulier,0
17176.0,20,5,965,particulier,0
1829.0,20,3,1799,particulier,0
445.0,23,3,561,particulier,0
7908.0,20,1,664,particulier,0
11795.0,11,4,579,particulier,0
13498.0,19,2,1461,particulier,0
7963.0,10,4,636,particulier,0
9148.0,11,3,1247,particulier,0
3446.0,7,4,850,particulier,0
564.0,23,2,1951,particulier,0
3373.0,11,3,1109,particulier,0
5588.0,23,1,1544,particulier,0
2937.0,6,2,787,agent,0
2825.0,18,1,1358,particulier,0
1452.0,20,4,394,agent,0
1406.0,23,5,2097,agent,0
15716.0,8,5,1482,particulier,0
16207.0,13,4,1547,particulier,0
3287.0,7,0,1359,particulier,0
4185.0,5,1,348,particulier,0
1431.0,13,5,1423,particulier,0
5688.0,7,4,1543,agent,0
14701.0,22,5,1893,particulier,0
898.0,9,2,127,particulier,0
4887.0,10,8,62,particulier,1
5209.0,23,0,2111,particulier,0
5159.0,20,3,1118,particulier,0
13312.0,5,3,1700,facture,0
18594.0,9,2,1955,particulier,0
2701.0,10,6,405,facture,0
5838.0,7,2,1468,particulier,0
3539.0,13,3,910,particulier,0
1925.0,23,3,1475,agent,0
4147.0,21,6,1683,particulier,0
5830.0,19,3,1583,particulier,0
3962.0,17,7,1982,particulier,0
1558.0,10,6,2126,particulier,0
2222.0,21,6,1407,particulier,0
2236.0,10,1,1906,particulier,0
1610.0,18,2,1282,particulier,0
4301.0,9,2,578,particulier,0
4700.0,19,3,556,agent,0
7575.0,19,3,1723,facture,0
1589.0,19,3,1052,facture,0
2017.0,10,4,376,particulier,0
12350.0,22,0,1370,agent,0
2865.0,19,0,818,particulier,0
3380.0,11,4,944,agent,0
2839.0,21,2,999,particulier,0
8631.0,17,3,149,particulier,0
8920.0,22,3,1510,particulier,0
8486.0,21,4,2111,particulier,0
3370.0,21,2,381,particulier,0
1569.0,20,2,1723,particulier,0
16923.0,20,4,2135,particulier,0
6822.0,21,1,578,particulier,0
2235.0,21,2,1595,agent,0
11051.0,18,3,636,agent,0
2090.0,23,2,741,particulier,0
10928.0,19,2,1688,agent,0
11574.0,21,5,1979,particulier,0
1505.0,6,4,582,agent,0
5402.0,20,8,1025,particulier,0
6405.0,7,2,1621,particulier,0
30414.0,15,2,1150,agent,1
1753.0,16,2,1451,particulier,0
11133.0,4,4,413,agent,1
3343.0,21,5,737,particulier,0
1147.0,9,3,2171,particulier,0
2975.0,22,5,1579,particulier,0
3301.0,17,2,710,particulier,0
1339.0,23,5,411,particulier,0
4296.0,9,2,866,agent,0
7436.0,23,3,235,agent,0
4034.0,19,2,1317,facture,0
2079.0,8,7,1159,particulier,0
2904.0,19,5,441,agent,0
3282.0,20,3,760,particulier,0
3963.0,21,1,1820,facture,0
8462.0,20,6,2128,facture,0
4151.0,18,3,1773,facture,0
1000.0,23,2,1096,particulier,0
2043.0,13,1,181,agent,0
3794.0,19,3,2137,particulier,0
8566.0,20,3,144,particulier,0
9929.0,21,2,1159,particulier,0
14891.0,19,1,1351,particulier,0
3681.0,23,2,1357,particulier,0
6303.0,21,1,1296,particulier,0
957.0,11,0,1216,facture,0
4748.0,22,1,2000,particulier,0
1321.0,5,3,1722,particulier,0
3124.0,9,3,1209,particulier,0
43276.0,20,5,1651,particulier,1
4264.0,8,2,2144,particulier,0
1581.0,8,7,1208,particulier,0
4659.0,20,4,1946,particulier,0
2123.0,15,5,720,agent,0
1456.0,19,5,1178,particulier,0
19686.0,17,2,1143,particulier,0
8158.0,7,4,138,facture,0
4419.0,21,5,525,particulier,0
2361.0,23,4,1656,agent,0
2530.0,12,2,2018,particulier,0
12223.0,11,2,1931,particulier,0
4275.0,19,5,675,particulier,0
240.0,18,2,8,agent,0
25791.0,23,4,1404,particulier,0
3849.0,13,7,329,particulier,0
4411.0,16,2,1896,agent,0
8297.0,21,4,1327,particulier,0
4893.0,19,1,1750,particulier,0
6216.0,22,3,105,particulier,0
2298.0,23,6,1097,agent,0
1158.0,9,3,1543,agent,0
4181.0,9,3,1249,particulier,0
11124.0,22,2,605,particulier,0
1900.0,5,5,1913,particulier,0
1774.0,23,0,1453,particulier,0
9301.0,20,2,158,particulier,0
2234.0,23,1,193,particulier,0
2324.0,23,4,733,agent,0
2399.0,22,4,1691,particulier,0
3117.0,20,2,581,particulier,0
865.0,19,2,146,particulier,0
2083.0,11,3,1654,particulier,0
4007.0,18,2,1219,particulier,0
3983.0,23,2,1743,particulier,0
8816.0,23,6,1201,particulier,0
15732.0,8,3,1667,particulier,0
11916.0,19,0,550,particulier,0
7169.0,18,2,1140,particulier,0
2903.0,12,4,933,agent,0
1940.0,20,1,1150,particulier,0
3345.0,8,4,725,agent,0
5419.0,23,5,15,particulier,0
6625.0,10,4,2150,agent,0
5595.0,17,3,1381,facture,0
2972.0,10,2,2156,particulier,0
6431.0,22,2,212,particulier,0
9621.0,19,3,1252,agent,0
6961.0,12,3,1428,facture,0
3206.0,22,5,588,agent,0
1622.0,21,5,337,particulier,0
1589.0,19,2,692,facture,0
1846.0,23,7,943,agent,0
4099.0,22,5,1478,facture,0
5125.0,23,5,739,particulier,0
990.0,20,0,1071,particulier,0
2147.0,22,1,981,particulier,0
4051.0,5,2,967,particulier,0
1533.0,22,2,922,particulier,0
4764.0,21,1,1722,particulier,0
2537.0,23,4,840,particulier,0
1781.0,22,2,1243,facture,0
3447.0,16,1,1908,particulier,0
4598.0,19,4,1906,particulier,0
1602.0,21,4,1533,particulier,0
2681.0,12,2,756,particulier,0
4903.0,22,2,503,particulier,0
1724.0,22,0,1202,particulier,0
805.0,19,1,1599,agent,0
892.0,23,3,1719,particulier,0
2309.0,10,6,1894,particulier,0
1074.0,9,4,1248,particulier,0
2451.0,10,5,465,particulier,0
13564.0,20,1,390,particulier,0
1021.0,19,4,725,particulier,0
2591.0,10,3,1847,particulier,0
20180.0,12,3,1002,particulier,0
4661.0,18,2,401,agent,0
2410.0,20,2,77,particulier,0
2883.0,19,3,364,particulier,0
4746.0,17,5,959,particulier,0
13925.0,19,3,1445,particulier,0
2098.0,21,1,2158,particulier,0
1730.0,9,6,765,particulier,0
1020.0,18,1,344,particulier,0
3596.0,9,4,436,particulier,0
997.0,23,2,1237,particulier,0
2221.0,20,4,1656,agent,0
1522.0,8,5,1745,particulier,0
8209.0,21,3,1202,particulier,0
2139.0,22,4,1314,agent,0
4616.0,21,3,1072,particulier,0
843.0,21,1,1838,particulier,0
3684.0,8,3,500,particulier,0
1185.0,9,3,707,agent,0
2294.0,10,3,538,particulier,0
21580.0,19,7,341,particulier,1
7276.0,10,0,1955,particulier,0
2954.0,17,3,99,agent,0
49966.0,19,4,238,particulier,1
1513.0,13,0,1865,particulier,0
8870.0,22,3,1185,facture,0
895.0,20,5,1667,facture,0
2678.0,6,2,1403,particulier,0
1048.0,20,2,835,particulier,0
4100.0,19,3,955,particulier,0
3455.0,19,8,1711,facture,0
2536.0,4,1,190,facture,0
8335.0,20,2,29,agent,0
2034.0,15,3,1705,particulier,0
4350.0,22,3,2196,particulier,0
6617.0,18,3,1970,particulier,0
934.0,21,2,987,particulier,0
1744.0,7,3,1941,facture,0
3449.0,5,4,900,particulier,0
5629.0,14,2,178,facture,0
11026.0,10,4,200,particulier,0
2742.0,18,5,855,particulier,0
2517.0,17,3,668,facture,0
1569.0,22,2,500,particulier,0
4361.0,20,2,320,particulier,0
2559.0,20,3,2056,particulier,0
2610.0,19,4,1364,particulier,0
3042.0,6,1,1247,particulier,0
5265.0,19,2,1319,facture,0
2040.0,23,4,1759,particulier,0
1709.0,5,5,926,facture,0
4755.0,23,3,1471,agent,0
252.0,23,4,1359,particulier,0
1972.0,19,4,1801,particulier,0
1238.0,21,1,1904,particulier,0
9162.0,20,2,829,particulier,0
2265.0,10,4,268,particulier,0
2045.0,8,1,1855,particulier,0
3161.0,10,2,728,agent,0
1986.0,4,8,1670,particulier,0
2340.0,20,1,569,particulier,0
3578.0,9,6,1495,particulier,0
2301.0,20,4,271,particulier,0
2287.0,23,2,417,particulier,0
1396.0,11,1,1923,particulier,0
1236.0,22,1,1620,particulier,0
3469.0,21,2,304,particulier,0
4275.0,7,1,2071,particulier,0
979.0,18,2,1955,particulier,0
6285.0,20,2,327,particulier,0
6307.0,21,1,2082,particulier,0
7544.0,18,3,1912,particulier,0
4251.0,18,4,735,agent,0
5662.0,20,2,49,particulier,0
21105.0,23,2,1212,agent,0
2550.0,15,5,730,particulier,0
1354.0,14,4,166,particulier,0
894.0,23,4,374,particulier,0
14652.0,17,4,1697,particulier,0
14816.0,20,1,355,particulier,0
1501.0,17,7,103,facture,0
1775.0,20,1,555,particulier,0
2501.0,7,6,456,particulier,0
9327.0,23,1,1282,particulier,0
1103.0,22,1,631,facture,0
619.0,17,3,2142,particulier,0
20793.0,16,5,1825,particulier,0
4296.0,22,8,936,particulier,0
4848.0,9,5,482,particulier,0
2767.0,8,2,1654,facture,0
4895.0,23,5,250,particulier,0
910.0,16,4,1922,particulier,0
1612.0,9,2,2151,particulier,0
3603.0,22,3,1992,particulier,0
478.0,18,3,1951,particulier,0
2547.0,23,3,1613,particulier,0
2417.0,18,4,1539,agent,0
2547.0,8,5,23,particulier,0
2062.0,19,3,966,particulier,0
1413.0,14,5,1628,particulier,0
700.0,19,5,406,particulier,0
3726.0,8,4,763,agent,0
2553.0,18,4,1717,particulier,0
1024.0,19,1,1355,particulier,0
3474.0,19,2,1963,particulier,0
2564.0,22,0,1548,particulier,0
2226.0,20,1,1920,particulier,0
527.0,21,2,194,particulier,0
5886.0,10,3,92,particulier,0
1155.0,8,2,1840,particulier,0
3476.0,23,1,2149,agent,0
1657.0,10,2,267,particulier,0
2367.0,22,4,448,particulier,0
8773.0,9,2,44,particulier,0
5176.0,10,2,823,particulier,0
8609.0,10,2,998,particulier,0
4363.0,22,0,2086,agent,0
4613.0,13,3,240,particulier,0
725.0,16,4,478,agent,0
2515.0,20,3,1576,particulier,0
2721.0,6,0,1215,particulier,0
9322.0,22,6,1562,agent,0
2142.0,21,4,644,particulier,0
4126.0,22,2,373,particulier,0
3991.0,20,4,1052,particulier,0
8813.0,8,4,1538,particulier,0
2940.0,19,4,1357,particulier,0
6658.0,22,1,1404,particulier,0
773.0,9,1,539,agent,0
836.0,11,4,1619,particulier,0
473.0,8,3,1233,particulier,0
6426.0,20,1,1443,particulier,0
5841.0,22,3,1891,particulier,0
7061.0,11,3,2117,agent,0
1852.0,9,2,1603,agent,0
2041.0,20,2,1217,facture,0
2972.0,17,5,928,agent,0
11239.0,18,3,1414,particulier,0
13902.0,22,4,1330,agent,0
6469.0,22,5,1329,particulier,0
4365.0,18,2,1598,particulier,0
10250.0,21,5,66,particulier,0
2651.0,21,3,450,particulier,0
2363.0,23,2,1249,agent,0
2952.0,23,4,910,particulier,0
1434.0,9,1,986,particulier,0
2839.0,19,2,2196,agent,0
1274.0,8,1,497,agent,0
7873.0,6,3,986,particulier,0
5230.0,9,2,1188,particulier,0
11105.0,8,1,1468,particulier,0
825.0,12,5,2104,agent,0
16588.0,21,8,2146,particulier,1
866.0,20,1,2085,particulier,0
1190.0,11,3,731,particulier,0
1944.0,23,4,1678,particulier,0
10012.0,11,6,1111,agent,0
3991.0,20,2,302,particulier,0
2678.0,23,3,595,particulier,0
1680.0,20,2,1001,agent,0
1023.0,10,3,1928,particulier,0
8628.0,17,6,1252,particulier,0
6495.0,17,2,88,particulier,0
10400.0,22,2,283,particulier,0
4616.0,10,4,1350,particulier,0
349.0,14,2,638,particulier,0
1144.0,19,4,435,particulier,0
4891.0,22,4,1639,facture,0
2406.0,13,3,1442,particulier,0
2049.0,23,2,1837,particulier,0
1290.0,22,7,866,particulier,0
7372.0,5,5,117,particulier,0
4855.0,7,3,1432,particulier,0
5044.0,20,1,1544,agent,0
1923.0,18,2,837,agent,0
3827.0,21,3,2087,particulier,0
1057.0,12,3,1387,particulier,0
2950.0,10,4,2090,particulier,0
384.0,23,1,458,particulier,0
869.0,11,1,1894,particulier,0
2505.0,17,3,1980,particulier,0
24806.0,5,2,2158,particulier,0
713.0,10,5,710,particulier,0
1145.0,6,4,1502,particulier,0
3961.0,6,2,608,particulier,0
14824.0,18,1,1271,particulier,0
3912.0,23,2,1623,agent,0
5984.0,21,1,1111,particulier,0
2473.0,8,0,1079,agent,0
2134.0,23,0,416,particulier,0
3533.0,23,3,189,agent,0
1883.0,22,2,878,facture,0
6097.0,19,8,1872,particulier,0
841.0,18,4,1509,agent,0
7020.0,20,4,419,particulier,0
3406.0,22,3,1900,agent,0
2745.0,17,2,1914,particulier,0
815.0,22,2,1870,facture,0
1433.0,5,1,689,particulier,0
9126.0,20,3,623,agent,0
2759.0,21,3,1429,particulier,0
4174.0,7,5,792,particulier,0
1560.0,22,5,1889,particulier,0
3214.0,22,4,437,particulier,0
1026.0,23,5,986,particulier,0
3586.0,21,5,1570,particulier,0
4514.0,19,4,1825,particulier,0
4327.0,9,5,808,agent,0
1528.0,17,1,664,particulier,0
2463.0,19,2,1319,particulier,0
5201.0,9,2,1232,particulier,0
2753.0,20,5,459,particulier,0
2581.0,21,9,1442,particulier,0
16613.0,11,3,1469,particulier,0
1468.0,22,2,115,particulier,0
8253.0,23,1,1733,particulier,0
1235.0,20,6,493,particulier,0
5748.0,9,2,2089,particulier,0
6015.0,7,2,1857,agent,0
2135.0,10,2,687,agent,0
1170.0,22,5,520,particulier,0
617.0,21,8,2015,particulier,0
1953.0,22,6,1081,facture,0
5153.0,8,5,1717,particulier,0
1318.0,20,3,2121,particulier,0
3577.0,20,3,1360,particulier,0
939.0,20,4,1241,particulier,0
2701.0,21,3,1095,particulier,0
1243.0,9,1,1860,agent,0
3083.0,11,4,2121,particulier,0
2152.0,19,3,1341,agent,0
1198.0,18,3,95,particulier,0
1882.0,18,5,75,particulier,0
1489.0,21,5,1834,facture,0
1078.0,20,3,1576,particulier,0
8270.0,19,3,2044,agent,0
2426.0,22,3,818,particulier,0
507.0,9,3,1362,agent,0
1940.0,19,4,144,agent,0
7169.0,18,4,1188,particulier,0
1725.0,23,4,2025,agent,0
11767.0,21,3,1108,particulier,0
1591.0,20,1,1759,particulier,0
5054.0,23,2,1003,particulier,0
7952.0,20,3,1499,facture,0
4830.0,21,2,2075,particulier,0
1024.0,4,0,2003,particulier,0
1479.0,8,1,676,particulier,0
8907.0,10,3,26,particulier,0
1663.0,23,0,163,particulier,0
7550.0,6,5,854,agent,0
2285.0,22,4,1599,particulier,0
3715.0,20,4,2004,particulier,0
1014.0,22,5,1485,particulier,0
1964.0,11,4,230,particulier,0
1566.0,9,3,1634,particulier,0
3991.0,19,3,860,particulier,0
3566.0,19,3,1404,particulier,0
4882.0,7,1,92,particulier,0
2171.0,11,6,1378,particulier,0
1494.0,19,3,791,particulier,0
3848.0,23,4,1763,particulier,0
1373.0,19,6,1647,particulier,0
8239.0,23,5,1578,particulier,0
2989.0,23,7,1873,particulier,0
2497.0,20,6,1852,agent,0
4880.0,19,3,2154,particulier,0
3087.0,20,3,320,particulier,0
805.0,10,3,339,particulier,0
1336.0,23,4,448,particulier,0
8095.0,18,3,1837,particulier,0
3538.0,21,3,1927,particulier,0
789.0,6,6,1242,agent,0
4444.0,20,3,1219,particulier,0
2048.0,23,4,2163,particulier,0
1567.0,19,3,2187,agent,0
1245.0,17,2,1244,particulier,0
7707.0,12,3,813,agent,0
620.0,21,1,521,particulier,0
1617.0,19,1,774,particulier,0
3649.0,19,4,2066,particulier,0
12602.0,21,3,1159,particulier,0
5275.0,11,2,1911,agent,0
1605.0,9,1,1238,agent,0
12088.0,7,2,1810,particulier,0
1041.0,23,4,1240,particulier,0
4128.0,21,3,1881,particulier,0
4987.0,7,5,1922,agent,0
1558.0,20,3,1936,particulier,0
5961.0,9,2,568,particulier,0
2129.0,20,3,832,agent,0
5948.0,20,2,936,particulier,0
690.0,10,0,1309,particulier,0
4380.0,20,1,416,particulier,0
2321.0,23,4,470,agent,0
8754.0,20,3,1689,particulier,0
3174.0,18,3,380,particulier,0
9527.0,17,4,377,agent,0
5072.0,19,7,1821,facture,0
2956.0,9,2,194,particulier,0
6435.0,17,5,994,particulier,0
6470.0,20,6,962,particulier,0
4920.0,23,3,1800,particulier,0
469.0,11,2,1017,particulier,0
1429.0,17,4,2046,particulier,0
10684.0,21,2,899,agent,0
1133.0,8,2,136,particulier,0
6975.0,4,4,842,particulier,0
6006.0,10,1,47,particulier,0
1778.0,11,1,262,agent,0
604.0,18,4,1871,agent,0
2031.0,8,4,110,particulier,0
19270.0,21,6,197,particulier,0
1582.0,14,3,1693,particulier,0
1677.0,20,3,1768,particulier,0
1411.0,16,3,1876,particulier,0
9252.0,20,3,285,particulier,0
2680.0,23,2,498,facture,0
1935.0,23,2,1126,particulier,0
10954.0,9,4,474,particulier,0
5391.0,19,5,519,agent,0
1508.0,18,2,1522,particulier,0
1164.0,23,1,1877,particulier,0
8817.0,15,1,720,particulier,0
3342.0,10,7,1565,particulier,0
883.0,19,5,786,facture,0
724.0,18,0,679,particulier,0
1276.0,23,3,378,particulier,0
1149.0,17,2,182,particulier,0
579.0,18,4,1448,agent,0
1294.0,12,8,53,agent,0
1508.0,10,8,2171,particulier,0
2223.0,20,1,974,particulier,0
13891.0,6,3,118,agent,0
2626.0,12,2,1140,facture,0
2857.0,19,4,1622,particulier,0
5079.0,9,0,1970,particulier,0
2693.0,17,1,70,particulier,0
4629.0,14,6,442,particulier,0
4182.0,19,3,1199,particulier,0
3656.0,11,3,915,agent,0
34596.0,12,4,296,particulier,0
7147.0,9,6,758,agent,0
1314.0,20,0,1607,particulier,0
4513.0,23,7,1485,particulier,0
1681.0,8,2,2009,particulier,0
4814.0,19,2,720,agent,0
1024.0,3,2,1359,particulier,0
1285.0,20,4,974,particulier,0
4413.0,22,3,1899,particulier,0
7693.0,11,4,337,agent,0
5051.0,9,2,1448,particulier,0
6809.0,19,2,417,particulier,0
4527.0,12,2,585,agent,0
3815.0,17,6,1109,particulier,0
2147.0,21,6,1921,agent,0
6575.0,21,1,2016,particulier,0
7873.0,23,6,904,particulier,0
3122.0,9,3,1109,agent,0
2983.0,19,3,606,particulier,0
12742.0,10,5,1586,particulier,0
3238.0,21,3,1184,particulier,0
3513.0,8,4,2173,agent,0
4972.0,20,3,1786,particulier,0
3032.0,21,4,1668,agent,0
1640.0,18,1,2169,particulier,0
4543.0,7,7,335,agent,0
3188.0,11,2,680,agent,0
15771.0,21,2,316,particulier,0
6439.0,23,4,1140,agent,0
1986.0,23,3,1203,particulier,0
6122.0,22,6,2191,particulier,0
4280.0,16,3,55,particulier,0
10027.0,10,3,1127,agent,0
2110.0,16,2,704,particulier,0
3868.0,23,4,61,agent,0
3028.0,11,2,2010,particulier,0
3462.0,9,3,1497,particulier,0
1552.0,19,3,1103,particulier,0
5375.0,8,3,1626,agent,0
4700.0,21,4,735,particulier,0
9823.0,20,6,1850,particulier,0
3267.0,21,2,1284,particulier,0
2321.0,21,3,1877,particulier,0
6444.0,20,6,1797,particulier,0
1677.0,7,2,1180,particulier,0
8285.0,23,4,442,particulier,0
8270.0,21,2,1679,particulier,0
9592.0,13,5,267,agent,0
4537.0,6,4,524,facture,0
2179.0,9,5,1018,particulier,0
3615.0,12,1,21,agent,0
4551.0,10,1,733,agent,0
2046.0,8,4,300,particulier,0
10231.0,18,4,63,particulier,1
5394.0,19,5,2013,particulier,0
1543.0,20,1,183,agent,0
16325.0,18,5,1860,particulier,0
3579.0,20,3,605,facture,0
1300.0,21,5,203,particulier,0
1627.0,22,2,1763,particulier,0
11668.0,23,3,1046,particulier,0
15541.0,20,2,270,particulier,0
7770.0,20,5,1857,agent,0
10111.0,17,4,1319,particulier,0
9266.0,21,3,88,particulier,0
5289.0,19,3,1822,particulier,0
4358.0,20,1,1850,particulier,0
5213.0,14,8,908,particulier,0
6159.0,8,5,1651,agent,0
1754.0,22,8,1355,particulier,0
6137.0,11,2,968,particulier,0
11382.0,10,2,1340,particulier,0
2764.0,6,2,1516,facture,0
2524.0,6,2,1061,particulier,0
4940.0,19,2,1682,particulier,0
1897.0,20,2,1571,particulier,0
1076.0,22,4,1428,particulier,0
8739.0,23,3,560,particulier,0
2246.0,23,5,412,particulier,0
3347.0,10,5,274,particulier,0
1961.0,20,5,1153,particulier,0
9752.0,23,6,2005,agent,0
6804.0,11,2,154,particulier,0
2685.0,13,3,1324,particulier,0
1208.0,20,2,1424,facture,0
2453.0,19,4,494,particulier,0
5349.0,20,0,1579,particulier,0
3867.0,22,2,737,particulier,0
3615.0,21,2,746,particulier,0
3944.0,19,2,512,particulier,0
6279.0,23,1,591,agent,0
3179.0,7,4,125,particulier,0
4830.0,17,2,1289,particulier,0
1424.0,18,2,156,particulier,0
28876.0,21,2,1799,particulier,0
2588.0,8,1,1280,particulier,0
3917.0,18,1,1280,particulier,0
5332.0,19,4,424,agent,0
2323.0,20,3,377,agent,0
3316.0,18,3,579,particulier,0
3282.0,10,4,833,particulier,0
1515.0,8,0,712,particulier,0
4783.0,20,1,312,agent,0
811.0,21,6,1601,particulier,0
14615.0,21,1,125,particulier,0
6464.0,13,2,2074,particulier,0
5672.0,23,3,259,agent,0
753.0,20,6,241,particulier,0
1680.0,6,1,1977,agent,0
10732.0,22,2,775,particulier,0
112258.0,10,1,1117,particulier,1
9095.0,18,5,447,agent,0
7954.0,6,1,680,agent,0
5147.0,10,2,619,particulier,0
1603.0,21,3,698,particulier,0
7676.0,19,0,260,particulier,0
1292.0,18,3,235,particulier,0
1177.0,8,2,367,agent,0
1116.0,23,3,1087,particulier,0
7550.0,7,1,2078,particulier,0
3138.0,7,2,2016,agent,0
3589.0,8,3,1082,agent,0
3252.0,23,3,922,particulier,0
1265.0,17,1,1285,particulier,0
1863.0,19,6,1101,facture,0
1944.0,21,0,1856,particulier,0
998.0,21,5,61,particulier,0
2146.0,23,1,1015,particulier,0
1314.0,9,4,218,particulier,0
5383.0,19,5,1800,agent,0
5778.0,21,3,142,particulier,0
1097.0,20,3,666,particulier,0
2560.0,14,6,1095,particulier,0
15957.0,11,4,1963,particulier,0
1431.0,21,2,988,particulier,0
4735.0,23,4,1337,particulier,0
3604.0,22,2,9,agent,0
8341.0,23,0,592,agent,0
4235.0,14,5,1995,facture,0
2283.0,21,0,534,agent,0
3487.0,12,2,1371,particulier,0
3530.0,22,7,1206,particulier,0
3047.0,23,7,765,agent,0
1074.0,22,4,80,particulier,0
9477.0,9,2,967,particulier,0
8156.0,22,4,1232,agent,0
1356.0,10,2,2199,particulier,0
2551.0,15,3,1610,particulier,0
2721.0,11,2,1053,particulier,0
1233.0,22,5,809,particulier,0
674.0,20,6,1727,particulier,0
1863.0,9,2,2084,particulier,0
2433.0,12,5,917,agent,0
968.0,8,5,909,particulier,0
3829.0,6,3,1141,facture,0
8852.0,19,3,803,particulier,0
6740.0,22,2,1559,particulier,0
2958.0,21,6,1301,particulier,0
689.0,18,2,613,agent,0
6053.0,21,2,608,particulier,0
3731.0,22,5,1895,facture,0
4725.0,22,5,518,particulier,0
17080.0,23,5,627,particulier,0
1634.0,18,1,1897,particulier,0
286.0,7,3,1670,particulier,0
1346.0,15,4,292,particulier,0
4980.0,23,4,1699,facture,0
3371.0,8,1,277,particulier,0
1172.0,20,4,85,particulier,0
986.0,20,3,1434,particulier,0
2437.0,22,2,988,particulier,0
1142.0,23,3,22,agent,0
5128.0,20,3,1926,particulier,0
2322.0,11,3,1247,agent,0
1933.0,21,3,1985,agent,0
1729.0,10,2,240,agent,0
4120.0,19,3,511,particulier,0
3416.0,22,2,2076,particulier,0
3911.0,12,4,1305,particulier,0
3840.0,7,1,361,particulier,0
3098.0,18,4,346,particulier,0
1369.0,23,4,1044,facture,0
1771.0,23,3,1730,particulier,0
2356.0,7,2,1002,agent,0
19061.0,16,5,244,particulier,0
1047.0,19,1,607,particulier,0
2307.0,21,6,1950,particulier,0
3581.0,5,5,1692,particulier,0
2546.0,15,2,1676,particulier,0
8208.0,7,3,796,particulier,0
2535.0,18,1,1029,facture,0
2699.0,22,1,652,particulier,0
6584.0,22,3,1234,particulier,0
15354.0,22,2,535,particulier,0
10898.0,20,5,1122,particulier,0
2933.0,21,4,1204,particulier,0
3159.0,20,3,435,particulier,0
3428.0,11,2,843,particulier,0
3733.0,19,1,929,particulier,0
1603.0,19,3,1861,agent,0
7303.0,23,3,1187,particulier,0
3927.0,22,1,609,agent,0
3171.0,22,2,230,particulier,0
1118.0,23,5,570,particulier,0
3474.0,11,3,86,agent,0
659.0,9,4,1535,particulier,0
2009.0,19,2,433,facture,0
2041.0,22,2,1108,particulier,0
4205.0,5,2,1966,particulier,0
16283.0,19,6,906,particulier,0
5357.0,19,2,572,particulier,0
11284.0,7,5,614,particulier,0
5701.0,22,3,1423,particulier,0
8572.0,23,4,1670,particulier,0
15971.0,8,0,1907,agent,0
1769.0,22,2,1239,particulier,0
1673.0,10,3,466,particulier,0
5817.0,21,4,941,particulier,0
3284.0,17,1,1615,particulier,0
3973.0,7,4,609,facture,0
2667.0,7,3,1297,particulier,0
1985.0,12,0,1396,particulier,0
13064.0,20,1,1998,particulier,0
1294.0,5,4,894,particulier,0
5904.0,19,4,864,particulier,0
5144.0,23,1,1781,particulier,0
861.0,15,5,115,agent,0
1626.0,23,6,1926,particulier,0
1876.0,21,2,1989,particulier,0
5324.0,7,5,467,agent,0
2412.0,7,3,2026,agent,0
3063.0,18,2,1051,particulier,0
954.0,22,3,585,particulier,0
23790.0,20,3,1632,agent,0
3500.0,21,3,927,particulier,0
5035.0,21,5,245,particulier,0
2081.0,18,5,992,agent,0
1892.0,23,4,1314,agent,0
16744.0,21,1,120,particulier,1
646.0,9,3,311,particulier,0
4175.0,10,2,955,particulier,0
1176.0,19,1,737,particulier,0
2335.0,20,3,367,particulier,0
1915.0,8,2,2073,particulier,0
1425.0,20,5,907,particulier,0
3395.0,9,3,2021,particulier,0
371.0,23,4,961,particulier,0
2520.0,11,4,207,particulier,0
3051.0,23,3,926,particulier,0
1038.0,12,5,921,particulier,0
11923.0,7,3,1323,particulier,0
1988.0,20,3,794,particulier,0
2692.0,8,2,1610,particulier,0
1991.0,23,5,1189,particulier,0
3074.0,17,4,823,particulier,0
10016.0,12,0,1651,agent,0
26959.0,19,3,1708,particulier,0
6209.0,20,3,389,particulier,0
8307.0,19,1,1841,particulier,0
14171.0,19,1,2056,particulier,0
4071.0,19,3,723,particulier,0
12515.0,18,4,1861,particulier,0
6461.0,22,2,401,particulier,0
3723.0,21,11,1472,agent,0
4437.0,20,5,1006,particulier,0
701.0,5,3,521,facture,0
4223.0,11,1,782,agent,0
887.0,17,2,488,agent,0
828.0,23,3,626,particulier,0
3881.0,20,2,184,agent,0
1278.0,17,1,1773,particulier,0
3275.0,21,1,470,particulier,0
3706.0,20,4,2071,agent,0
3849.0,10,4,2053,particulier,0
1528.0,9,0,1003,particulier,0
7072.0,21,5,618,particulier,0
3054.0,19,6,160,particulier,0
4793.0,6,2,1061,particulier,0
1192.0,4,3,941,particulier,0
2831.0,19,1,225,agent,0
8372.0,21,4,730,agent,0
7515.0,23,3,1674,particulier,0
1673.0,20,4,1268,particulier,0
2072.0,9,3,1955,agent,0
1422.0,20,6,527,particulier,0
1886.0,20,3,2123,facture,0
1003.0,17,2,1540,particulier,0
2929.0,20,2,659,agent,0
5643.0,6,5,2119,agent,0
1690.0,18,5,570,facture,0
3050.0,10,2,469,agent,0
2731.0,9,6,1741,particulier,0
8078.0,11,5,951,particulier,0
1959.0,21,2,1838,agent,0
2020.0,17,3,1646,agent,0
1605.0,19,4,447,particulier,0
1253.0,21,5,607,facture,0
5166.0,22,3,1913,particulier,0
2937.0,20,5,1574,facture,0
3452.0,6,1,2148,particulier,0
9735.0,13,4,1178,agent,0
10222.0,8,1,1645,particulier,0
813.0,9,4,1286,particulier,0
5714.0,6,6,2113,particulier,0
3991.0,17,3,759,particulier,0
2225.0,23,3,2045,particulier,0
4353.0,8,7,357,particulier,0
759.0,8,2,1161,agent,0
11421.0,9,2,1262,particulier,0
5104.0,22,2,904,particulier,0
1579.0,6,2,1076,particulier,0
2003.0,18,4,1507,agent,0
775.0,19,3,799,particulier,0
2523.0,23,6,367,particulier,0
2186.0,23,2,1977,agent,0
1068.0,21,3,693,agent,0
6375.0,7,4,1742,particulier,0
9752.0,18,0,1281,particulier,0
3219.0,10,4,224,facture,0
2541.0,21,1,515,particulier,0
4768.0,14,0,1659,agent,0
3240.0,23,3,427,particulier,0
1313.0,17,3,1585,facture,0
1892.0,22,3,515,facture,0
2561.0,18,2,1680,particulier,0
4068.0,23,1,1279,particulier,0
3321.0,17,5,1795,agent,0
3940.0,19,2,1392,particulier,0
901.0,23,2,182,particulier,0
5799.0,19,0,1715,particulier,0
3304.0,22,2,2196,agent,0
28848.0,22,5,893,agent,0
2370.0,6,2,1996,particulier,0
4337.0,18,1,870,particulier,0
36492.0,19,4,502,particulier,0
3885.0,7,7,1882,particulier,0
3110.0,22,2,683,agent,0
1424.0,10,3,478,particulier,0
12077.0,13,3,694,agent,0
1230.0,11,2,1235,particulier,0
4736.0,9,1,1467,particulier,0
2203.0,21,4,1903,particulier,0
2805.0,20,8,1516,particulier,0
982.0,22,5,1686,particulier,0
10318.0,10,0,165,particulier,0
2602.0,18,3,268,particulier,0
1173.0,20,5,501,particulier,0
9555.0,8,2,1509,agent,0
2146.0,21,6,1562,particulier,0
4378.0,20,3,1552,particulier,0
6736.0,18,4,819,particulier,0
4929.0,22,3,61,particulier,0
509.0,17,3,953,particulier,0
5949.0,20,6,2047,agent,0
3024.0,5,0,1175,particulier,0
2491.0,21,1,1486,particulier,0
3003.0,19,4,28,particulier,0
838.0,9,2,1794,particulier,0
3879.0,18,2,950,particulier,0
1033.0,20,3,201,particulier,0
2584.0,21,2,1829,particulier,0
3762.0,13,6,1939,agent,0
8209.0,20,4,1505,particulier,0
1641.0,8,3,974,particulier,0
11315.0,9,3,1204,particulier,0
7367.0,22,4,16,agent,0
2287.0,17,5,487,particulier,0
1284.0,13,4,858,particulier,0
966.0,23,0,1926,particulier,0
4151.0,22,2,1592,agent,0
1760.0,15,3,561,particulier,0
9131.0,21,1,1416,agent,0
1849.0,11,1,1878,particulier,0
1532.0,19,5,1454,agent,0
4018.0,23,1,56,particulier,0
1839.0,15,4,1997,particulier,0
3318.0,21,2,927,facture,0
7617.0,7,3,452,particulier,0
3640.0,21,3,510,particulier,0
3651.0,9,4,428,particulier,0
3922.0,18,3,769,particulier,0
781.0,10,2,2045,particulier,0
4597.0,9,4,505,particulier,0
3774.0,15,1,1090,particulier,0
7037.0,8,1,237,particulier,0
5513.0,20,3,673,particulier,0
2775.0,22,6,782,particulier,0
7923.0,23,2,1229,particulier,0
2569.0,23,4,1907,agent,0
4065.0,7,4,1534,particulier,0
2529.0,8,5,2015,facture,0
4878.0,23,1,1425,particulier,0
2392.0,9,2,818,particulier,0
13365.0,19,4,2106,particulier,0
18302.0,21,1,1447,particulier,0
6925.0,9,4,1298,facture,0
12211.0,21,1,1032,particulier,0
890.0,11,3,2169,agent,0
984.0,23,1,379,particulier,0
2507.0,19,1,1782,particulier,0
3412.0,20,7,532,particulier,0
2784.0,23,8,2076,agent,0
816.0,23,2,1937,particulier,0
8768.0,20,2,434,particulier,0
20559.0,22,0,607,particulier,0
9787.0,10,4,1577,particulier,0
8289.0,17,4,1374,particulier,0
3993.0,18,0,1896,agent,0
1609.0,19,2,585,facture,0
3504.0,21,3,704,particulier,0
19727.0,23,3,2009,particulier,0
2443.0,19,5,1858,particulier,0
2238.0,18,3,1780,agent,0
8444.0,7,2,1590,particulier,0
8934.0,18,5,1845,particulier,0
1602.0,19,7,893,facture,0
2638.0,10,2,1626,particulier,0
2150.0,19,1,991,particulier,0
3496.0,18,8,1569,particulier,0
8418.0,20,3,1751,facture,0
1663.0,23,4,249,particulier,0
8318.0,11,3,752,particulier,0
3592.0,23,2,353,particulier,0
23796.0,8,3,1412,particulier,0
4320.0,23,2,153,facture,0
3034.0,10,5,205,agent,0
5370.0,23,1,2053,facture,0
2474.0,9,5,2177,facture,0
716.0,23,4,717,particulier,0
2685.0,21,2,897,particulier,0
2650.0,18,2,1745,particulier,0
851.0,6,1,1224,particulier,0
3096.0,23,1,2172,facture,0
568.0,20,4,524,agent,0
2452.0,8,4,515,particulier,0
4052.0,9,3,2124,agent,0
3578.0,14,4,1254,particulier,0
2323.0,18,1,157,particulier,0
3063.0,21,5,210,particulier,0
1692.0,9,4,1423,agent,0
3325.0,21,6,650,particulier,0
3461.0,10,4,1534,particulier,0
1533.0,20,0,847,particulier,0
4136.0,7,3,1564,particulier,0
4114.0,22,5,1128,particulier,0
2860.0,21,6,1124,particulier,0
25794.0,7,2,682,particulier,0
2923.0,9,4,1430,particulier,0
2598.0,11,3,1139,particulier,0
2301.0,22,1,1786,particulier,0
1443.0,20,4,543,particulier,0
5902.0,10,4,700,particulier,0
1838.0,21,3,1356,particulier,0
2033.0,20,4,229,particulier,0
2085.0,21,2,2135,particulier,0
1426.0,23,2,1719,particulier,0
744.0,21,2,1057,particulier,0
2223.0,21,6,1335,agent,0
6921.0,12,5,1178,particulier,0
3895.0,11,2,1083,particulier,0
12413.0,21,1,1167,particulier,0
6237.0,17,1,537,particulier,0
5143.0,19,4,638,facture,0
16322.0,14,2,322,particulier,0
3033.0,8,6,1372,particulier,0
3476.0,19,2,1536,particulier,0
3263.0,9,3,447,facture,0
12237.0,21,0,1240,particulier,0
3302.0,13,3,1271,particulier,0
1899.0,9,3,222,agent,0
5429.0,8,0,2025,agent,0
1646.0,22,4,1586,particulier,0
5185.0,23,7,633,particulier,0
4683.0,21,1,2126,particulier,0
2805.0,22,4,511,particulier,0
5329.0,17,1,46,particulier,0
930.0,14,5,1979,particulier,0
3784.0,15,2,2116,agent,0
2223.0,19,7,62,agent,0
37531.0,23,3,826,agent,1
3761.0,15,3,1215,particulier,0
1984.0,20,6,639,particulier,0
1021.0,22,4,558,particulier,0
9993.0,6,0,388,facture,0
2447.0,17,2,2199,particulier,0
1681.0,22,2,332,agent,0
4385.0,9,4,1378,agent,0
5723.0,23,4,1654,particulier,0
5647.0,20,3,2183,facture,0
3350.0,5,3,2108,particulier,0
3772.0,13,5,303,particulier,0
4013.0,23,3,1646,particulier,0
4385.0,19,0,1721,particulier,0
4728.0,11,1,880,particulier,0
8352.0,21,5,958,particulier,0
3456.0,9,6,700,particulier,0
1645.0,23,2,271,particulier,0
2914.0,18,2,608,particulier,0
6252.0,20,1,886,agent,0
722.0,8,2,1469,agent,0
725.0,21,3,1101,particulier,0
7191.0,10,5,613,particulier,0
11993.0,12,1,842,particulier,0
1124.0,13,3,1651,agent,0
3588.0,7,1,1191,particulier,0
2346.0,23,3,2181,particulier,0
2639.0,22,4,626,particulier,0
4271.0,23,2,2116,particulier,0
1098.0,18,6,426,particulier,0
1285.0,22,3,1992,particulier,0
2550.0,12,5,502,agent,0
2912.0,7,2,1638,facture,0
1265.0,22,3,1577,facture,0
6446.0,23,1,1636,particulier,0
2310.0,12,3,816,agent,0
2302.0,8,2,2165,particulier,0
4189.0,10,3,895,agent,0
2953.0,22,2,999,particulier,0
6713.0,19,4,769,particulier,0
1490.0,7,5,1656,particulier,0
1004.0,20,3,201,particulier,0
2532.0,8,1,862,particulier,0
3468.0,21,4,2105,agent,0
1148.0,19,2,1568,facture,0
1013.0,21,2,703,particulier,0
3847.0,6,3,521,facture,0
1730.0,23,0,1628,particulier,0
958.0,14,3,727,particulier,0
7484.0,5,1,927,particulier,0
1926.0,7,6,1059,particulier,0
8755.0,10,3,1942,particulier,0
3375.0,5,3,318,particulier,0
4232.0,9,3,1007,particulier,0
2752.0,21,2,1808,facture,0
345.0,8,3,1978,agent,0
1254.0,7,4,1571,facture,0
2961.0,17,2,983,particulier,0
4492.0,23,4,763,particulier,0
720.0,20,3,559,particulier,0
3148.0,14,5,1955,particulier,0
1269.0,9,2,336,facture,0
4022.0,19,4,480,particulier,0
3241.0,9,3,1065,particulier,0
6198.0,23,5,891,particulier,0
8158.0,23,3,1212,particulier,0
4867.0,12,2,71,particulier,0
6845.0,10,3,1736,particulier,0
2446.0,22,2,301,facture,0
36303.0,10,5,1478,particulier,0
1169.0,12,2,1636,particulier,0
2104.0,6,4,943,particulier,0
7088.0,9,4,260,agent,0
6247.0,18,3,2144,particulier,0
4985.0,21,3,835,particulier,0
5849.0,18,2,1812,particulier,0
561.0,21,3,867,particulier,0
12720.0,19,3,1804,particulier,0
2770.0,18,3,498,agent,0
9500.0,21,1,13,facture,0
585.0,19,2,245,particulier,0
4097.0,19,4,439,particulier,0
2041.0,21,4,919,agent,0
5358.0,17,2,911,particulier,0
4314.0,20,3,1185,particulier,0
4497.0,9,5,1718,particulier,0
1339.0,12,3,625,particulier,0
3139.0,6,2,2137,particulier,0
2827.0,8,3,885,particulier,0
5019.0,7,3,2103,particulier,0
7638.0,7,6,843,particulier,0
3744.0,23,8,1215,particulier,0
1113.0,21,2,1569,agent,0
3610.0,23,4,209,agent,0
30316.0,19,3,1007,particulier,0
13348.0,10,0,1687,particulier,0
263.0,21,3,1605,facture,0
3477.0,4,3,1786,particulier,0
7276.0,23,3,1019,agent,0
2821.0,7,5,508,particulier,0
2228.0,18,3,1088,particulier,0
2626.0,19,1,641,particulier,0
5268.0,18,2,1445,particulier,0
1241.0,21,2,2010,agent,0
9049.0,21,2,632,particulier,0
3141.0,8,4,1999,agent,0
1488.0,20,1,323,agent,0
8567.0,23,5,1648,particulier,0
886.0,21,3,1907,particulier,0
2055.0,20,3,1523,particulier,0
2027.0,21,3,1249,particulier,0
20381.0,22,1,2126,agent,0
1840.0,7,5,704,agent,0
528.0,18,4,1275,facture,0
2009.0,5,4,1952,particulier,0
4852.0,22,2,466,agent,0
6415.0,8,6,851,facture,0
22812.0,11,2,1281,particulier,0
10893.0,22,4,1979,particulier,0
3865.0,8,3,1955,particulier,0
1544.0,22,8,1368,particulier,0
13101.0,22,4,2178,particulier,0
2408.0,11,3,1320,agent,0
1883.0,12,1,1860,facture,0
2311.0,16,3,2121,particulier,0
1136.0,7,0,1762,facture,0
2219.0,22,2,1689,particulier,0
2702.0,22,3,1587,facture,0
6131.0,20,1,756,particulier,0
2369.0,19,4,464,particulier,0
1122.0,5,1,444,agent,0
843.0,20,6,1123,agent,0
3937.0,6,3,30,particulier,0
3504.0,8,3,1996,particulier,0
2057.0,19,2,891,particulier,0
2214.0,22,3,2006,particulier,0
4583.0,20,5,441,facture,0
10743.0,22,4,2114,agent,0
1697.0,21,8,944,particulier,0
3553.0,23,3,636,agent,0
7439.0,22,5,598,particulier,0
1703.0,21,3,1899,particulier,0
3251.0,10,8,102,particulier,0
3190.0,8,1,96,particulier,0
1081.0,10,3,1642,agent,0
3802.0,12,2,1427,agent,0
3384.0,21,2,745,particulier,0
5281.0,16,5,819,particulier,0
1201.0,21,4,1478,particulier,0
3323.0,8,2,2098,agent,0
10662.0,22,0,2142,facture,0
19262.0,23,5,495,particulier,0
9780.0,10,0,1010,particulier,0
1211.0,22,1,766,particulier,0
4834.0,6,3,1993,agent,0
2185.0,21,4,161,particulier,0
4194.0,20,5,2178,agent,0
1709.0,8,1,148,agent,0
768.0,15,6,541,particulier,0
2458.0,23,1,550,agent,0
6089.0,20,1,2163,particulier,0
4208.0,9,3,1663,particulier,0
4640.0,20,5,890,particulier,0
3960.0,23,4,264,particulier,0
4646.0,21,4,851,particulier,0
5167.0,21,3,1176,facture,0
2608.0,23,2,2075,particulier,0
3535.0,23,4,1710,particulier,0
14498.0,7,1,1983,particulier,0
3717.0,16,4,640,particulier,0
3416.0,22,3,548,particulier,0
3596.0,19,3,1337,particulier,0
2737.0,22,6,674,particulier,0
2275.0,20,1,1223,particulier,0
3934.0,6,3,1332,particulier,0
2143.0,23,1,1847,particulier,0
2911.0,10,6,1303,particulier,0
1683.0,21,4,293,agent,0
3611.0,9,2,781,particulier,0
5413.0,9,3,210,particulier,0
2751.0,7,0,1920,particulier,0
598.0,21,5,1995,agent,0
5442.0,19,3,269,particulier,0
3649.0,10,5,1998,particulier,0
1416.0,17,2,816,particulier,0
6357.0,21,3,348,particulier,0
1004.0,8,2,680,facture,0
8011.0,20,4,551,particulier,0
3138.0,22,1,1772,particulier,0
479.0,9,6,860,particulier,0
3834.0,20,2,173,particulier,0
2333.0,7,1,1559,facture,0
2052.0,9,2,1260,agent,0
1760.0,23,4,1600,particulier,0
2957.0,23,2,1738,particulier,0
2181.0,8,3,1855,particulier,0
680.0,23,5,1131,particulier,0
9713.0,9,5,65,particulier,0
2677.0,18,2,756,particulier,0
1768.0,21,4,236,particulier,0
1262.0,9,3,88,particulier,0
6343.0,23,4,1200,facture,0
1093.0,18,2,1038,agent,0
3692.0,21,3,1657,particulier,0
2006.0,20,3,810,agent,0
2108.0,22,2,1341,particulier,0
1289.0,11,3,1299,particulier,0
1944.0,23,3,1732,agent,0
3319.0,12,2,1199,agent,0
4024.0,18,6,1583,particulier,0
1690.0,19,1,777,agent,0
3049.0,23,4,672,particulier,0
7011.0,9,4,1441,agent,0
802.0,20,4,1181,agent,0
3277.0,13,3,820,agent,0
1468.0,13,1,2026,particulier,0
1346.0,9,4,718,agent,0
4113.0,20,2,1941,facture,0
2073.0,20,5,410,particulier,0
1171.0,21,3,2106,particulier,0
10154.0,12,7,467,facture,0
7202.0,23,5,1608,particulier,0
637.0,19,1,808,agent,0
941.0,16,5,595,particulier,0
5456.0,18,2,2190,facture,0
2586.0,23,4,918,particulier,0
11796.0,21,4,13,particulier,0
5563.0,23,7,1539,particulier,0
4249.0,19,3,1206,particulier,0
1382.0,19,5,800,particulier,0
5003.0,16,2,368,particulier,0
1114.0,7,4,60,particulier,0
9991.0,21,3,1584,facture,0
4716.0,9,5,471,agent,0
1634.0,22,1,977,agent,0
6529.0,23,4,609,particulier,0
22143.0,20,3,126,particulier,0
2738.0,10,4,1819,agent,0
5260.0,14,1,1537,agent,0
2282.0,8,4,313,agent,0
3542.0,21,2,1892,particulier,0
915.0,8,2,1762,agent,0
3293.0,23,5,318,particulier,0
3419.0,19,2,705,particulier,0
15201.0,12,1,81,particulier,1
716.0,18,5,469,agent,0
2595.0,9,5,1388,particulier,0
9847.0,8,5,886,agent,0
2682.0,10,4,923,facture,0
2848.0,18,2,1753,particulier,0
1623.0,18,2,1251,agent,0
1491.0,19,10,1692,agent,0
698.0,22,3,1842,particulier,0
1930.0,10,3,1279,particulier,0
1421.0,20,6,1472,agent,0
3642.0,9,4,397,agent,0
1687.0,19,4,1020,particulier,0
2192.0,16,5,1724,particulier,0
2243.0,7,2,1597,agent,0
3162.0,20,2,1614,particulier,0
2102.0,20,3,1049,agent,0
1336.0,11,3,1031,particulier,0
3544.0,20,3,1454,particulier,0
8163.0,23,3,392,agent,0
3675.0,10,1,2150,agent,0
1962.0,17,5,357,agent,0
2967.0,13,2,1508,particulier,0
576.0,10,5,217,particulier,0
2926.0,21,3,1972,particulier,0
2344.0,12,2,1187,particulier,0
1490.0,20,2,1644,particulier,0
1738.0,21,2,621,particulier,0
2325.0,11,2,2077,particulier,0
7659.0,21,5,1390,agent,0
8335.0,21,5,1566,particulier,0
1497.0,23,3,1038,particulier,0
2121.0,16,4,559,particulier,0
2167.0,23,1,1138,facture,0
6556.0,14,2,10,particulier,0
3728.0,9,1,1728,agent,0
3565.0,10,3,1840,particulier,0
5197.0,17,3,2084,agent,0
1984.0,20,1,309,agent,0
10502.0,20,3,373,particulier,0
3290.0,22,6,2090,agent,0
1592.0,22,2,2016,particulier,0
2710.0,7,2,619,agent,0
9388.0,23,2,17,particulier,0
2295.0,10,4,390,particulier,0
7384.0,9,3,1411,particulier,0
1936.0,21,2,281,particulier,0
1718.0,6,2,1864,particulier,0
5771.0,18,3,945,agent,0
1567.0,8,1,2034,particulier,0
6629.0,17,8,1838,agent,0
4442.0,20,3,54,particulier,0
1568.0,15,3,1063,particulier,0
3100.0,21,4,800,facture,0
2066.0,11,3,510,particulier,0
4432.0,8,3,1697,facture,0
16393.0,20,4,830,particulier,0
2404.0,10,1,189,particulier,0
5186.0,21,4,1381,agent,0
3364.0,19,3,1559,particulier,0
3363.0,19,2,1081,particulier,0
2863.0,8,3,1167,agent,0
1590.0,20,2,2077,particulier,0
4380.0,19,1,647,agent,0
2577.0,7,4,1952,particulier,0
1527.0,10,5,962,particulier,0
7801.0,17,5,469,particulier,0
3584.0,23,4,225,particulier,0
2714.0,19,4,1128,agent,0
10291.0,18,4,660,agent,0
692.0,20,1,1530,particulier,0
9720.0,9,3,503,particulier,0
1559.0,22,3,1886,particulier,0
3943.0,7,3,1553,agent,0
1998.0,7,2,1124,facture,0
1503.0,20,7,2063,particulier,0
10065.0,21,5,26,facture,0
15959.0,21,3,1805,agent,0
2730.0,8,5,1297,particulier,0
4382.0,19,6,1060,particulier,0
3458.0,20,3,1848,agent,0
14342.0,10,5,637,particulier,0
547.0,11,4,731,agent,0
4539.0,23,3,465,agent,0
1776.0,14,4,169,agent,0
445.0,8,6,305,particulier,0
2425.0,21,6,1810,particulier,0
15849.0,23,1,198,particulier,0
1886.0,11,0,1010,particulier,0
6452.0,8,6,1756,agent,0
9126.0,20,2,686,particulier,0
3259.0,8,4,1754,particulier,0
3650.0,15,4,159,agent,0
766.0,23,4,2012,agent,0
1792.0,15,3,885,facture,0
7122.0,12,6,1851,agent,0
3469.0,19,4,1597,particulier,0
4502.0,20,3,1519,particulier,0
3689.0,23,0,1595,particulier,0
21231.0,23,1,38,particulier,1
2285.0,8,4,441,agent,0
12895.0,16,5,1106,particulier,0
3690.0,9,1,1458,particulier,0
13906.0,22,4,1528,particulier,0
1163.0,8,5,1223,facture,0
3854.0,21,3,2175,particulier,0
2358.0,11,0,1430,particulier,0
3709.0,21,3,274,agent,0
9312.0,18,4,302,particulier,0
4546.0,23,2,2076,particulier,0
9296.0,19,0,1448,particulier,0
1864.0,22,3,162,particulier,0
1637.0,12,3,1000,particulier,0
3340.0,11,2,1019,particulier,0
3188.0,23,2,1582,agent,0
2813.0,8,1,1186,particulier,0
1458.0,23,4,2029,particulier,0
9126.0,20,1,1098,particulier,0
2420.0,19,4,1022,particulier,0
11072.0,18,0,901,particulier,0
3330.0,21,2,1119,particulier,0
5717.0,21,3,1727,facture,0
5293.0,20,7,1777,agent,0
1635.0,19,5,204,particulier,0
4501.0,21,3,1553,particulier,0
16968.0,20,4,1462,particulier,0
4080.0,19,2,1992,particulier,0
7087.0,21,5,1042,agent,0
5939.0,20,2,458,agent,0
4277.0,17,6,1417,agent,0
3860.0,19,5,1919,particulier,0
5246.0,8,5,820,facture,0
6303.0,5,5,678,particulier,0
1044.0,11,5,1875,particulier,0
4065.0,22,3,1235,particulier,0
2817.0,20,3,922,particulier,0
2362.0,18,5,478,facture,0
9913.0,8,3,494,particulier,0
1767.0,21,3,28,particulier,0
1007.0,9,3,616,particulier,0
6479.0,22,7,756,agent,0
985.0,9,2,1708,particulier,0
640.0,23,4,1171,particulier,0
7130.0,23,3,593,agent,0
3770.0,19,2,1185,agent,0
4924.0,4,4,1444,facture,0
2262.0,7,3,182,particulier,0
1016.0,10,3,1810,particulier,0
1202.0,12,4,1492,particulier,0
2614.0,22,4,705,particulier,0
1117.0,23,3,1269,agent,0
4277.0,10,2,2058,particulier,0
2224.0,19,3,1250,particulier,0
3856.0,21,5,1454,particulier,0
3759.0,21,3,1157,particulier,0
4577.0,21,2,1993,particulier,0
5037.0,20,2,1202,particulier,0
2459.0,14,0,1771,particulier,0
3852.0,19,5,122,particulier,0
4026.0,23,5,1944,particulier,0
418.0,17,5,1985,particulier,0
5708.0,12,5,2037,particulier,0
3742.0,7,2,273,agent,0
5321.0,8,1,577,particulier,0
1103.0,19,4,2162,particulier,0
2519.0,8,3,27,particulier,0
1303.0,8,7,739,facture,0
6204.0,23,2,106,facture,0
998.0,7,1,2019,particulier,0
1496.0,23,2,919,particulier,0
5188.0,9,3,844,particulier,0
1930.0,8,2,1750,particulier,0
1496.0,20,4,250,particulier,0
7120.0,21,1,686,particulier,0
7373.0,21,6,1024,agent,0
6086.0,6,1,171,agent,0
6778.0,7,4,806,particulier,0
2706.0,20,4,114,facture,0
2769.0,5,1,883,agent,0
1899.0,21,3,1654,particulier,0
3799.0,21,4,1375,particulier,0
2103.0,22,6,941,agent,0
2280.0,8,5,2009,particulier,0
5486.0,11,2,472,particulier,0
9017.0,14,3,2059,particulier,0
4622.0,13,4,1222,agent,0
15141.0,23,3,1095,particulier,0
1809.0,21,2,627,facture,0
691.0,19,2,1408,agent,0
6048.0,19,4,2088,particulier,0
1709.0,23,1,740,particulier,0
2611.0,16,0,1555,particulier,0
732.0,18,4,809,particulier,0
1534.0,21,0,256,particulier,0
919.0,19,2,345,particulier,0
2278.0,7,4,649,particulier,0
2356.0,22,5,1521,particulier,0
3556.0,11,1,1280,particulier,0
9450.0,23,2,1882,particulier,0
5857.0,7,4,822,agent,0
830.0,19,2,55,particulier,0
5524.0,23,3,496,particulier,0
3623.0,17,5,1035,agent,0
3032.0,21,3,461,particulier,0
3232.0,10,3,551,particulier,0
3920.0,14,6,2053,facture,0
1830.0,20,3,1893,particulier,0
2821.0,8,2,931,particulier,0
9012.0,20,1,1159,particulier,0
1811.0,21,2,438,particulier,0
1373.0,21,3,589,particulier,0
3126.0,21,2,1891,agent,0
1260.0,19,5,1616,particulier,0
762.0,22,5,1079,particulier,0
2458.0,21,7,686,agent,0
11286.0,12,6,1739,particulier,0
3188.0,19,2,2179,agent,0
3834.0,17,2,251,particulier,0
539.0,11,6,591,particulier,0
4781.0,11,7,1404,particulier,0
3567.0,12,4,505,agent,0
1872.0,22,1,2143,particulier,0
3839.0,8,2,389,particulier,0
3807.0,22,3,711,particulier,0
1339.0,3,4,1774,particulier,0
4368.0,7,1,1212,particulier,0
9114.0,17,2,40,particulier,0
2714.0,8,5,1998,agent,0
1576.0,6,0,776,particulier,0
2833.0,8,3,1680,particulier,0
6812.0,8,3,191,particulier,0
1162.0,8,6,480,agent,0
5387.0,21,2,693,particulier,0
1851.0,16,3,1227,particulier,0
4047.0,23,3,800,particulier,0
2039.0,17,3,2002,particulier,0
2035.0,5,6,582,particulier,0
12024.0,9,4,1864,agent,0
995.0,21,5,1132,particulier,0
4977.0,11,4,1498,agent,0
14352.0,6,3,277,particulier,0
5900.0,9,7,582,agent,0
1063.0,19,1,1463,particulier,0
1108.0,22,7,435,agent,0
1739.0,19,4,133,particulier,0
3768.0,6,4,580,particulier,0
3992.0,8,0,1343,particulier,0
1118.0,7,6,1762,agent,0
1569.0,19,2,816,particulier,0
1653.0,20,5,770,particulier,0
2825.0,6,2,278,particulier,0
17801.0,19,3,1479,particulier,0
1490.0,9,3,1143,agent,0
1436.0,11,6,1049,particulier,0
1257.0,7,5,1303,particulier,0
5655.0,8,2,277,agent,0
3181.0,21,2,1901,agent,0
1538.0,22,2,230,particulier,0
2420.0,9,3,1347,particulier,0
1681.0,9,3,1530,particulier,0
4237.0,4,6,2160,facture,0
32264.0,15,3,1236,particulier,1
5262.0,22,4,2144,particulier,0
3044.0,19,5,1901,particulier,0
1872.0,18,1,2122,particulier,0
1052.0,6,4,2088,agent,0
6146.0,23,0,1424,particulier,0
5869.0,20,6,649,particulier,0
2217.0,21,1,1847,particulier,0
9240.0,8,2,961,particulier,0
3354.0,21,2,1820,particulier,0
6365.0,18,3,868,particulier,0
4238.0,21,3,121,agent,0
2834.0,21,0,1913,agent,0
1463.0,14,3,255,agent,0
2911.0,8,8,1618,particulier,0
6740.0,11,3,132,agent,0
2139.0,21,4,908,facture,0
4788.0,23,2,1062,particulier,0
1312.0,20,1,1974,particulier,0
6394.0,18,4,193,agent,0
4298.0,22,1,847,particulier,0
1186.0,9,3,1072,particulier,0
2723.0,18,2,1413,particulier,0
7272.0,15,4,1333,particulier,0
1130.0,23,4,615,agent,0
1326.0,23,2,257,particulier,0
3105.0,21,6,505,agent,0
20198.0,16,3,143,particulier,0
1860.0,9,3,1202,particulier,0
5019.0,23,1,1385,particulier,0
4110.0,23,3,1277,particulier,0
1996.0,9,0,467,agent,0
3778.0,21,1,1697,agent,0
2251.0,9,3,422,particulier,0
2431.0,23,3,1529,facture,0
803.0,23,4,1688,particulier,0
3227.0,21,4,247,particulier,0
7074.0,8,6,1732,particulier,0
3459.0,6,5,1209,particulier,0
8324.0,20,3,83,particulier,0
5395.0,20,5,2177,particulier,0
3132.0,23,5,127,particulier,0
1932.0,23,4,424,particulier,0
2179.0,21,4,1053,particulier,0
944.0,8,3,631,facture,0
2625.0,22,1,886,particulier,0
3730.0,20,2,849,particulier,0
14159.0,14,3,1431,particulier,0
5162.0,19,3,1216,particulier,0
1580.0,9,6,1577,particulier,0
969.0,19,1,1677,agent,0
2764.0,10,5,453,particulier,0
6568.0,20,2,938,particulier,0
2731.0,23,1,1439,particulier,0
5222.0,20,1,1857,facture,0
2824.0,8,2,858,facture,0
6060.0,19,3,1795,facture,0
848.0,20,4,991,particulier,0
12882.0,20,2,1512,agent,0
1280.0,21,5,235,agent,0
6468.0,11,4,2162,particulier,0
2614.0,7,2,1241,particulier,0
2986.0,11,2,369,particulier,0
2684.0,21,5,1449,particulier,0
4094.0,20,1,1549,facture,0
4860.0,20,3,104,agent,0
8100.0,17,3,1345,particulier,0
10903.0,22,6,1188,particulier,0
4368.0,6,10,759,particulier,0
14138.0,9,4,1036,particulier,0
3565.0,21,5,966,agent,0
8232.0,8,2,221,facture,0
4743.0,11,4,634,particulier,0
2066.0,9,2,348,agent,0
3843.0,9,2,429,particulier,0
5053.0,18,3,900,particulier,0
3206.0,16,3,706,particulier,0
4679.0,6,5,807,particulier,0
6874.0,11,4,436,particulier,0
3230.0,21,4,1283,particulier,0
270.0,20,6,775,agent,0
13719.0,7,2,2150,particulier,0
2558.0,21,5,276,particulier,0
1636.0,23,2,224,particulier,0
1267.0,20,2,453,particulier,0
2475.0,17,3,919,particulier,0
2042.0,19,1,960,particulier,0
1761.0,23,4,1382,particulier,0
1845.0,9,3,1786,particulier,0
5168.0,23,1,1532,facture,0
18505.0,9,2,628,facture,0
6618.0,22,2,401,particulier,0
8554.0,6,5,1828,particulier,0
2390.0,23,3,1187,particulier,0
3601.0,13,1,107,facture,0
4734.0,23,0,337,particulier,0
1881.0,19,0,512,particulier,0
2294.0,20,7,1907,particulier,0
6812.0,19,3,1652,agent,0
8323.0,9,5,1904,agent,0
3489.0,21,2,2057,particulier,0
1193.0,10,4,175,particulier,0
2563.0,22,4,120,particulier,0
968.0,17,4,1301,particulier,0
3512.0,11,4,1845,particulier,0
4093.0,19,1,290,particulier,0
2617.0,11,6,1204,agent,0
4046.0,18,1,1602,particulier,0
4696.0,21,1,979,particulier,0
4098.0,14,4,470,agent,0
1186.0,17,2,662,agent,0
2656.0,9,0,1137,facture,0
4667.0,20,3,795,agent,0
12606.0,4,0,1924,particulier,0
2615.0,22,3,1885,agent,0
5262.0,23,5,457,particulier,0
6950.0,20,2,2140,agent,0
2787.0,20,2,649,agent,0
8744.0,10,1,1678,particulier,0
9153.0,6,3,1453,particulier,0
10650.0,12,4,119,particulier,0
4864.0,10,7,1411,agent,0
24492.0,9,7,1449,particulier,1
1953.0,21,4,922,agent,0
20040.0,20,5,282,agent,0
6330.0,8,3,736,particulier,0
10294.0,20,1,2065,particulier,0
2510.0,4,6,43,particulier,0
6753.0,22,8,812,particulier,0
11080.0,23,2,155,agent,0
1307.0,8,4,1552,particulier,0
2867.0,23,4,1021,agent,0
534.0,10,1,1034,particulier,0
2831.0,8,1,1737,particulier,0
1646.0,22,1,1574,particulier,0
2738.0,10,2,2184,particulier,0
39541.0,22,2,1074,agent,1
14188.0,21,4,2042,agent,0
969.0,9,3,263,particulier,0
5284.0,19,3,1305,particulier,0
6497.0,18,5,97,particulier,0
2472.0,23,2,774,particulier,0
3834.0,6,5,259,facture,0
4165.0,7,1,1229,particulier,0
1049.0,20,1,935,agent,0
1371.0,20,3,892,particulier,0
3814.0,5,1,1348,particulier,0
3585.0,22,5,1578,agent,0
1804.0,21,0,796,facture,0
1677.0,20,3,1845,agent,0
3052.0,8,4,1955,particulier,0
6997.0,19,5,872,particulier,0
3087.0,20,2,1758,facture,0
13086.0,21,4,91,agent,0
1824.0,16,4,1401,particulier,0
3882.0,9,6,2069,particulier,0
2438.0,4,6,1029,agent,0
5430.0,19,1,1252,particulier,0
1695.0,18,3,1129,particulier,0
16954.0,19,4,439,particulier,0
783.0,17,4,108,particulier,0
14160.0,20,3,281,particulier,0
3556.0,20,3,741,agent,0
5269.0,23,3,572,agent,0
10243.0,10,3,2025,particulier,0
6830.0,23,0,1869,agent,0
1771.0,21,3,362,particulier,0
5487.0,18,6,498,particulier,0
16113.0,23,3,1375,particulier,0
1550.0,20,4,743,particulier,0
19944.0,17,3,1386,agent,0
4573.0,8,2,2037,particulier,0
2280.0,17,3,581,particulier,0
1542.0,20,3,212,agent,0
2725.0,19,4,624,agent,0
625.0,22,0,288,particulier,0
2315.0,8,5,512,particulier,0
2635.0,20,5,1107,particulier,0
1322.0,10,6,1542,facture,0
6221.0,11,1,1711,particulier,0
2735.0,19,3,654,facture,0
1919.0,21,4,237,particulier,0
2499.0,22,7,1369,particulier,0
4455.0,19,4,181,particulier,0
3506.0,20,3,591,agent,0
1816.0,21,7,484,agent,0
3666.0,9,2,330,particulier,0
3156.0,18,5,319,particulier,0
1251.0,20,3,1314,particulier,0
2578.0,7,3,1084,particulier,0
5391.0,23,5,709,particulier,0
5358.0,20,2,1799,particulier,0
2710.0,20,6,877,particulier,0
5856.0,22,4,1573,particulier,0
1432.0,22,4,1615,particulier,0
1471.0,23,3,932,particulier,0
2661.0,10,2,271,particulier,0
11766.0,17,4,2050,particulier,0
3785.0,10,1,1865,particulier,0
2607.0,19,3,218,particulier,0
12241.0,16,3,1226,particulier,0
2581.0,23,3,1448,particulier,0
22016.0,17,1,188,particulier,0
2133.0,20,3,2162,particulier,0
1394.0,18,3,1023,particulier,0
2860.0,17,4,1416,particulier,0
2666.0,23,2,443,agent,0
1658.0,19,6,251,particulier,0
30082.0,23,2,281,particulier,0
4319.0,23,4,1363,particulier,0
4888.0,20,1,2107,particulier,0
2225.0,15,1,1011,particulier,0
2016.0,20,3,1017,agent,0
7877.0,23,5,322,particulier,0
793.0,11,5,938,facture,0
1247.0,6,0,2156,particulier,0
2670.0,19,1,914,agent,0
10388.0,23,2,511,agent,0
2396.0,7,2,407,particulier,0
4693.0,21,6,1834,agent,0
3373.0,23,2,1902,particulier,0
9915.0,13,4,1675,particulier,0
857.0,22,2,1114,particulier,0
6158.0,17,2,2000,particulier,0
2782.0,18,6,348,agent,0
7231.0,19,3,250,particulier,0
1642.0,20,6,1473,particulier,0
3363.0,23,5,620,particulier,0
3020.0,23,1,1577,particulier,0
1405.0,21,3,865,agent,0
1109.0,22,2,387,particulier,0
2012.0,17,4,2150,agent,0
3679.0,7,4,2113,particulier,0
1731.0,19,3,602,agent,0
2489.0,19,1,1394,particulier,0
663.0,22,2,646,particulier,0
2404.0,19,2,963,particulier,0
7864.0,16,5,1220,particulier,0
5999.0,23,3,1160,particulier,0
3060.0,14,0,1655,particulier,0
4053.0,21,2,1354,particulier,0
1629.0,20,1,1407,particulier,0
13105.0,4,3,2187,facture,0
19103.0,18,3,2190,particulier,0
3790.0,23,4,2048,agent,0
29795.0,19,1,329,particulier,0
1848.0,23,1,123,particulier,0
1137.0,23,9,103,particulier,0
1802.0,11,3,2176,agent,0
2734.0,23,2,1416,particulier,0
23512.0,23,4,311,agent,1
2594.0,19,2,2166,particulier,0
1587.0,18,1,168,particulier,0
1535.0,11,4,508,particulier,0
8682.0,20,2,29,particulier,0
7690.0,19,1,1600,particulier,0
2181.0,18,3,2106,agent,0
669.0,7,2,1474,agent,0
1262.0,23,5,1569,particulier,0
14229.0,23,3,313,facture,0
5916.0,11,4,564,particulier,0
3483.0,22,1,1436,particulier,0
16131.0,16,5,542,particulier,0
17406.0,23,2,570,particulier,0
3195.0,8,0,769,particulier,0
3246.0,11,0,1812,particulier,0
2009.0,11,8,1212,agent,0
2587.0,20,0,117,particulier,0
931.0,8,0,1621,agent,0
928.0,12,5,267,particulier,0
762.0,18,3,300,agent,0
8281.0,13,0,1241,agent,0
874.0,5,2,2150,particulier,0
17283.0,8,5,1673,particulier,0
1771.0,19,5,1924,particulier,0
14425.0,22,0,551,particulier,0
2416.0,7,5,1368,particulier,0
870.0,7,3,258,particulier,0
9811.0,23,3,488,particulier,0
10846.0,16,5,1348,particulier,0
1525.0,22,2,826,particulier,0
2485.0,22,2,32,particulier,0
1525.0,23,4,2023,particulier,0
2974.0,9,0,943,particulier,0
3611.0,23,3,1449,agent,0
2444.0,10,2,2163,particulier,0
702.0,21,5,1254,agent,0
2011.0,18,3,1023,particulier,0
5991.0,17,2,973,particulier,0
2758.0,23,0,1492,agent,0
2494.0,11,4,685,particulier,0
1493.0,17,5,265,particulier,0
1961.0,10,6,1677,agent,0
10912.0,14,3,413,particulier,0
1250.0,8,3,1534,particulier,0
6080.0,17,2,1614,particulier,0
3429.0,23,2,1188,particulier,0
4057.0,19,4,2174,facture,0
1768.0,21,9,2182,particulier,0
2443.0,21,2,1693,particulier,0
3278.0,8,2,2123,agent,0
2116.0,8,3,92,particulier,0
4367.0,22,3,327,particulier,0
4860.0,20,5,1507,facture,0
20885.0,23,2,729,facture,0
4173.0,13,3,242,particulier,0
648.0,9,2,2031,agent,0
8853.0,17,3,1531,agent,0
2770.0,23,2,1421,agent,0
18217.0,18,4,351,particulier,0
11502.0,23,8,1634,particulier,0
2144.0,22,3,98,agent,0
6085.0,21,3,1640,particulier,0
1989.0,7,0,1367,particulier,0
3302.0,18,0,1951,agent,0
5852.0,9,3,653,particulier,0
8485.0,6,3,853,particulier,0
7051.0,23,1,723,particulier,0
3511.0,19,4,1399,particulier,0
27198.0,17,1,1317,particulier,0
2416.0,7,5,210,particulier,0
840.0,19,3,7,particulier,0
990.0,10,2,490,particulier,0
11532.0,11,5,2123,particulier,0
3087.0,20,6,866,particulier,0
3771.0,22,2,1149,agent,0
2077.0,21,1,210,particulier,0
2242.0,20,4,1160,particulier,0
1687.0,20,3,678,particulier,0
4917.0,10,7,626,particulier,0
3033.0,17,4,684,agent,0
4768.0,20,1,603,particulier,0
4396.0,6,3,1147,agent,0
2294.0,17,5,1617,particulier,0
953.0,20,2,985,particulier,0
885.0,18,4,999,agent,0
43159.0,12,2,1622,agent,1
11573.0,21,1,684,facture,0
10292.0,18,4,1526,particulier,0
1857.0,10,1,1043,agent,0
3321.0,10,6,1450,particulier,0
1647.0,19,4,1464,agent,0
1080.0,20,3,501,agent,0
1997.0,19,2,403,particulier,0
10171.0,15,2,1898,agent,0
6732.0,6,4,316,particulier,0
1444.0,23,1,1427,facture,0
2521.0,8,8,1333,particulier,0
6228.0,14,3,1278,particulier,0
2028.0,21,1,1785,particulier,0
3525.0,18,4,1754,particulier,0
4636.0,20,4,1913,particulier,0
4593.0,19,1,663,particulier,0
4089.0,10,5,1698,particulier,0
1890.0,8,3,854,particulier,0
2062.0,23,2,377,particulier,0
1257.0,8,6,534,particulier,0
874.0,8,6,994,particulier,0
2988.0,23,3,13,particulier,0
6593.0,8,4,732,agent,0
1019.0,20,3,471,particulier,0
4155.0,11,2,1649,agent,0
6418.0,6,6,278,particulier,0
691.0,19,1,771,facture,0
2618.0,23,2,1551,particulier,0
13350.0,9,1,900,particulier,0
5267.0,22,0,367,agent,0
672.0,20,3,1978,particulier,0
5765.0,18,5,1850,particulier,0
1745.0,22,4,1220,particulier,0
5929.0,20,1,384,particulier,0
1832.0,21,4,891,facture,0
3149.0,11,2,1250,particulier,0
2086.0,13,4,1713,agent,0
3303.0,7,3,288,particulier,0
2034.0,18,3,1051,facture,0
2724.0,10,4,1536,agent,0
1213.0,21,1,1769,facture,0
4999.0,9,3,1002,agent,0
3824.0,10,6,1719,particulier,0
834.0,20,1,397,agent,0
7662.0,11,4,991,particulier,0
2836.0,10,4,744,particulier,0
3780.0,18,1,1541,particulier,0
6310.0,6,2,661,particulier,0
4355.0,9,3,18,agent,0
8870.0,20,6,1666,particulier,0
2568.0,21,3,69,particulier,0
7937.0,7,4,610,particulier,0
3657.0,12,5,392,agent,0
5072.0,23,6,2081,particulier,0
4643.0,19,2,924,particulier,0
9458.0,23,6,361,agent,0
6083.0,19,7,1919,agent,0
2261.0,23,4,623,agent,0
1910.0,23,4,1416,particulier,0
3158.0,9,1,2136,particulier,0
1727.0,20,4,681,particulier,0
1347.0,20,6,638,particulier,0
540.0,23,4,1693,particulier,0
883.0,7,3,619,agent,0
17811.0,8,4,568,particulier,0
1886.0,11,3,876,particulier,0
16613.0,22,1,46,particulier,1
4641.0,22,3,2004,particulier,0
3158.0,19,1,1690,particulier,0
920.0,23,3,1184,agent,0
3308.0,20,3,2084,particulier,0
16455.0,23,4,2194,agent,1
12382.0,17,5,117,particulier,0
4159.0,22,1,219,particulier,0
1241.0,23,5,2176,agent,0
1460.0,9,1,662,particulier,0
1596.0,23,0,1734,particulier,0
9764.0,19,3,1320,particulier,0
13187.0,22,3,1966,particulier,0
3891.0,17,1,2041,particulier,0
2546.0,13,2,1049,particulier,0
12288.0,19,2,1371,particulier,0
1434.0,20,6,1679,particulier,0
3443.0,12,1,1043,particulier,0
4883.0,23,4,735,particulier,0
1582.0,17,2,66,particulier,0
1919.0,23,3,472,particulier,0
1796.0,23,3,1185,agent,0
10984.0,21,1,2172,particulier,0
16768.0,4,3,376,particulier,1
3632.0,20,4,1710,particulier,0
2623.0,19,4,422,agent,0
1979.0,19,5,1869,particulier,0
3299.0,22,3,131,particulier,0
2064.0,20,2,1112,agent,0
3034.0,11,1,45,particulier,0
4681.0,19,8,1292,particulier,0
2334.0,11,3,1960,particulier,0
2804.0,18,4,1555,particulier,0
2814.0,22,2,1946,agent,0
2515.0,23,5,429,particulier,0
2264.0,23,6,687,particulier,0
6297.0,23,4,1787,agent,0
731.0,21,1,778,facture,0
12558.0,11,4,944,particulier,0
3697.0,11,3,696,agent,0
5533.0,20,2,2131,particulier,0
6102.0,21,2,304,particulier,0
1805.0,21,7,1617,particulier,0
1514.0,20,1,1385,particulier,0
1370.0,18,3,53,agent,0
2670.0,11,3,1769,particulier,0
5969.0,23,1,2192,facture,0
2006.0,8,5,1796,particulier,0
5523.0,9,3,1940,particulier,0
440.0,20,6,770,particulier,0
2374.0,8,4,1416,agent,0
8885.0,7,2,831,agent,0
2849.0,23,0,1532,agent,0
1628.0,18,0,964,particulier,0
1885.0,20,3,477,facture,0
251.0,21,5,1072,particulier,0
1394.0,7,3,2124,particulier,0
8092.0,22,6,521,agent,0
2008.0,6,0,65,particulier,0
2220.0,21,4,513,particulier,0
454.0,20,3,1917,particulier,0
824.0,20,3,790,particulier,0
9059.0,8,2,650,particulier,0
5567.0,21,4,959,particulier,0
1094.0,20,4,57,particulier,0
1928.0,10,6,1906,agent,0
3214.0,14,2,1128,particulier,0
1192.0,11,3,1976,particulier,0
600.0,20,4,521,agent,0
2877.0,8,3,1155,agent,0
5360.0,23,2,746,agent,0
5448.0,22,3,1405,particulier,0
6932.0,20,2,1290,particulier,0
880.0,23,1,1834,agent,0
3461.0,9,4,74,particulier,0
2622.0,21,5,164,particulier,0
3059.0,19,2,1490,facture,0
2752.0,22,5,471,particulier,0
1879.0,4,4,569,agent,0
253.0,19,2,376,particulier,0
8845.0,16,6,419,facture,0
4361.0,8,0,1032,agent,0
933.0,22,0,1645,particulier,0
4925.0,5,2,742,particulier,0
2252.0,21,4,433,particulier,0
2307.0,12,5,839,agent,0
1714.0,9,2,1566,particulier,0
5200.0,20,1,1652,particulier,0
1669.0,18,3,1783,particulier,0
1297.0,23,3,322,particulier,0
8621.0,20,3,1365,particulier,0
2830.0,21,7,1985,particulier,0
2906.0,12,3,125,particulier,0
5935.0,20,3,103,particulier,0
1868.0,22,4,2129,particulier,0
2213.0,23,2,2159,particulier,0
4272.0,23,3,310,particulier,0
889.0,16,2,2008,particulier,0
3976.0,21,3,769,particulier,0
1733.0,21,2,1363,facture,0
6817.0,23,7,613,particulier,0
5243.0,11,2,673,particulier,0
4686.0,11,3,1203,particulier,0
841.0,23,4,1243,particulier,0
3017.0,20,2,972,particulier,0
1211.0,19,1,799,particulier,0
3193.0,20,3,1746,particulier,0
460.0,10,2,738,particulier,0
889.0,21,2,1472,agent,0
9051.0,20,4,1985,agent,0
4508.0,9,3,1463,particulier,0
2439.0,8,2,940,particulier,0
1522.0,21,3,355,particulier,0
1311.0,19,2,184,particulier,0
3905.0,20,8,478,particulier,0
2460.0,18,4,207,particulier,0
12267.0,23,4,2095,particulier,0
2816.0,20,2,763,particulier,0
3463.0,16,1,846,particulier,0
1012.0,17,4,1873,particulier,0
2425.0,23,6,1543,particulier,0
3829.0,7,1,1940,agent,0
2400.0,20,3,779,agent,0
2180.0,7,5,1818,particulier,0
4350.0,22,4,600,particulier,0
11939.0,9,0,1855,particulier,0
3726.0,22,1,344,particulier,0
8713.0,21,1,1281,facture,0
5588.0,19,2,190,particulier,0
8281.0,17,4,198,facture,0
1962.0,22,1,1693,particulier,0
2763.0,22,3,2030,agent,0
2773.0,23,4,2031,agent,0
5241.0,23,6,1507,particulier,0
6461.0,18,0,149,particulier,0
3664.0,12,4,916,particulier,0
6941.0,22,4,2036,particulier,0
2041.0,21,2,171,particulier,0
6992.0,23,7,890,agent,0
7812.0,10,4,624,particulier,0
5860.0,8,2,984,particulier,0
3692.0,21,5,1835,particulier,0
6041.0,23,2,1044,particulier,0
1541.0,15,2,1885,particulier,0
3900.0,22,6,1615,particulier,0
4253.0,4,3,270,particulier,0
1064.0,6,3,1700,agent,0
4931.0,20,2,506,particulier,0
1140.0,10,5,1264,facture,0
2290.0,19,3,630,particulier,0
3408.0,9,3,289,agent,0
1770.0,11,1,1794,particulier,0
3534.0,9,6,102,particulier,0
3486.0,21,3,362,particulier,0
1641.0,23,3,889,particulier,0
5339.0,21,0,595,agent,0
1721.0,21,5,1630,particulier,0
23035.0,22,3,706,particulier,0
3002.0,9,4,1480,particulier,0
1217.0,17,0,1976,facture,0
1427.0,22,6,1736,particulier,0
8738.0,23,3,754,agent,0
2327.0,23,3,2009,particulier,0
1034.0,22,1,311,particulier,0
6807.0,20,3,2126,particulier,0
2314.0,7,0,1458,particulier,0
5741.0,23,5,1902,particulier,0
7297.0,20,4,590,particulier,0
4160.0,18,0,196,particulier,0
25248.0,23,5,1857,particulier,0
760.0,9,4,1172,particulier,0
1644.0,7,0,1476,particulier,0
2650.0,21,2,1086,particulier,0
22516.0,21,2,1572,particulier,0
15189.0,22,5,1697,particulier,0
9852.0,11,4,850,agent,0
1677.0,20,2,497,particulier,0
1852.0,20,1,1955,agent,0
1629.0,19,2,288,particulier,0
1693.0,21,2,461,particulier,0
11717.0,6,2,1240,agent,0
2678.0,23,4,1195,facture,0
2997.0,9,0,1836,particulier,0
6363.0,18,2,2169,particulier,0
801.0,23,2,1188,particulier,0
3445.0,11,4,944,particulier,0
1297.0,18,2,35,particulier,0
2565.0,12,1,573,particulier,0
2001.0,23,5,1015,particulier,0
1915.0,21,5,838,particulier,0
3991.0,22,4,60,particulier,0
3976.0,11,1,1874,particulier,0
2733.0,13,4,453,particulier,0
4515.0,20,5,417,particulier,0
1574.0,8,2,1898,particulier,0
5880.0,18,3,1713,facture,0
2765.0,5,8,2052,particulier,0
2184.0,23,7,1473,particulier,0
1676.0,3,5,358,particulier,0
2683.0,12,4,120,particulier,0
16156.0,19,3,618,particulier,0
3122.0,8,2,1611,particulier,0
1245.0,7,6,211,agent,0
7194.0,18,5,1224,particulier,0
2206.0,9,4,1014,particulier,0
4193.0,21,1,89,particulier,0
1969.0,8,0,1956,particulier,0
9786.0,6,3,632,agent,0
1994.0,23,4,297,particulier,0
10809.0,19,3,696,particulier,0
1350.0,20,1,1676,agent,0
2568.0,12,3,740,agent,0
10829.0,8,4,576,facture,0
3801.0,6,4,280,particulier,0
22714.0,12,2,2189,particulier,0
2621.0,17,4,2060,agent,0
4099.0,19,3,2063,agent,0
16637.0,8,4,177,particulier,0
910.0,23,5,2080,particulier,0
819.0,18,4,12,particulier,0
1675.0,20,5,399,particulier,0
6577.0,21,3,1790,particulier,0
839.0,19,5,1669,particulier,0
5473.0,20,4,2129,particulier,0
5155.0,17,2,1429,particulier,0
18256.0,19,1,710,particulier,0
8012.0,23,1,1964,agent,0
4489.0,22,1,403,agent,0
10459.0,8,3,652,particulier,0
5209.0,18,2,2123,particulier,0
2228.0,5,8,1273,agent,0
1245.0,17,3,1151,particulier,0
2031.0,20,4,187,particulier,0
3184.0,9,2,1036,particulier,0
3823.0,19,3,94,agent,0
537.0,20,9,1200,particulier,0
2734.0,22,2,122,particulier,0
3375.0,9,3,1809,agent,0
5247.0,8,3,1324,particulier,0
13132.0,23,3,489,particulier,0
3858.0,11,3,312,particulier,0
1521.0,21,3,1395,particulier,0
702.0,3,4,93,particulier,0
5907.0,8,2,1375,particulier,0
1574.0,21,4,1198,particulier,0
6883.0,18,1,1367,facture,0
10805.0,9,2,1822,facture,0
887.0,21,2,1482,particulier,0
5275.0,11,2,536,agent,0
9885.0,22,5,245,particulier,0
7834.0,6,7,1740,particulier,0
555.0,19,3,486,particulier,0
1595.0,10,2,2021,facture,0
1110.0,16,2,863,particulier,0
5141.0,13,6,1639,particulier,0
4681.0,9,5,2092,particulier,0
333.0,7,4,736,facture,0
2551.0,8,4,1530,particulier,0
6507.0,16,2,775,particulier,0
3736.0,19,0,1428,particulier,0
3731.0,20,2,1739,particulier,0
2416.0,21,1,242,particulier,0
1339.0,16,1,257,particulier,0
3247.0,13,4,1053,particulier,0
3444.0,12,3,719,particulier,0
5558.0,23,7,258,facture,0
5955.0,15,3,1240,facture,0
3544.0,23,2,1130,particulier,0
8355.0,20,2,210,particulier,0
2395.0,5,2,840,agent,0
965.0,23,4,1432,particulier,0
4942.0,23,5,402,particulier,0
3668.0,13,3,48,particulier,0
5026.0,21,0,221,particulier,0
1125.0,19,1,1940,particulier,0
15096.0,21,4,1357,agent,0
6027.0,8,4,1716,particulier,0
2579.0,6,4,838,agent,0
1488.0,18,4,1339,particulier,0
8230.0,22,5,1393,particulier,0
1291.0,21,6,2123,agent,0
22520.0,23,0,443,agent,1
1956.0,23,2,1109,particulier,0
14220.0,23,3,1567,particulier,0
2816.0,9,2,445,particulier,0
12628.0,20,7,2015,particulier,0
1764.0,21,3,415,particulier,0
3348.0,10,3,519,facture,0
6529.0,23,4,1849,particulier,0
5784.0,20,4,464,agent,0
8397.0,8,1,1765,particulier,0
2177.0,12,3,510,particulier,0
3541.0,21,2,1195,particulier,0
9520.0,11,3,1588,agent,0
1809.0,19,5,114,particulier,0
5360.0,23,3,1169,particulier,0
2735.0,21,3,1173,agent,0
3924.0,20,7,2076,facture,0
3540.0,21,6,751,facture,0
1686.0,20,8,64,particulier,0
2640.0,10,2,1046,particulier,0
3726.0,21,2,859,particulier,0
3019.0,12,2,738,agent,0
12542.0,21,2,499,particulier,0
7773.0,17,2,1558,particulier,0
4215.0,15,4,101,particulier,0
1722.0,22,2,453,particulier,0
1635.0,9,4,1938,agent,0
17637.0,22,5,300,agent,0
1396.0,8,1,1779,particulier,0
3629.0,11,4,71,agent,0
4477.0,8,5,742,particulier,0
2528.0,20,3,445,agent,0
1405.0,10,2,1022,particulier,0
1691.0,23,3,745,particulier,0
2070.0,8,3,1439,agent,0
1803.0,20,4,145,particulier,0
10184.0,22,5,580,facture,0
3269.0,10,2,1856,particulier,0
2111.0,16,6,1191,particulier,0
3608.0,5,3,1600,agent,0
5812.0,23,4,1121,particulier,0
2458.0,5,0,2013,agent,0
7092.0,21,1,1709,agent,0
1118.0,21,5,105,particulier,0
8916.0,23,3,859,particulier,0
3269.0,16,2,60,agent,0
3163.0,8,3,1696,particulier,0
1828.0,4,3,406,particulier,0
1160.0,8,2,483,particulier,0
799.0,9,4,2139,particulier,0
1723.0,7,2,1279,particulier,0
5429.0,20,3,1507,facture,0
1455.0,16,3,315,particulier,0
883.0,8,2,1071,particulier,0
1521.0,7,0,1073,particulier,0
2375.0,21,4,1392,particulier,0
2456.0,23,4,1972,particulier,0
2953.0,20,2,1912,particulier,0
7925.0,6,4,689,particulier,0
9527.0,20,3,393,particulier,0
18118.0,23,4,1066,particulier,0
828.0,8,4,2152,agent,0
1592.0,6,3,782,agent,0
5965.0,23,4,689,particulier,0
2240.0,5,1,2127,facture,0
6848.0,7,4,96,particulier,0
3929.0,17,1,708,agent,0
12611.0,22,2,2112,particulier,0
7993.0,23,5,683,particulier,0
8118.0,21,2,1064,particulier,0
2321.0,21,1,1456,particulier,0
3033.0,23,2,945,particulier,0
2542.0,10,5,424,particulier,0
916.0,19,7,1796,particulier,0
11510.0,19,4,157,particulier,0
6208.0,22,2,870,particulier,0
2457.0,8,2,955,particulier,0
9986.0,8,5,1375,particulier,0
1928.0,9,6,220,particulier,0
691.0,9,2,453,particulier,0
7756.0,21,3,1800,particulier,0
1111.0,23,4,32,particulier,0
2789.0,22,4,1870,particulier,0
3925.0,9,6,1541,particulier,0
4572.0,20,3,1280,particulier,0
6776.0,21,0,477,particulier,0
5398.0,21,5,438,particulier,0
5257.0,11,0,1729,particulier,0
1682.0,21,8,1027,particulier,0
4231.0,10,3,457,particulier,0
916.0,10,4,1728,particulier,0
12429.0,20,2,677,particulier,0
1000.0,11,4,1072,particulier,0
2454.0,19,6,1333,agent,0
1074.0,22,6,1511,particulier,0
1771.0,19,4,1190,agent,0
3332.0,21,2,1428,particulier,0
2102.0,21,4,374,facture,0
8713.0,12,4,354,particulier,0
3995.0,11,3,1132,agent,0
2223.0,23,2,246,particulier,0
2941.0,20,2,1726,particulier,0
9290.0,21,4,1355,particulier,0
7133.0,21,5,2052,facture,0
1251.0,6,1,1300,facture,0
1847.0,21,4,1926,particulier,0
4932.0,11,5,762,particulier,0
4449.0,9,2,2044,agent,0
1349.0,22,8,113,particulier,0
6228.0,18,4,1111,particulier,0
1545.0,9,4,1826,particulier,0
9979.0,22,6,531,particulier,0
5167.0,21,3,1745,particulier,0
1259.0,8,3,1137,particulier,0
2101.0,11,7,971,agent,0
2070.0,12,4,276,facture,0
3774.0,12,0,1022,particulier,0
2770.0,10,1,1380,particulier,0
1244.0,18,2,890,agent,0
1007.0,22,3,33,particulier,0
5254.0,8,2,193,particulier,0
4202.0,21,1,982,facture,0
3604.0,7,4,670,agent,0
4147.0,19,2,646,particulier,0
1947.0,11,2,113,particulier,0
3852.0,8,2,144,particulier,0
28502.0,10,4,97,particulier,0
8941.0,20,8,1560,agent,0
2578.0,23,4,336,particulier,0
2111.0,20,2,17,particulier,0
290.0,17,5,1552,particulier,0
8171.0,23,1,600,particulier,0
6429.0,11,3,1166,particulier,0
2075.0,12,0,1921,particulier,0
976.0,22,6,1901,particulier,0
1234.0,8,3,1700,agent,0
4807.0,23,3,984,particulier,0
3054.0,21,1,639,particulier,0
5930.0,12,2,1906,particulier,0
3546.0,12,2,1489,particulier,0
7493.0,10,3,1431,particulier,0
4510.0,23,3,234,particulier,0
6664.0,22,5,402,particulier,0
558.0,23,3,846,agent,0
1154.0,7,3,87,particulier,0
2417.0,20,3,1453,agent,0
8247.0,20,2,612,particulier,0
16292.0,17,2,1334,agent,0
2865.0,20,3,1280,agent,0
1959.0,20,4,177,particulier,0
625.0,10,7,1800,particulier,0
6864.0,23,3,1416,facture,0
2064.0,22,4,1961,facture,0
40724.0,8,1,934,agent,1
1757.0,18,5,304,particulier,0
19722.0,21,5,1292,facture,0
6224.0,12,2,8,particulier,0
1375.0,23,1,907,particulier,0
4013.0,8,1,1961,particulier,0
6347.0,20,2,845,particulier,0
2720.0,12,4,1388,particulier,0
6716.0,20,2,156,particulier,0
6592.0,22,0,602,agent,0
5469.0,22,3,564,particulier,0
3249.0,19,1,2065,particulier,0
1214.0,19,2,1687,facture,0
3086.0,20,2,1270,agent,0
3826.0,19,2,583,particulier,0
669.0,17,1,2143,agent,0
3804.0,22,3,996,particulier,0
3034.0,22,3,1450,particulier,0
1094.0,19,3,889,particulier,0
2482.0,10,3,259,agent,0
2527.0,11,5,2092,particulier,0
16993.0,23,3,1613,particulier,0
3972.0,5,1,219,particulier,0
7948.0,9,1,805,particulier,0
2981.0,9,3,1278,particulier,0
670.0,21,12,722,facture,0
5834.0,20,2,1490,facture,0
1883.0,11,3,426,particulier,0
2477.0,21,4,740,particulier,0
1346.0,11,4,758,particulier,0
3505.0,10,5,5,particulier,0
8147.0,19,5,1867,particulier,0
7280.0,20,4,1475,particulier,0
12686.0,20,5,340,particulier,0
14311.0,5,4,1116,particulier,0
579.0,7,6,225,particulier,0
1194.0,13,6,1153,particulier,0
708.0,20,2,1867,particulier,0
5637.0,9,3,932,particulier,0
1828.0,21,1,492,particulier,0
2174.0,20,1,1833,particulier,0
2740.0,18,6,759,facture,0
4560.0,19,2,1528,particulier,0
932.0,23,2,2065,agent,0
1130.0,19,3,277,particulier,0
3298.0,23,3,1609,agent,0
9126.0,20,3,1944,agent,0
3224.0,20,2,1047,particulier,0
1681.0,12,0,141,particulier,0
531.0,20,4,817,particulier,0
7404.0,18,6,1175,agent,0
1762.0,20,3,111,particulier,0
1242.0,17,5,333,particulier,0
767.0,21,0,1172,agent,0
969.0,21,2,388,particulier,0
1455.0,11,2,825,particulier,0
2689.0,19,2,1622,particulier,0
1179.0,22,4,125,particulier,0
3858.0,7,4,493,particulier,0
2672.0,21,4,134,particulier,0
21779.0,23,3,1231,particulier,0
774.0,22,7,281,agent,0
3779.0,7,3,439,particulier,0
3820.0,23,5,597,particulier,0
1372.0,22,2,467,agent,0
3572.0,23,3,1579,particulier,0
6337.0,16,2,1963,agent,0
3576.0,20,2,1805,facture,0
10687.0,20,3,523,particulier,0
517.0,16,2,1886,particulier,0
1610.0,21,3,943,particulier,0
11543.0,11,3,2110,particulier,0
7153.0,16,6,559,particulier,0
5216.0,19,3,1367,agent,0
9398.0,23,0,996,particulier,0
646.0,6,2,1701,particulier,0
6479.0,7,2,1716,agent,0
8141.0,19,3,1359,particulier,0
1882.0,23,2,1521,particulier,0
30787.0,16,2,486,particulier,0
3893.0,22,4,712,particulier,0
511.0,16,5,755,particulier,0
4555.0,23,5,1463,particulier,0
1787.0,9,2,597,particulier,0
8868.0,16,2,185,agent,0
5249.0,20,5,1913,agent,0
1982.0,21,1,120,particulier,0
11815.0,16,2,1444,particulier,0
7321.0,20,5,889,agent,0
1630.0,8,5,231,agent,0
2895.0,16,1,1868,particulier,0
5112.0,22,4,1345,particulier,0
2417.0,20,0,1013,particulier,0
2479.0,9,8,1543,particulier,0
3399.0,9,4,41,particulier,0
1332.0,18,3,1735,particulier,0
494.0,7,2,1833,particulier,0
4037.0,20,0,166,particulier,0
608.0,20,3,1226,agent,0
1416.0,23,5,1507,particulier,0
731.0,8,6,1807,particulier,0
811.0,7,4,7,agent,0
4733.0,14,5,132,particulier,0
2727.0,7,3,992,particulier,0
2645.0,21,0,1480,particulier,0
1077.0,7,5,1673,particulier,0
1887.0,22,4,900,particulier,0
4537.0,10,4,638,particulier,0
3152.0,19,3,213,particulier,0
6629.0,19,5,1925,particulier,0
7483.0,20,3,1944,agent,0
2659.0,19,2,2030,particulier,0
682.0,23,1,1769,particulier,0
1732.0,12,5,143,particulier,0
3032.0,9,4,1748,particulier,0
1703.0,19,2,1840,particulier,0
1344.0,19,5,666,particulier,0
3496.0,17,4,1323,particulier,0
25998.0,18,5,1105,particulier,0
2176.0,23,2,635,particulier,0
3287.0,22,1,1836,particulier,0
1080.0,10,2,473,particulier,0
9480.0,19,3,1797,particulier,0
6929.0,12,9,1117,agent,0
6535.0,18,4,1717,particulier,0
10465.0,8,3,1818,facture,0
2291.0,8,3,255,agent,0
2548.0,18,3,1122,particulier,0
14092.0,17,3,407,particulier,0
5641.0,10,3,25,particulier,0
500.0,21,1,1198,agent,0
4849.0,20,4,1499,particulier,0
2009.0,18,0,972,particulier,0
7069.0,22,5,1221,agent,0
4661.0,19,1,903,particulier,0
750.0,17,3,303,agent,0
4140.0,17,7,721,particulier,0
3940.0,21,3,600,particulier,0
4487.0,7,2,2003,particulier,0
5373.0,21,3,1375,particulier,0
11750.0,8,4,634,facture,0
4684.0,19,1,929,particulier,0
3359.0,23,3,2130,particulier,0
8741.0,21,6,217,facture,0
22166.0,9,2,1565,particulier,0
7171.0,17,2,1838,particulier,0
3926.0,20,2,1824,particulier,0
4758.0,8,4,1259,particulier,0
4095.0,22,2,1961,particulier,0
3347.0,19,1,635,agent,0
20752.0,9,5,455,particulier,0
1743.0,21,1,1343,particulier,0
8793.0,7,3,656,particulier,0
2960.0,11,6,1233,particulier,0
936.0,6,3,293,agent,0
2807.0,22,4,172,particulier,0
2070.0,23,4,205,particulier,0
5383.0,8,1,863,particulier,0
3560.0,21,4,470,particulier,0
1382.0,21,2,1283,facture,0
11503.0,9,4,1181,particulier,0
8322.0,10,2,60,particulier,0
12685.0,22,2,153,agent,0
4030.0,10,3,1657,particulier,0
3196.0,23,3,10,facture,0
5991.0,11,4,1120,particulier,0
2017.0,20,2,1218,particulier,0
3680.0,20,6,1985,particulier,0
2837.0,20,7,1934,agent,0
952.0,21,3,358,particulier,0
3671.0,21,3,441,particulier,0
2265.0,6,2,194,particulier,0
2681.0,17,4,127,particulier,0
4488.0,10,6,537,particulier,0
9717.0,21,2,1038,particulier,0
1601.0,21,5,1472,particulier,0
2475.0,20,7,1958,particulier,0
1719.0,12,4,1662,particulier,0
1627.0,21,2,792,particulier,0
1987.0,20,2,753,agent,0
2788.0,20,3,1001,particulier,0
5421.0,12,6,1255,particulier,0
4326.0,10,5,1680,facture,0
1342.0,9,3,782,particulier,0
9897.0,6,2,1096,facture,0
7352.0,20,2,37,particulier,0
1531.0,8,6,1396,agent,0
9325.0,11,2,248,agent,0
4350.0,22,3,1635,agent,0
2884.0,22,0,2149,particulier,0
4467.0,7,3,597,agent,0
3223.0,4,3,244,particulier,0
5236.0,10,4,379,particulier,0
3863.0,22,2,2065,agent,0
2473.0,4,2,620,particulier,0
589.0,21,4,802,particulier,0
5157.0,21,3,1049,particulier,0
2398.0,22,1,2059,agent,0
6382.0,18,3,1115,facture,0
4961.0,18,7,985,particulier,0
2452.0,22,3,764,particulier,0
7860.0,14,1,122,facture,0
3921.0,16,2,283,particulier,0
3786.0,20,3,1392,agent,0
2930.0,8,3,119,particulier,0
13781.0,7,1,1376,particulier,0
1797.0,5,2,196,particulier,0
2504.0,22,4,278,particulier,0
1151.0,23,3,456,particulier,0
6110.0,7,4,1777,particulier,0
2009.0,20,3,1004,particulier,0
2209.0,23,5,343,particulier,0
2123.0,17,1,512,particulier,0
3475.0,8,3,61,particulier,0
1138.0,20,3,1939,particulier,0
489.0,20,5,1879,particulier,0
4861.0,23,5,1832,particulier,0
546.0,23,1,2189,particulier,0
6809.0,20,5,889,particulier,0
12391.0,18,8,2033,particulier,0
2865.0,23,3,1380,agent,0
9942.0,22,7,209,particulier,0
3227.0,20,7,1095,particulier,0
12828.0,22,3,733,agent,0
2235.0,8,2,44,agent,0
441.0,18,6,2123,particulier,0
3078.0,19,9,1223,particulier,0
14070.0,21,2,2182,particulier,0
5191.0,16,4,698,agent,0
2126.0,9,2,1615,particulier,0
4357.0,13,4,1109,particulier,0
7521.0,21,5,1089,particulier,0
3063.0,18,4,484,particulier,0
30713.0,22,5,909,particulier,0
2122.0,21,8,1023,particulier,0
7724.0,20,2,1074,particulier,0
6296.0,7,2,619,particulier,0
1817.0,22,4,1171,agent,0
2297.0,20,2,21,particulier,0
7827.0,21,2,1833,facture,0
3726.0,19,4,933,particulier,0
4391.0,19,1,1398,particulier,0
820.0,23,0,500,particulier,0
5754.0,10,1,263,particulier,0
4206.0,20,8,623,particulier,0
3120.0,20,5,638,particulier,0
4477.0,21,4,1861,particulier,0
2327.0,19,4,1665,particulier,0
1992.0,19,6,1839,particulier,0
2682.0,9,3,818,particulier,0
2220.0,17,5,2075,particulier,0
21025.0,21,3,1659,particulier,0
7152.0,6,3,631,agent,0
1446.0,16,1,192,particulier,0
18599.0,20,6,1565,agent,0
2280.0,18,8,1350,particulier,0
3378.0,17,4,1317,particulier,0
7064.0,23,1,1950,particulier,0
617.0,7,3,1582,facture,0
2693.0,8,2,328,particulier,0
2024.0,20,2,1894,particulier,0
3922.0,9,2,1048,particulier,0
4512.0,20,3,207,particulier,0
3085.0,8,5,593,particulier,0
2966.0,16,2,2132,particulier,0
8147.0,23,3,101,particulier,0
4257.0,8,0,37,particulier,0
3413.0,19,2,1950,particulier,0
3736.0,8,3,1263,particulier,0
15686.0,17,3,1069,particulier,0
3815.0,11,3,1533,particulier,0
2128.0,23,3,1819,particulier,0
650.0,19,0,850,particulier,0
974.0,20,2,78,particulier,0
2215.0,21,1,1374,particulier,0
3005.0,20,5,988,particulier,0
2054.0,19,2,1542,particulier,0
4440.0,12,3,1577,particulier,0
2032.0,19,2,742,agent,0
1514.0,18,2,479,particulier,0
5546.0,22,5,207,particulier,0
10551.0,7,3,469,particulier,0
1286.0,7,4,854,particulier,0
4053.0,20,4,507,particulier,0
652.0,21,2,168,particulier,0
941.0,21,3,455,particulier,0
1997.0,20,1,1465,particulier,0
8644.0,23,4,1913,particulier,0
1700.0,22,0,741,agent,0
1646.0,11,2,2106,particulier,0
3397.0,17,3,821,particulier,0
3400.0,20,3,2109,particulier,0
1690.0,20,4,363,particulier,0
17824.0,23,3,436,particulier,0
2629.0,12,4,969,particulier,0
3628.0,12,1,637,particulier,0
2341.0,23,5,214,particulier,0
4789.0,18,8,902,particulier,0
9412.0,11,2,762,agent,0
13550.0,11,0,414,particulier,0
1723.0,11,1,1529,particulier,0
8397.0,23,1,569,particulier,0
5257.0,22,1,2106,particulier,0
7543.0,21,1,904,particulier,0
3047.0,21,4,2061,particulier,0
2810.0,12,3,1691,particulier,0
7298.0,18,3,808,particulier,0
7417.0,23,1,756,particulier,0
12467.0,19,2,1216,agent,0
3900.0,23,5,1208,particulier,0
3008.0,9,5,1662,particulier,0
407.0,19,4,1646,particulier,0
838.0,22,7,1110,particulier,0
2356.0,9,4,1828,agent,0
1292.0,16,1,1705,particulier,0
6581.0,20,1,1756,particulier,0
1082.0,18,5,84,agent,0
2151.0,22,4,601,particulier,0
2224.0,20,3,359,agent,0
9173.0,23,4,1371,agent,0
1965.0,19,1,1049,particulier,0
4839.0,17,6,289,facture,0
3891.0,8,2,160,particulier,0
7100.0,23,4,329,particulier,0
6786.0,23,0,1567,particulier,0
3202.0,23,4,189,agent,0
779.0,17,2,99,particulier,0
2705.0,17,4,2164,agent,0
3239.0,18,3,1715,agent,0
4201.0,22,3,499,particulier,0
1760.0,23,3,68,particulier,0
8689.0,23,3,1863,particulier,0
3333.0,7,2,1499,particulier,0
1507.0,18,1,1301,particulier,0
2232.0,8,6,437,particulier,0
16971.0,21,3,1926,particulier,0
5795.0,23,5,1703,particulier,0
8032.0,19,3,1926,agent,0
1359.0,21,4,961,particulier,0
1834.0,9,2,205,particulier,0
1846.0,21,6,670,agent,0
3853.0,20,3,1308,particulier,0
2842.0,21,1,952,particulier,0
2173.0,20,3,2085,facture,0
2418.0,8,2,1091,particulier,0
1678.0,23,5,750,particulier,0
2827.0,23,1,882,particulier,0
8487.0,21,4,1066,particulier,0
910.0,20,2,1015,particulier,0
4423.0,22,1,21,particulier,0
10647.0,21,3,1689,particulier,0
2819.0,23,3,243,particulier,0
2102.0,5,4,2132,agent,0
7227.0,22,4,1930,particulier,0
1427.0,8,2,1030,particulier,0
3232.0,10,3,441,agent,0
1361.0,20,2,1413,agent,0
672.0,10,3,102,particulier,0
2895.0,18,2,1632,particulier,0
1126.0,20,1,1235,particulier,0
3262.0,10,4,773,particulier,0
8500.0,23,1,1502,particulier,0
15933.0,14,6,2012,particulier,0
3567.0,8,3,684,particulier,0
7835.0,7,3,1283,particulier,0
4624.0,20,1,1115,particulier,0
2379.0,18,5,2190,particulier,0
642.0,22,9,557,particulier,0
13128.0,17,2,1089,particulier,0
1351.0,12,4,271,facture,0
10672.0,23,3,221,particulier,0
5199.0,19,4,1564,particulier,0
1437.0,10,5,1339,facture,0
4295.0,20,3,1572,agent,0
20191.0,8,4,1552,particulier,0
12153.0,20,1,1705,particulier,0
2131.0,21,2,1734,particulier,0
1799.0,18,6,577,particulier,0
3587.0,23,0,1141,particulier,0
2862.0,7,1,1866,agent,0
9134.0,23,4,553,particulier,0
6177.0,18,5,1066,particulier,0
782.0,11,2,2112,particulier,0
4865.0,22,4,1765,agent,0
2829.0,21,4,2123,particulier,0
3400.0,20,3,911,particulier,0
4071.0,7,1,794,particulier,0
9126.0,5,5,2106,particulier,0
7564.0,19,1,863,particulier,0
1742.0,21,6,251,particulier,0
3134.0,12,0,32,particulier,0
2250.0,10,4,1389,facture,0
789.0,22,3,618,particulier,0
3002.0,23,1,2054,particulier,0
15804.0,19,4,707,particulier,0
769.0,16,6,1342,agent,0
3228.0,14,1,157,particulier,0
3141.0,9,3,1303,agent,0
4207.0,23,5,86,agent,0
1453.0,12,5,90,agent,0
981.0,23,2,984,particulier,0
1021.0,15,5,1987,particulier,0
10212.0,20,6,1853,particulier,0
1429.0,11,0,461,particulier,0
2155.0,19,5,1953,particulier,0
19711.0,22,2,281,agent,0
1765.0,23,5,772,particulier,0
4407.0,14,4,595,particulier,0
8138.0,22,4,1566,particulier,0
7812.0,10,4,1928,particulier,0
1062.0,19,6,792,particulier,0
1797.0,5,2,348,facture,0
4260.0,23,0,1642,particulier,0
16978.0,19,2,397,agent,0
1725.0,20,4,698,particulier,0
2166.0,17,1,108,particulier,0
4706.0,22,2,363,particulier,0
5579.0,19,3,90,particulier,0
5874.0,23,7,80,particulier,1
1605.0,21,5,392,particulier,0
2096.0,20,0,2043,agent,0
3957.0,20,3,1929,particulier,0
9633.0,21,3,1189,agent,0
2690.0,22,6,45,particulier,0
3233.0,12,4,490,particulier,0
1377.0,20,2,601,particulier,0
16054.0,12,5,2107,agent,0
3756.0,21,2,1135,particulier,0
8235.0,11,4,1709,agent,0
3379.0,17,5,435,particulier,0
3542.0,23,3,1299,particulier,0
920.0,21,5,1343,particulier,0
529.0,8,3,1381,particulier,0
9548.0,22,8,48,particulier,1
3520.0,7,4,1264,particulier,0
3926.0,16,4,999,particulier,0
1139.0,12,7,534,particulier,0
1529.0,13,5,503,particulier,0
8127.0,19,6,2181,particulier,0
14460.0,21,2,2091,particulier,0
1943.0,10,0,933,particulier,0
5830.0,20,7,1527,particulier,0
3872.0,17,2,650,facture,0
2974.0,20,2,1358,agent,0
15901.0,7,2,823,particulier,0
2241.0,23,1,666,particulier,0
9458.0,22,1,501,particulier,0
4556.0,17,3,787,particulier,0
3248.0,7,2,947,agent,0
10575.0,22,1,1797,particulier,0
4216.0,21,3,1172,facture,0
3035.0,8,4,66,particulier,0
10642.0,11,3,303,particulier,0
9527.0,21,6,1031,facture,0
9151.0,20,3,1955,particulier,0
121.0,19,3,1329,particulier,0
4789.0,23,0,2145,particulier,0
3945.0,16,2,2019,particulier,0
3198.0,17,4,905,particulier,0
5532.0,19,4,238,particulier,0
4111.0,21,2,635,particulier,0
5861.0,17,5,919,particulier,0
2623.0,19,2,788,particulier,0
11772.0,20,4,2055,agent,0
6388.0,21,3,318,agent,0
5225.0,20,3,291,agent,0
5012.0,8,2,1515,particulier,0
8810.0,19,1,1021,particulier,0
7851.0,8,3,138,particulier,0
2993.0,7,1,1315,particulier,0
7645.0,22,6,2048,particulier,0
3820.0,11,0,391,agent,0
16804.0,19,3,936,particulier,0
8376.0,13,3,1598,particulier,0
1936.0,19,2,1936,particulier,0
23887.0,8,3,269,particulier,0
552.0,21,2,306,particulier,0
5663.0,8,1,1253,particulier,0
1823.0,20,4,1492,particulier,0
16315.0,6,3,1115,agent,0
4084.0,9,2,1135,particulier,0
1678.0,11,4,1469,particulier,0
2627.0,22,4,1378,agent,0
1796.0,19,6,1876,particulier,0
2540.0,23,3,1988,particulier,0
2492.0,22,6,164,facture,0
1740.0,20,3,280,particulier,0
4145.0,10,1,1609,particulier,0
4594.0,8,0,1836,particulier,0
1413.0,23,5,862,particulier,0
805.0,15,4,1904,agent,0
4291.0,10,4,954,particulier,0
5178.0,23,7,1393,particulier,0
6128.0,6,3,63,agent,0
5263.0,8,4,1993,particulier,0
12542.0,16,4,960,particulier,0
7689.0,22,2,863,particulier,0
32140.0,7,3,785,agent,1
45961.0,20,4,1845,particulier,1
739.0,21,3,1029,particulier,0
509.0,22,3,1192,agent,0
3274.0,19,5,1297,facture,0
5057.0,7,5,15,particulier,0
3089.0,22,5,956,agent,0
5991.0,18,4,1408,particulier,0
2618.0,14,2,1392,particulier,0
1826.0,19,8,624,agent,0
2077.0,20,2,199,facture,0
2779.0,22,3,340,particulier,0
6748.0,6,0,138,particulier,0
2178.0,9,3,124,particulier,0
2577.0,19,2,558,agent,0
5349.0,7,1,1772,particulier,0
2782.0,8,0,1353,particulier,0
8512.0,23,1,1405,facture,0
1508.0,20,3,568,agent,0
1254.0,5,4,1954,facture,0
4268.0,16,4,1250,agent,0
4645.0,19,2,234,particulier,0
1579.0,19,7,2167,particulier,0
10322.0,15,4,1766,agent,0
16919.0,18,4,190,facture,0
1932.0,18,1,933,particulier,0
11663.0,21,2,1323,particulier,0
435.0,9,3,961,particulier,0
8223.0,21,2,95,agent,0
1589.0,17,2,952,particulier,0
7553.0,18,1,594,agent,0
1455.0,23,3,2055,particulier,0
3108.0,10,5,1392,agent,0
1655.0,23,0,830,particulier,0
2747.0,20,8,1376,particulier,0
15606.0,21,6,926,particulier,0
3006.0,9,3,1482,agent,0
19806.0,7,6,735,facture,0
2373.0,19,2,791,particulier,0
11708.0,5,1,631,agent,0
827.0,16,1,609,particulier,0
2582.0,7,2,1841,particulier,0
2089.0,10,3,1740,particulier,0
12174.0,9,2,368,particulier,0
3856.0,23,2,1222,particulier,0
558.0,18,9,963,particulier,0
1082.0,8,0,224,facture,0
1393.0,9,4,801,particulier,0
7288.0,21,5,1386,particulier,0
6531.0,20,3,1317,agent,0
2552.0,23,4,1546,particulier,0
2067.0,21,5,1955,particulier,0
6057.0,20,4,1367,agent,0
1261.0,19,1,2125,agent,0
4861.0,10,2,1134,particulier,0
4522.0,19,5,1666,agent,0
2609.0,23,5,2073,particulier,0
4619.0,23,2,1635,particulier,0
3593.0,12,1,1785,particulier,0
5028.0,18,0,59,agent,0
1060.0,23,2,1982,agent,0
5554.0,10,5,1128,agent,0
7884.0,11,3,1181,agent,0
4328.0,23,2,2041,agent,0
5492.0,21,0,322,agent,0
3001.0,9,6,1207,particulier,0
7028.0,21,3,1007,agent,0
3482.0,18,7,95,particulier,0
1242.0,12,3,1969,particulier,0
6616.0,7,0,43,facture,0
821.0,20,2,1559,particulier,0
4190.0,11,3,760,particulier,0
2377.0,20,3,2056,particulier,0
2251.0,11,2,1378,particulier,0
3813.0,21,3,1982,particulier,0
1803.0,17,8,1585,particulier,0
5092.0,13,5,2097,facture,0
3457.0,13,3,596,particulier,0
1949.0,22,3,103,facture,0
10275.0,10,2,796,agent,0
3921.0,8,2,18,particulier,0
5632.0,23,6,1637,particulier,0
10983.0,22,3,1392,agent,0
10831.0,20,2,1054,particulier,0
5393.0,10,5,289,particulier,0
2547.0,19,2,624,particulier,0
977.0,19,1,962,agent,0
3927.0,23,4,747,agent,0
8353.0,21,9,2027,agent,1
4452.0,18,5,495,particulier,0
176.0,23,2,1536,particulier,0
6902.0,20,4,987,particulier,0
7272.0,13,7,552,particulier,0
2550.0,23,7,744,particulier,0
7632.0,18,2,982,particulier,0
5618.0,19,2,1524,particulier,0
1840.0,6,4,1914,particulier,0
9707.0,21,3,593,particulier,0
1122.0,19,5,1376,particulier,0
3138.0,10,1,1058,agent,0
2883.0,21,4,1051,particulier,0
1633.0,18,2,1840,particulier,0
4265.0,20,3,70,particulier,0
10035.0,6,4,1195,agent,0
9515.0,18,4,1148,particulier,0
6094.0,12,5,1834,agent,0
779.0,9,7,1677,agent,0
1058.0,8,6,1502,particulier,0
3794.0,23,3,245,particulier,0
3200.0,9,5,991,particulier,0
2157.0,20,1,1384,particulier,0
16639.0,20,4,1108,agent,0
3605.0,16,3,1486,particulier,0
5224.0,18,5,682,particulier,0
7629.0,13,4,1773,particulier,0
3452.0,9,4,1157,agent,0
29804.0,10,5,1079,particulier,0
1481.0,7,2,1196,particulier,0
1968.0,21,1,2086,particulier,0
1478.0,8,4,757,particulier,0
12435.0,22,4,1582,particulier,0
6514.0,23,3,341,particulier,0
2074.0,21,1,1176,particulier,0
1581.0,9,1,1875,particulier,0
10691.0,9,3,807,particulier,0
4480.0,7,3,623,facture,0
10926.0,9,2,411,particulier,0
3130.0,23,6,1530,particulier,0
5089.0,20,2,2198,agent,0
4252.0,23,2,2092,particulier,0
1938.0,9,2,1760,agent,0
2915.0,21,1,349,particulier,0
1204.0,22,1,487,particulier,0
5014.0,23,2,560,particulier,0
6292.0,8,4,105,agent,0
7644.0,21,7,740,agent,0
5806.0,22,2,326,agent,0
2954.0,17,1,279,particulier,0
12322.0,23,7,595,particulier,0
7034.0,10,1,1486,particulier,0
10724.0,23,3,1721,agent,0
11312.0,10,3,1453,agent,0
2961.0,8,1,647,agent,0
4581.0,17,2,1259,particulier,0
6364.0,8,5,421,particulier,0
1240.0,11,3,1944,particulier,0
1264.0,22,4,2016,particulier,0
1092.0,23,4,790,particulier,0
3005.0,20,4,1578,particulier,0
2482.0,20,1,1693,particulier,0
972.0,21,3,722,particulier,0
3740.0,18,2,2166,agent,0
3037.0,8,2,724,particulier,0
8999.0,20,2,147,agent,0
18234.0,6,6,531,particulier,0
4856.0,22,4,1029,particulier,0
1822.0,8,1,372,particulier,0
5709.0,8,0,1695,particulier,0
3321.0,20,2,1078,facture,0
2686.0,23,4,505,particulier,0
1584.0,21,2,665,particulier,0
2220.0,14,3,371,agent,0
2832.0,18,2,592,particulier,0
6526.0,17,5,306,facture,0
5087.0,23,3,1093,particulier,0
15549.0,23,1,622,particulier,0
5844.0,15,5,1586,particulier,0
4725.0,18,2,1521,particulier,0
2539.0,17,2,847,particulier,0
1364.0,21,4,836,particulier,0
2030.0,11,2,1258,agent,0
1817.0,8,2,125,facture,0
374.0,4,6,728,particulier,0
1398.0,9,4,1465,particulier,0
12860.0,11,4,2114,facture,0
4507.0,8,6,653,particulier,0
2392.0,23,6,491,particulier,0
4623.0,23,3,1593,particulier,0
626.0,8,3,991,particulier,0
4187.0,9,5,1609,agent,0
9758.0,23,7,1242,particulier,0
2972.0,18,1,529,particulier,0
731.0,20,2,482,agent,0
2317.0,22,8,1504,particulier,0
9773.0,23,0,980,agent,0
4104.0,20,3,870,facture,0
987.0,22,2,2166,particulier,0
24649.0,6,0,636,particulier,0
1135.0,11,5,1264,agent,0
2680.0,7,4,2034,particulier,0
1364.0,22,4,1438,particulier,0
1366.0,19,2,862,particulier,0
2243.0,17,2,1558,facture,0
5657.0,19,2,1024,particulier,0
9867.0,9,3,1547,agent,0
2373.0,22,7,874,particulier,0
1396.0,20,1,2111,particulier,0
4949.0,23,8,1853,particulier,0
5073.0,23,8,359,particulier,0
4041.0,20,2,1848,particulier,0
4165.0,23,2,1406,particulier,0
2994.0,19,1,356,particulier,0
3581.0,17,2,640,agent,0
2823.0,7,0,667,particulier,0
8182.0,18,0,1491,particulier,0
21899.0,7,1,658,facture,0
3838.0,23,4,1268,particulier,0
3276.0,19,4,1817,facture,0
4095.0,20,1,1026,particulier,0
1883.0,21,2,1378,particulier,0
6312.0,17,6,1411,agent,0
4793.0,21,0,922,particulier,0
2304.0,10,3,1023,particulier,0
7092.0,23,5,1435,particulier,0
3348.0,23,4,1502,particulier,0
1444.0,10,3,1819,agent,0
4442.0,20,3,535,particulier,0
4030.0,20,1,1390,particulier,0
7453.0,21,2,144,particulier,0
6680.0,20,3,1651,particulier,0
3002.0,20,1,315,particulier,0
2206.0,13,4,1270,particulier,0
3299.0,22,3,1058,particulier,0
4486.0,21,4,1639,particulier,0
4970.0,4,2,362,particulier,0
4256.0,23,4,735,particulier,0
3050.0,21,3,660,facture,0
7687.0,10,2,847,particulier,0
1857.0,8,1,1921,particulier,0
27106.0,9,3,2187,particulier,0
6302.0,20,2,2118,particulier,0
1263.0,20,3,555,particulier,0
3856.0,7,3,2166,particulier,0
6354.0,20,4,787,particulier,0
2448.0,9,5,726,agent,0
924.0,10,3,130,particulier,0
1362.0,18,1,443,particulier,0
5223.0,7,3,621,facture,0
741.0,8,7,2114,agent,0
961.0,9,1,22,particulier,0
5199.0,22,3,1756,particulier,0
2727.0,19,2,2039,facture,0
1824.0,19,0,609,particulier,0
2163.0,21,0,1616,particulier,0
944.0,7,4,1168,facture,0
4973.0,12,4,1673,agent,0
1660.0,21,0,260,particulier,0
2089.0,7,1,1524,particulier,0
4424.0,9,5,1832,particulier,0
2649.0,22,1,1150,particulier,0
1810.0,20,2,1869,facture,0
607.0,23,3,2169,particulier,0
4502.0,16,5,1018,particulier,0
3523.0,9,4,915,particulier,0
2122.0,21,4,1754,agent,0
1364.0,21,5,1009,particulier,0
3330.0,8,2,554,facture,0
4956.0,11,3,417,agent,0
3580.0,10,6,1998,particulier,0
13258.0,10,5,383,agent,0
5997.0,16,1,230,particulier,0
3007.0,7,1,1888,agent,0
6171.0,23,1,1760,agent,0
3434.0,22,3,1086,particulier,0
3423.0,22,6,35,particulier,0
9916.0,23,2,923,particulier,0
1536.0,19,1,375,particulier,0
3360.0,11,5,1934,particulier,0
9057.0,21,2,490,particulier,0
4284.0,19,7,561,particulier,0
2407.0,7,4,1525,particulier,0
773.0,8,4,1802,particulier,0
478.0,3,2,21,particulier,0
19240.0,8,2,1576,facture,0
4282.0,17,10,2132,particulier,0
2005.0,20,6,1250,facture,0
4434.0,7,2,967,agent,0
1472.0,8,7,1482,agent,0
2486.0,22,3,1713,agent,0
1481.0,20,3,1106,particulier,0
991.0,18,6,1678,particulier,0
550.0,19,0,1634,particulier,0
847.0,22,4,2014,particulier,0
7849.0,23,3,1247,particulier,0
1424.0,21,3,2181,particulier,0
5191.0,23,5,1884,particulier,0
7429.0,23,3,1526,agent,0
3341.0,22,1,1090,particulier,0
2556.0,19,2,2080,particulier,0
3689.0,23,6,126,particulier,0
2312.0,19,1,1225,particulier,0
9167.0,22,1,1338,particulier,0
16237.0,7,3,587,particulier,0
11298.0,19,2,2128,facture,0
529.0,9,3,717,particulier,0
2272.0,20,5,981,particulier,0
3306.0,17,2,1135,particulier,0
4883.0,7,3,1540,particulier,0
759.0,22,4,1771,agent,0
749.0,19,1,1860,particulier,0
10004.0,20,2,932,facture,0
2048.0,21,3,819,particulier,0
930.0,10,1,2081,particulier,0
1289.0,23,1,1181,facture,0
4591.0,11,6,1382,agent,0
1637.0,22,3,927,particulier,0
4046.0,21,2,1627,particulier,0
1434.0,8,4,791,particulier,0
748.0,21,3,438,agent,0
11056.0,20,2,688,agent,0
4621.0,19,7,518,particulier,0
2481.0,23,4,1226,particulier,0
2115.0,8,3,1524,particulier,0
11443.0,19,3,193,agent,0
5447.0,22,1,446,particulier,0
8732.0,22,2,338,agent,0
2006.0,21,2,1200,particulier,0
3439.0,18,4,870,particulier,0
4637.0,18,3,1924,particulier,0
2064.0,22,2,536,agent,0
3038.0,22,1,529,particulier,0
2006.0,13,0,1422,particulier,0
4625.0,23,0,1484,particulier,0
1072.0,6,2,1618,particulier,0
5357.0,23,3,2039,particulier,0
4290.0,23,1,685,particulier,0
2772.0,10,3,1721,particulier,0
4828.0,17,3,565,particulier,0
2416.0,20,3,2128,agent,0
1864.0,20,9,822,agent,0
5230.0,19,3,2181,particulier,0
5426.0,20,1,1004,agent,0
2141.0,18,4,807,facture,0
1990.0,22,4,1652,facture,0
2820.0,23,5,1057,particulier,0
2061.0,23,4,1018,agent,0
12044.0,21,5,1061,particulier,0
4311.0,9,2,1567,particulier,0
3336.0,9,4,1754,particulier,0
1491.0,23,1,1502,particulier,0
6174.0,23,2,215,particulier,0
1959.0,11,3,1209,particulier,0
1892.0,23,3,1460,particulier,0
6353.0,11,4,152,particulier,0
4579.0,9,3,668,agent,0
392.0,20,5,1018,agent,0
2881.0,7,2,1550,facture,0
3665.0,22,2,2079,particulier,0
2468.0,19,3,2127,particulier,0
3776.0,9,4,1254,particulier,0
708.0,10,3,230,agent,0
297.0,20,5,1491,particulier,0
1438.0,6,1,583,particulier,0
4188.0,18,3,628,particulier,0
212.0,9,1,222,particulier,0
1608.0,6,4,1112,particulier,0
643.0,9,3,1054,particulier,0
2681.0,23,3,2026,particulier,0
17400.0,22,6,1035,agent,0
2739.0,14,2,269,particulier,0
3007.0,16,6,247,particulier,0
6723.0,9,0,1216,particulier,0
3355.0,17,3,1384,particulier,0
2744.0,23,3,50,particulier,0
7242.0,23,5,1718,particulier,0
4920.0,21,2,729,agent,0
4210.0,22,3,1765,particulier,0
2928.0,23,5,1432,particulier,0
2455.0,9,1,177,particulier,0
7184.0,20,5,1337,particulier,0
2475.0,17,6,1651,particulier,0
9382.0,20,3,1800,agent,0
1353.0,18,4,1526,particulier,0
11145.0,18,5,1989,particulier,0
4921.0,11,2,1042,particulier,0
1446.0,16,2,1169,particulier,0
5078.0,23,5,787,particulier,0
1896.0,21,4,2164,particulier,0
3389.0,23,2,1271,facture,0
2178.0,22,4,2145,agent,0
2943.0,22,1,112,particulier,0
7334.0,22,5,1189,particulier,0
5119.0,7,1,2156,particulier,0
1266.0,23,5,646,particulier,0
1329.0,19,3,1292,agent,0
4147.0,20,3,1062,particulier,0
4410.0,7,4,1436,particulier,0
1857.0,10,3,1152,particulier,0
12741.0,19,3,31,agent,1
6578.0,23,4,1670,particulier,0
1936.0,17,3,1578,facture,0
1783.0,21,4,1310,particulier,0
2714.0,20,3,338,particulier,0
2485.0,18,1,1359,particulier,0
9583.0,19,3,1985,particulier,0
7607.0,9,1,266,agent,0
3394.0,20,8,409,particulier,0
5862.0,18,5,1883,particulier,0
6631.0,23,2,2165,particulier,0
3462.0,20,2,1571,particulier,0
4639.0,21,4,1796,particulier,0
5459.0,9,1,401,particulier,0
4986.0,7,3,338,particulier,0
1699.0,15,4,1186,particulier,0
1852.0,20,2,1439,particulier,0
2578.0,16,3,1062,particulier,0
1807.0,23,3,2071,particulier,0
942.0,10,4,561,particulier,0
5852.0,10,4,2043,particulier,0
4422.0,8,2,392,particulier,0
1055.0,20,4,379,facture,0
2684.0,11,2,1734,particulier,0
2817.0,6,3,2037,particulier,0
3845.0,23,4,862,agent,0
1313.0,18,3,599,facture,0
1042.0,9,2,1228,particulier,0
5124.0,22,0,1998,agent,0
894.0,22,4,1505,facture,0
2703.0,22,1,885,particulier,0
2497.0,17,0,121,particulier,0
2967.0,8,6,1304,particulier,0
4084.0,11,4,1070,agent,0
12820.0,12,3,341,agent,0
846.0,18,3,163,particulier,0
6940.0,10,2,1383,particulier,0
389.0,19,2,1114,particulier,0
10771.0,21,3,995,particulier,0
580.0,5,2,1429,particulier,0
26133.0,12,2,125,particulier,0
2365.0,11,3,725,agent,0
9866.0,23,2,865,agent,0
8279.0,21,1,1385,agent,0
2273.0,7,3,704,particulier,0
2427.0,21,3,175,agent,0
1617.0,18,3,618,particulier,0
6433.0,8,2,2056,particulier,0
2299.0,15,2,677,particulier,0
1642.0,19,1,2101,agent,0
5201.0,19,2,27,agent,0
1537.0,22,3,1147,particulier,0
2491.0,19,3,1412,agent,0
3608.0,22,4,1591,particulier,0
1908.0,20,1,649,particulier,0
2169.0,21,3,1104,facture,0
12146.0,20,3,1222,agent,0
2769.0,6,4,1218,agent,0
2427.0,23,2,730,particulier,0
2839.0,18,2,1260,particulier,0
4848.0,23,2,1861,particulier,0
1368.0,18,3,1472,particulier,0
4737.0,20,5,714,particulier,0
4095.0,12,4,346,particulier,0
720.0,23,2,429,agent,0
15140.0,18,4,919,particulier,0
11404.0,22,2,674,agent,0
1668.0,9,3,655,particulier,0
1269.0,22,1,2174,particulier,0
3999.0,20,4,486,agent,0
980.0,20,3,708,particulier,0
10505.0,10,3,1177,particulier,0
2212.0,20,0,1032,particulier,0
13076.0,10,1,2087,agent,0
1635.0,9,3,2176,facture,0
2995.0,19,6,2186,particulier,0
9673.0,22,4,2174,agent,0
2503.0,8,8,2091,agent,0
4152.0,19,8,344,particulier,0
8340.0,21,8,602,agent,0
2054.0,22,4,473,particulier,0
1127.0,22,1,2002,particulier,0
953.0,21,2,1760,particulier,0
5410.0,10,2,1082,particulier,0
4585.0,8,3,2058,particulier,0
8123.0,20,2,670,particulier,0
2610.0,23,2,1785,agent,0
976.0,19,2,1930,particulier,0
446.0,20,4,77,particulier,0
37713.0,17,4,333,particulier,0
5156.0,9,3,350,particulier,0
3701.0,6,6,1861,particulier,0
4175.0,8,5,1706,facture,0
976.0,22,2,1681,particulier,0
1676.0,22,2,1279,particulier,0
14499.0,21,6,1287,facture,0
5765.0,9,6,285,particulier,0
1721.0,9,5,89,facture,0
1161.0,8,4,1025,particulier,0
2125.0,15,8,932,particulier,0
2520.0,8,2,1517,particulier,0
18803.0,17,6,1709,particulier,0
2807.0,16,2,1496,particulier,0
1199.0,10,3,1851,particulier,0
3134.0,12,2,375,particulier,0
4124.0,11,9,584,particulier,0
1109.0,7,1,567,particulier,0
4637.0,19,3,338,agent,0
9206.0,11,3,536,particulier,0
3707.0,19,4,234,particulier,0
1673.0,18,0,1496,particulier,0
2102.0,23,2,1088,agent,0
804.0,18,1,1255,particulier,0
2940.0,17,1,543,particulier,0
4291.0,6,5,597,particulier,0
1537.0,9,4,1248,particulier,0
17133.0,13,1,1918,particulier,0
6460.0,18,3,1948,particulier,0
718.0,21,6,1668,particulier,0
730.0,18,5,728,particulier,0
1427.0,12,5,1399,agent,0
12547.0,19,4,708,particulier,0
7025.0,18,5,1110,facture,0
13097.0,8,4,1767,particulier,0
3323.0,19,3,440,particulier,0
2757.0,5,1,1951,particulier,0
1141.0,13,8,736,agent,0
4435.0,11,3,1015,particulier,0
2788.0,6,2,553,particulier,0
2699.0,6,1,515,facture,0
13034.0,21,3,457,particulier,0
2959.0,20,4,364,particulier,0
10212.0,19,2,111,particulier,0
854.0,20,3,381,agent,0
32367.0,20,4,502,particulier,0
2399.0,15,4,1274,agent,0
6010.0,20,3,711,particulier,0
6880.0,5,5,384,particulier,0
2159.0,23,5,1654,particulier,0
6609.0,23,3,935,particulier,0
6907.0,9,4,1857,agent,0
1797.0,18,6,258,particulier,0
1815.0,19,3,1377,particulier,0
3424.0,19,2,1411,particulier,0
2986.0,4,2,644,particulier,0
10766.0,18,1,356,particulier,0
5987.0,19,2,1812,particulier,0
3103.0,17,4,2033,particulier,0
5515.0,6,4,1150,particulier,0
578.0,22,0,1447,agent,0
1953.0,20,2,1104,particulier,0
4208.0,21,1,1244,agent,0
8502.0,21,1,1965,particulier,0
3904.0,19,3,1629,particulier,0
11379.0,23,1,1351,particulier,0
6889.0,19,3,431,agent,0
2175.0,16,7,976,particulier,0
2925.0,9,2,1813,particulier,0
4662.0,22,4,1061,particulier,0
2250.0,20,1,1441,particulier,0
12108.0,23,3,420,particulier,0
1284.0,21,3,1499,particulier,0
4310.0,10,2,861,facture,0
6156.0,19,6,1524,particulier,0
2524.0,11,0,1838,particulier,0
2084.0,8,4,616,particulier,0
3088.0,23,4,180,particulier,0
6570.0,12,5,55,particulier,0
2154.0,8,5,241,agent,0
1328.0,8,3,2083,particulier,0
8760.0,18,5,1860,particulier,0
4626.0,23,2,1636,particulier,0
7760.0,18,3,690,particulier,0
6282.0,21,4,877,particulier,0
21013.0,19,6,860,agent,0
8499.0,16,2,1886,particulier,0
1780.0,17,4,1907,particulier,0
4913.0,7,1,464,particulier,0
2051.0,10,1,2157,particulier,0
2239.0,22,4,1142,particulier,0
992.0,17,2,1302,agent,0
2583.0,21,4,1407,particulier,0
5236.0,23,3,1657,agent,0
3115.0,22,2,1834,particulier,0
1294.0,9,0,1721,particulier,0
903.0,21,4,38,particulier,0
19832.0,21,5,1845,particulier,0
4343.0,23,7,219,facture,0
1635.0,23,2,1861,particulier,0
4878.0,9,2,1770,particulier,0
21180.0,7,0,654,particulier,0
5583.0,20,2,1250,particulier,0
308.0,21,4,1905,particulier,0
31396.0,11,1,996,particulier,0
684.0,9,1,1360,particulier,0
2765.0,23,1,1254,particulier,0
1257.0,19,0,524,particulier,0
1756.0,23,2,844,particulier,0
4195.0,15,1,6,particulier,0
567.0,20,2,945,particulier,0
3051.0,4,4,97,agent,0
8736.0,21,1,1569,particulier,0
1609.0,7,1,942,particulier,0
1011.0,9,5,69,particulier,0
2927.0,10,3,411,particulier,0
2471.0,18,6,1744,agent,0
1986.0,18,3,434,particulier,0
1200.0,8,4,1033,particulier,0
5122.0,8,4,1793,particulier,0
5464.0,23,1,1768,particulier,0
1332.0,11,1,1078,particulier,0
1498.0,6,2,1699,particulier,0
3700.0,8,2,2087,particulier,0
1451.0,20,4,1407,particulier,0
3835.0,5,4,1782,agent,0
11474.0,21,3,1330,particulier,0
3131.0,22,2,112,agent,0
1174.0,22,2,2095,particulier,0
4598.0,10,3,2153,particulier,0
2833.0,17,2,1348,facture,0
2900.0,19,2,365,agent,0
4935.0,22,4,1099,particulier,0
5928.0,22,3,1144,particulier,0
3395.0,21,4,2070,particulier,0
3129.0,23,1,1598,particulier,0
19035.0,21,3,362,particulier,0
9141.0,20,2,1051,particulier,0
6691.0,17,2,1838,agent,0
3683.0,10,2,1819,particulier,0
1401.0,20,2,1600,particulier,0
8589.0,12,4,2012,particulier,0
3724.0,20,2,1569,particulier,0
2017.0,23,4,1002,particulier,0
2679.0,23,5,1964,agent,0
1449.0,20,0,304,particulier,0
8093.0,22,2,1513,particulier,0
5887.0,6,5,1880,particulier,0
3844.0,21,8,494,particulier,0
3177.0,21,3,978,particulier,0
1847.0,15,5,303,particulier,0
539.0,23,0,339,agent,0
991.0,18,0,1301,particulier,0
1752.0,16,3,1653,particulier,0
1542.0,16,1,1148,facture,0
4213.0,8,1,2140,particulier,0
6567.0,22,6,1395,particulier,0
2954.0,23,2,1604,particulier,0
10912.0,4,3,1046,facture,0
1693.0,23,3,1274,particulier,0
2936.0,9,4,261,particulier,0
3155.0,7,2,1129,particulier,0
8336.0,16,2,1805,facture,0
3605.0,19,2,14,particulier,0
3691.0,16,2,437,particulier,0
807.0,11,3,901,particulier,0
1533.0,22,2,163,agent,0
8363.0,9,6,52,particulier,0
565.0,17,1,69,particulier,0
10317.0,10,4,178,particulier,0
5038.0,16,3,1194,particulier,0
1745.0,23,2,1556,particulier,0
1624.0,20,1,1303,particulier,0
16507.0,23,3,645,particulier,0
10935.0,18,5,1466,particulier,0
2976.0,23,2,717,particulier,0
3694.0,19,1,1007,particulier,0
1902.0,8,3,1068,agent,0
3694.0,7,1,2161,particulier,0
1858.0,10,4,1119,particulier,0
3082.0,18,2,1119,agent,0
15349.0,21,2,224,particulier,0
3037.0,16,2,1754,particulier,0
1352.0,21,5,146,facture,0
1031.0,17,2,1465,particulier,0
3670.0,11,0,2125,particulier,0
1725.0,17,7,1160,particulier,0
4063.0,22,7,23,particulier,0
832.0,22,3,694,particulier,0
5924.0,20,4,28,particulier,0
1338.0,20,7,265,particulier,0
3427.0,23,5,1437,particulier,0
2471.0,19,2,695,particulier,0
14195.0,19,3,20,particulier,1
3811.0,22,4,1502,particulier,0
17217.0,9,2,1371,particulier,0
5306.0,13,1,132,particulier,0
11066.0,18,1,599,agent,0
2759.0,9,1,1256,agent,0
4419.0,18,3,553,particulier,0
9282.0,12,1,491,agent,0
7110.0,18,1,1812,particulier,0
5174.0,18,4,1489,facture,0
2493.0,21,3,95,agent,0
2879.0,8,4,809,facture,0
8665.0,8,4,1851,particulier,0
10343.0,23,3,1859,particulier,0
1990.0,21,4,1570,particulier,0
1751.0,20,5,2181,particulier,0
1528.0,12,6,1036,facture,0
6669.0,23,6,1449,particulier,0
1495.0,23,4,1554,particulier,0
6601.0,21,1,218,agent,0
5239.0,17,4,1536,particulier,0
2073.0,17,2,1554,particulier,0
12448.0,10,0,191,particulier,0
951.0,8,7,1138,particulier,0
13502.0,21,5,1358,particulier,0
4320.0,8,3,352,particulier,0
565.0,8,2,1997,particulier,0
12748.0,16,2,766,particulier,0
7528.0,20,2,161,particulier,0
2289.0,22,1,1680,particulier,0
1451.0,10,5,128,particulier,0
868.0,22,3,478,particulier,0
25671.0,23,2,167,particulier,0
1503.0,22,5,479,particulier,0
1125.0,21,2,2166,particulier,0
4137.0,20,1,2139,particulier,0
819.0,21,2,763,particulier,0
1430.0,7,3,2059,particulier,0
7675.0,20,4,359,particulier,0
4888.0,23,8,1128,particulier,0
2372.0,22,1,564,particulier,0
3346.0,23,4,66,particulier,0
2262.0,23,2,882,agent,0
3125.0,21,4,1487,particulier,0
1724.0,7,3,1409,facture,0
2012.0,20,5,824,agent,0
1960.0,9,2,349,particulier,0
1778.0,10,3,320,particulier,0
8001.0,21,3,1747,particulier,0
6340.0,8,2,172,particulier,0
1491.0,17,3,800,particulier,0
1194.0,21,3,1607,particulier,0
2882.0,17,2,641,particulier,0
20578.0,19,2,2129,particulier,0
1375.0,9,4,1337,particulier,0
2873.0,9,1,286,particulier,0
3553.0,21,2,1450,agent,0
3004.0,18,4,1619,particulier,0
2232.0,10,3,1556,particulier,0
8794.0,10,2,876,particulier,0
4848.0,8,4,1943,particulier,0
6761.0,8,3,440,particulier,0
5437.0,17,4,1343,particulier,0
7043.0,20,4,2076,particulier,0
12667.0,19,3,1850,agent,0
10213.0,21,6,1010,particulier,0
23768.0,10,1,115,particulier,0
9272.0,9,1,1471,particulier,0
1865.0,9,2,1785,particulier,0
6770.0,19,1,1922,particulier,0
6026.0,20,7,894,agent,0
16852.0,23,6,1597,agent,0
1448.0,9,2,909,particulier,0
5294.0,20,5,770,particulier,0
1847.0,11,0,1757,particulier,0
5093.0,9,3,504,particulier,0
2745.0,19,2,641,particulier,0
4952.0,18,5,685,particulier,0
993.0,7,4,1819,particulier,0
6466.0,23,4,166,agent,0
3925.0,20,2,1746,particulier,0
3749.0,19,5,751,agent,0
17287.0,19,3,563,particulier,0
2380.0,9,4,1165,particulier,0
4407.0,18,3,1930,agent,0
3588.0,23,2,526,facture,0
3898.0,7,4,768,agent,0
21775.0,21,4,1586,particulier,0
3478.0,10,4,266,agent,0
2034.0,7,3,722,particulier,0
16160.0,22,4,1339,agent,0
2536.0,21,5,439,particulier,0
842.0,23,4,1751,particulier,0
1755.0,18,1,1137,agent,0
1142.0,19,2,1045,facture,0
713.0,20,3,199,particulier,0
2420.0,23,4,1788,particulier,0
3104.0,11,1,170,particulier,0
8986.0,22,5,669,particulier,0
5625.0,20,3,200,particulier,0
5411.0,22,3,2049,particulier,0
1542.0,14,3,2148,particulier,0
6990.0,20,3,200,particulier,0
10749.0,20,0,2020,facture,0
4607.0,11,3,1792,particulier,0
4718.0,8,4,927,particulier,0
1124.0,11,1,1452,particulier,0
8073.0,9,3,50,particulier,0
14969.0,23,2,267,particulier,0
4335.0,15,1,610,particulier,0
1988.0,23,2,882,particulier,0
2871.0,8,2,1846,particulier,0
2305.0,10,6,505,particulier,0
2425.0,19,4,1660,particulier,0
5715.0,21,3,2025,agent,0
4178.0,9,2,2180,particulier,0
7734.0,11,4,1689,particulier,0
4515.0,22,4,1307,agent,0
1581.0,14,2,584,particulier,0
2153.0,18,2,1330,particulier,0
2042.0,22,2,1451,agent,0
2812.0,8,0,237,agent,0
15146.0,18,6,683,particulier,0
17355.0,23,4,1117,agent,0
6708.0,23,2,933,agent,0
3644.0,21,2,932,particulier,0
1035.0,11,3,398,agent,0
3972.0,23,3,579,particulier,0
1683.0,7,4,1826,particulier,0
13173.0,6,0,1929,agent,0
841.0,5,8,644,agent,0
4568.0,17,5,1300,particulier,0
1567.0,22,5,1933,particulier,0
3268.0,20,6,340,particulier,0
5803.0,7,5,2181,particulier,0
7853.0,21,3,1223,particulier,0
3129.0,18,2,1481,agent,0
6292.0,20,4,127,agent,0
1876.0,11,6,432,particulier,0
4059.0,19,3,1755,facture,0
7722.0,7,4,1172,particulier,0
4369.0,11,5,801,particulier,0
2101.0,15,3,2027,particulier,0
2599.0,19,4,819,facture,0
7811.0,7,6,1761,particulier,0
1302.0,21,5,2164,agent,0
1476.0,23,1,1402,particulier,0
5494.0,18,2,1293,particulier,0
2268.0,19,3,990,agent,0
958.0,6,3,874,particulier,0
10386.0,20,3,2094,particulier,0
1294.0,21,2,277,facture,0
2781.0,23,3,764,agent,0
1946.0,20,2,1549,particulier,0
2558.0,19,3,1225,particulier,0
1553.0,18,3,1801,particulier,0
6046.0,8,3,1359,particulier,0
3620.0,23,3,178,agent,0
7602.0,22,2,801,facture,0
1963.0,10,3,1653,particulier,0
20193.0,21,4,2092,particulier,0
653.0,15,3,1552,particulier,0
856.0,7,4,1699,particulier,0
14620.0,9,6,940,particulier,0
4929.0,21,4,2112,particulier,0
4404.0,23,2,1663,particulier,0
4753.0,20,3,1932,particulier,0
5354.0,22,6,1410,agent,0
4251.0,18,3,634,particulier,0
1450.0,17,2,405,facture,0
6604.0,9,3,2053,agent,0
5777.0,20,6,136,agent,0
11094.0,12,3,953,particulier,0
14759.0,18,5,61,particulier,1
4363.0,23,2,2180,particulier,0
1160.0,18,6,2108,agent,0
14863.0,20,4,1142,particulier,0
1387.0,21,1,1364,agent,0
4391.0,21,4,1585,particulier,0
2649.0,9,9,1336,particulier,0
2285.0,8,5,1358,particulier,0
6309.0,19,3,826,facture,0
4055.0,21,4,798,particulier,0
5096.0,11,1,821,agent,0
1647.0,23,5,1109,particulier,0
2841.0,22,4,2039,particulier,0
1713.0,12,3,351,particulier,0
2782.0,17,7,191,particulier,0
2978.0,8,5,359,facture,0
15798.0,18,2,1868,particulier,0
2643.0,8,4,1767,agent,0
541.0,19,3,874,agent,0
10784.0,19,2,1012,facture,0
4826.0,9,3,1355,particulier,0
2947.0,20,1,1934,particulier,0
2272.0,20,4,1813,particulier,0
1473.0,7,3,1503,particulier,0
17109.0,21,1,1364,particulier,0
3443.0,18,4,596,particulier,0
752.0,9,5,1917,facture,0
4353.0,11,3,893,particulier,0
9184.0,14,2,789,particulier,0
3763.0,10,3,1964,agent,0
1531.0,22,4,239,particulier,0
1419.0,21,3,1854,particulier,0
1511.0,9,3,1639,particulier,0
12009.0,21,2,884,particulier,0
3100.0,11,7,931,particulier,0
791.0,22,4,1845,agent,0
4567.0,16,3,1502,particulier,0
3714.0,17,4,1747,particulier,0
2249.0,19,1,1932,facture,0
1384.0,23,0,943,particulier,0
1334.0,7,1,188,agent,0
8297.0,12,1,1733,particulier,0
4066.0,10,3,449,particulier,0
4949.0,21,1,292,particulier,0
4056.0,23,6,1556,particulier,0
4353.0,9,4,674,particulier,0
2212.0,16,3,928,particulier,0
2766.0,21,0,1434,particulier,0
8868.0,19,6,1712,particulier,0
10964.0,7,1,1354,particulier,0
1166.0,7,3,1758,facture,0
2760.0,17,4,1319,agent,0
6724.0,8,3,1467,particulier,0
16314.0,11,3,1047,particulier,0
14983.0,15,6,589,particulier,0
1675.0,20,4,57,particulier,0
9738.0,21,8,524,agent,1
3463.0,21,3,1486,particulier,0
8004.0,23,3,1567,particulier,0
6438.0,20,2,568,particulier,0
1125.0,17,1,456,particulier,0
5258.0,18,3,2074,agent,0
7745.0,20,0,608,particulier,0
3239.0,13,3,1756,particulier,0
2672.0,21,6,615,particulier,0
866.0,10,2,1099,particulier,0
5890.0,12,2,2192,agent,0
3934.0,11,5,1853,particulier,0
1504.0,23,5,1256,particulier,0
2497.0,9,3,1597,particulier,0
3757.0,5,4,898,agent,0
2049.0,5,5,2160,particulier,0
3302.0,19,4,793,particulier,0
744.0,17,4,860,facture,0
10373.0,16,4,65,particulier,0
3339.0,19,4,734,particulier,0
1294.0,7,2,1977,agent,0
407.0,23,3,1612,particulier,0
7901.0,6,2,1593,particulier,0
5294.0,7,5,1393,facture,0
3941.0,21,4,1904,particulier,0
6864.0,19,3,1990,particulier,0
6848.0,23,2,1544,particulier,0
3887.0,22,2,767,facture,0
2654.0,11,8,88,particulier,0
2311.0,21,5,1340,particulier,0
4712.0,17,1,374,particulier,0
10802.0,23,1,1685,particulier,0
3019.0,22,3,566,agent,0
11557.0,21,3,1765,particulier,0
4524.0,4,3,746,particulier,0
4553.0,19,4,658,agent,0
25447.0,22,4,1005,particulier,0
13424.0,8,3,324,particulier,0
13723.0,23,2,641,particulier,0
1672.0,19,3,311,particulier,0
21234.0,12,5,1902,agent,0
3072.0,15,5,170,particulier,0
2715.0,15,2,436,particulier,0
526.0,12,6,1348,facture,0
4347.0,18,2,1810,particulier,0
1312.0,16,6,1764,particulier,0
4661.0,18,1,1258,agent,0
1227.0,21,2,417,particulier,0
15185.0,21,4,910,agent,0
5265.0,10,2,296,agent,0
22877.0,8,5,764,particulier,0
1381.0,9,1,393,particulier,0
12293.0,8,3,530,particulier,0
712.0,21,3,329,particulier,0
3932.0,20,3,668,facture,0
1926.0,18,3,1416,particulier,0
2251.0,20,2,438,particulier,0
2124.0,21,4,567,agent,0
1514.0,20,3,1658,agent,0
1129.0,6,1,488,particulier,0
2262.0,23,3,1613,particulier,0
3636.0,8,2,2181,agent,0
8859.0,22,4,1067,agent,0
4235.0,20,6,1827,particulier,0
8880.0,10,2,707,particulier,0
938.0,17,2,1718,particulier,0
2280.0,23,1,1238,particulier,0
6029.0,19,3,1849,particulier,0
4410.0,23,2,2116,particulier,0
1584.0,22,3,1898,particulier,0
7288.0,23,2,994,particulier,0
2097.0,20,4,139,particulier,0
1701.0,22,1,1942,agent,0
4984.0,8,5,1667,particulier,0
3312.0,20,1,389,particulier,0
2112.0,22,4,657,particulier,0
2052.0,12,1,515,particulier,0
1327.0,11,0,1523,particulier,0
2353.0,21,6,1645,agent,0
8392.0,22,3,1304,particulier,0
4056.0,23,5,1025,particulier,0
7441.0,20,0,53,particulier,0
5108.0,20,0,696,particulier,0
1958.0,8,3,1891,particulier,0
811.0,23,1,1954,facture,0
1498.0,22,2,151,particulier,0
1862.0,20,6,1170,particulier,0
1744.0,23,3,313,agent,0
7585.0,21,3,868,particulier,0
7518.0,21,3,1406,particulier,0
21592.0,23,1,320,agent,1
1721.0,23,5,830,agent,0
12808.0,22,2,1027,particulier,0
12741.0,18,4,2111,particulier,0
2704.0,21,2,208,particulier,0
4927.0,5,7,2042,particulier,0
9458.0,23,6,997,particulier,0
3134.0,23,1,911,particulier,0
2934.0,19,3,2144,particulier,0
1933.0,9,4,1783,particulier,0
443.0,19,8,2098,particulier,0
3498.0,20,9,2001,particulier,0
1802.0,10,2,1064,particulier,0
1321.0,9,2,1527,particulier,0
4717.0,8,1,1555,particulier,0
959.0,21,3,85,particulier,0
6537.0,8,2,1971,particulier,0
4969.0,21,3,1926,particulier,0
2345.0,9,5,1887,particulier,0
3122.0,19,10,1508,particulier,0
1198.0,14,5,1353,particulier,0
6234.0,7,5,1050,particulier,0
3863.0,7,3,895,particulier,0
4116.0,21,4,333,particulier,0
5047.0,19,4,1894,particulier,0
1908.0,23,3,868,particulier,0
906.0,21,2,941,particulier,0
7433.0,9,5,702,particulier,0
5916.0,20,1,531,agent,0
2090.0,15,0,475,agent,0
4665.0,18,2,375,particulier,0
9598.0,9,3,998,particulier,0
8672.0,18,4,1997,particulier,0
2039.0,23,8,660,particulier,0
929.0,22,2,1103,particulier,0
1075.0,20,5,1308,particulier,0
2528.0,23,3,2198,particulier,0
11418.0,18,6,1652,particulier,0
1774.0,13,8,1254,agent,0
1984.0,23,1,659,particulier,0
1950.0,7,3,420,facture,0
2097.0,22,4,788,particulier,0
3263.0,21,5,1854,particulier,0
1110.0,4,2,923,particulier,0
8281.0,12,2,1081,facture,0
2913.0,22,5,236,facture,0
27099.0,21,4,1963,agent,1
1215.0,17,1,1817,particulier,0
12726.0,21,5,2058,particulier,0
10750.0,19,2,1822,particulier,0
2322.0,20,4,1106,particulier,0
2355.0,19,5,499,agent,0
1506.0,22,7,1864,particulier,0
1520.0,11,4,1130,particulier,0
3293.0,21,5,215,particulier,0
3353.0,11,1,1745,particulier,0
844.0,16,6,2157,particulier,0
23144.0,11,3,1610,particulier,0
2642.0,10,4,564,particulier,0
3483.0,19,3,1146,particulier,0
1935.0,21,5,779,particulier,0
2626.0,20,3,993,particulier,0
2430.0,11,2,856,particulier,0
3286.0,22,5,172,agent,0
3254.0,9,8,1002,particulier,0
6530.0,7,2,703,agent,0
3996.0,17,3,2024,particulier,0
5995.0,9,1,1214,particulier,0
3267.0,12,2,1632,particulier,0
4010.0,9,1,555,particulier,0
2684.0,23,2,245,particulier,0
7728.0,22,5,2115,particulier,0
4334.0,21,2,125,particulier,0
2880.0,23,3,162,agent,0
2808.0,20,1,557,agent,0
3002.0,11,1,1870,particulier,0
3381.0,21,3,1971,particulier,0
3140.0,23,3,579,agent,0
2049.0,21,3,98,particulier,0
6312.0,7,4,1388,particulier,0
6660.0,21,3,1305,particulier,0
15007.0,18,3,973,agent,0
1972.0,22,6,1839,particulier,0
5805.0,22,5,2055,particulier,0
650.0,19,2,1107,particulier,0
6665.0,18,1,1027,agent,0
955.0,21,5,1378,particulier,0
1427.0,18,4,1849,particulier,0
4369.0,18,5,583,particulier,0
1942.0,9,1,2146,particulier,0
1729.0,22,2,2004,particulier,0
2182.0,11,5,848,particulier,0
6125.0,19,2,215,particulier,0
1491.0,23,6,766,particulier,0
3146.0,8,4,1327,particulier,0
2388.0,23,7,568,particulier,0
6614.0,21,4,106,particulier,0
6773.0,22,5,393,particulier,0
692.0,7,2,144,particulier,0
8009.0,14,3,1571,particulier,0
1960.0,19,4,1651,particulier,0
4027.0,19,4,1237,facture,0
1483.0,21,2,1197,facture,0
4516.0,22,2,1154,particulier,0
28815.0,9,5,1249,particulier,0
3671.0,9,4,2140,facture,0
2229.0,11,3,1767,agent,0
2704.0,20,0,2102,agent,0
945.0,22,1,205,facture,0
11289.0,20,4,918,particulier,0
4298.0,19,1,1467,particulier,0
1351.0,22,4,1426,particulier,0
1389.0,18,4,1833,particulier,0
3338.0,18,1,1100,particulier,0
7275.0,7,2,1616,particulier,0
1239.0,7,4,341,particulier,0
8488.0,8,3,1789,agent,0
3048.0,21,1,550,particulier,0
1494.0,9,2,335,particulier,0
2214.0,18,2,1047,particulier,0
14563.0,21,6,2050,particulier,0
1012.0,18,2,1953,particulier,0
1769.0,23,1,1108,particulier,0
7403.0,20,8,2119,particulier,0
3960.0,8,3,246,particulier,0
1682.0,22,2,825,particulier,0
7481.0,10,3,358,particulier,0
7789.0,18,5,9,particulier,0
4366.0,12,2,2113,particulier,0
1958.0,10,6,492,particulier,0
2232.0,17,3,2158,particulier,0
4196.0,6,6,1559,particulier,0
1080.0,10,1,1214,particulier,0
10184.0,19,2,2046,particulier,0
13977.0,11,4,397,particulier,0
2696.0,8,1,581,particulier,0
4459.0,23,7,1111,particulier,0
9027.0,23,5,555,facture,0
17365.0,19,5,866,particulier,0
12375.0,20,5,871,particulier,0
754.0,9,0,1842,particulier,0
2519.0,5,1,732,particulier,0
5042.0,12,7,1511,particulier,0
2164.0,20,3,1626,particulier,0
14993.0,18,3,839,facture,0
13160.0,23,0,185,particulier,0
1647.0,19,2,2191,particulier,0
2870.0,12,1,1154,particulier,0
1742.0,21,0,637,particulier,0
2791.0,23,4,1621,agent,0
2720.0,20,4,1775,agent,0
7414.0,7,3,276,particulier,0
1548.0,20,5,1826,facture,0
356.0,20,0,558,particulier,0
842.0,23,0,1857,particulier,0
1375.0,23,4,65,particulier,0
1887.0,20,5,2097,particulier,0
3863.0,23,2,2122,particulier,0
1316.0,23,6,219,agent,0
1177.0,19,2,1997,facture,0
1495.0,7,4,1728,particulier,0
1276.0,13,2,1732,particulier,0
2056.0,9,2,560,particulier,0
1983.0,21,2,1588,particulier,0
5918.0,8,4,358,particulier,0
1421.0,9,5,1185,agent,0
2431.0,21,3,545,particulier,0
2073.0,19,2,1688,particulier,0
6552.0,23,5,1265,particulier,0
2890.0,8,4,1217,particulier,0
8047.0,23,2,1408,facture,0
1237.0,12,2,718,particulier,0
3159.0,12,0,28,particulier,0
2019.0,11,4,508,particulier,0
1162.0,20,5,1199,particulier,0
3111.0,12,5,549,particulier,0
14371.0,19,2,631,particulier,0
1596.0,10,2,773,particulier,0
2956.0,20,5,1313,particulier,0
1080.0,17,2,284,particulier,0
953.0,20,3,183,agent,0
1687.0,11,2,1901,particulier,0
2247.0,23,4,1509,agent,0
2334.0,17,6,2079,particulier,0
2719.0,19,3,2101,particulier,0
812.0,6,2,16,particulier,0
1935.0,22,0,158,particulier,0
5047.0,19,2,1440,particulier,0
1038.0,9,3,44,particulier,0
2436.0,20,4,515,particulier,0
4226.0,22,5,1295,particulier,0
1694.0,23,0,1423,particulier,0
4404.0,18,4,503,particulier,0
904.0,20,6,1711,agent,0
7011.0,22,5,310,particulier,0
4496.0,21,3,1671,particulier,0
3454.0,17,0,55,particulier,0
8571.0,22,2,897,agent,0
2490.0,21,7,469,particulier,0
1949.0,21,2,2077,particulier,0
10579.0,20,4,2147,agent,0
15751.0,13,1,467,particulier,0
1827.0,9,2,1439,particulier,0
2991.0,6,2,1082,particulier,0
8009.0,19,3,1667,particulier,0
3083.0,10,5,1397,particulier,0
5461.0,19,3,2022,particulier,0
6395.0,23,0,933,particulier,0
2043.0,20,5,1842,particulier,0
4705.0,8,4,40,particulier,0
3277.0,20,2,2141,particulier,0
1171.0,21,6,1834,agent,0
1421.0,17,2,1293,particulier,0
1892.0,20,1,1955,agent,0
7254.0,23,3,1177,agent,0
7459.0,10,4,1484,agent,0
6232.0,20,5,278,particulier,0
4789.0,23,4,863,particulier,0
4679.0,22,3,1283,particulier,0
4171.0,9,3,617,particulier,0
4659.0,21,4,777,agent,0
4935.0,21,0,48,agent,0
998.0,14,3,219,particulier,0
1683.0,10,4,1145,particulier,0
1374.0,19,5,1890,particulier,0
8443.0,6,1,71,particulier,0
13440.0,17,2,2033,particulier,0
521.0,19,4,191,particulier,0
12458.0,19,1,1036,particulier,0
3546.0,19,3,1086,agent,0
7792.0,15,3,1129,facture,0
5067.0,21,4,991,particulier,0
11207.0,18,5,755,particulier,0
3937.0,22,2,1416,facture,0
1034.0,22,3,1536,particulier,0
3011.0,7,5,1725,agent,0
5107.0,7,1,1923,particulier,0
2742.0,20,1,1163,particulier,0
5762.0,19,3,1526,facture,0
3116.0,18,3,1368,agent,0
1986.0,13,4,547,particulier,0
1309.0,19,2,1333,particulier,0
2361.0,18,2,541,agent,0
3920.0,9,7,2073,particulier,0
623.0,11,5,210,particulier,0
1698.0,22,4,1371,particulier,0
604.0,7,5,816,particulier,0
1950.0,18,6,1377,particulier,0
9115.0,5,1,2108,particulier,0
1202.0,21,4,1186,agent,0
5989.0,6,6,191,particulier,0
37105.0,7,6,1796,particulier,1
11333.0,10,5,1327,particulier,0
3690.0,23,2,2028,agent,0
6834.0,12,4,544,particulier,0
1028.0,23,3,737,particulier,0
865.0,23,4,1841,particulier,0
3376.0,23,3,635,particulier,0
4623.0,10,1,1858,particulier,0
8352.0,22,5,1777,particulier,0
2032.0,19,3,2109,agent,0
3883.0,11,5,2154,particulier,0
3772.0,7,7,1607,particulier,0
2946.0,22,3,514,agent,0
3098.0,20,3,310,particulier,0
1593.0,16,4,337,particulier,0
4179.0,17,2,1832,particulier,0
3889.0,22,2,1587,particulier,0
2266.0,9,4,182,particulier,0
5802.0,8,4,404,particulier,0
7892.0,18,1,1551,particulier,0
5859.0,23,3,1409,particulier,0
1358.0,18,1,1328,particulier,0
3586.0,11,4,1695,particulier,0
1518.0,10,1,655,particulier,0
3576.0,22,6,676,particulier,0
1523.0,8,2,1298,particulier,0
9756.0,20,3,1818,particulier,0
6411.0,7,6,2158,particulier,0
8778.0,9,8,146,particulier,0
8054.0,19,3,705,agent,0
2618.0,7,4,1425,particulier,0
2294.0,17,0,1040,facture,0
14479.0,16,1,1561,particulier,0
2863.0,7,2,1261,particulier,0
1042.0,18,1,1429,particulier,0
7757.0,17,4,514,particulier,0
3723.0,20,6,33,particulier,0
11850.0,20,7,1048,particulier,0
4050.0,11,5,1189,particulier,0
3239.0,9,3,1818,particulier,0
12055.0,10,4,1390,facture,0
891.0,7,0,1467,particulier,0
2003.0,11,4,1324,agent,0
1550.0,10,1,1555,particulier,0
510.0,16,0,1186,particulier,0
6920.0,12,2,1852,particulier,0
2051.0,19,4,1487,agent,0
7112.0,17,2,1535,particulier,0
4586.0,20,5,2065,particulier,0
5520.0,18,2,591,particulier,0
2237.0,8,2,1730,facture,0
1721.0,22,5,2164,particulier,0
3556.0,9,2,168,particulier,0
7196.0,22,3,969,agent,0
3156.0,9,4,628,particulier,0
1814.0,20,2,2126,facture,0
1189.0,11,0,234,particulier,0
3919.0,20,3,1812,particulier,0
2057.0,9,3,493,particulier,0
3100.0,8,2,1558,particulier,0
2689.0,13,2,520,particulier,0
2258.0,6,2,417,agent,0
4229.0,19,3,1461,particulier,0
5278.0,23,1,368,particulier,0
17509.0,23,6,2170,agent,0
6275.0,17,2,1386,particulier,0
12767.0,20,2,631,agent,0
1643.0,7,2,155,particulier,0
845.0,12,5,1101,agent,0
3254.0,12,6,319,agent,0
6832.0,11,3,1559,particulier,0
5979.0,20,0,1884,particulier,0
9225.0,19,3,584,particulier,0
381.0,8,3,1459,particulier,0
9557.0,21,8,63,agent,1
4381.0,17,4,112,particulier,0
887.0,9,2,472,particulier,0
6094.0,18,6,1478,facture,0
3805.0,20,3,51,particulier,0
4555.0,18,4,2113,particulier,0
7702.0,8,3,1647,particulier,0
4749.0,23,10,1074,particulier,0
942.0,21,1,542,particulier,0
2917.0,21,2,687,particulier,0
833.0,10,3,1517,particulier,0
5720.0,7,3,1287,particulier,0
10811.0,21,5,57,agent,1
1147.0,6,1,730,particulier,0
1862.0,18,2,1922,particulier,0
1556.0,22,2,1472,particulier,0
2240.0,21,4,22,particulier,0
4678.0,21,3,1835,particulier,0
2261.0,10,4,1082,particulier,0
5737.0,12,4,289,agent,0
8148.0,6,1,1658,agent,0
8404.0,21,4,1183,particulier,0
1274.0,11,2,711,particulier,0
10700.0,18,4,999,particulier,0
11455.0,16,3,2009,particulier,0
12330.0,13,0,156,particulier,0
2881.0,11,4,955,particulier,0
1739.0,7,2,545,particulier,0
1427.0,9,7,1743,particulier,0
1291.0,23,4,1455,particulier,0
3327.0,9,0,2084,particulier,0
6773.0,10,8,514,particulier,0
10002.0,10,5,1774,particulier,0
2180.0,19,4,774,particulier,0
3188.0,17,2,129,particulier,0
3015.0,18,4,262,facture,0
1920.0,19,9,351,particulier,0
6157.0,7,3,1848,particulier,0
4485.0,8,6,1801,agent,0
3717.0,11,1,518,agent,0
4467.0,22,6,2175,particulier,0
5559.0,20,4,2042,particulier,0
5512.0,20,2,402,agent,0
1615.0,20,2,2156,particulier,0
7058.0,23,5,965,particulier,0
4093.0,10,2,399,particulier,0
2277.0,9,2,1944,particulier,0
4020.0,10,4,502,particulier,0
4415.0,21,2,1262,particulier,0
8263.0,23,1,1057,particulier,0
1354.0,20,0,1725,particulier,0
10160.0,10,1,484,particulier,0
3360.0,10,3,603,agent,0
2143.0,23,3,1342,particulier,0
2088.0,23,1,1132,particulier,0
1406.0,12,1,634,particulier,0
750.0,22,6,497,particulier,0
5859.0,21,0,921,particulier,0
17743.0,11,4,2021,particulier,0
833.0,11,5,1666,particulier,0
1469.0,13,3,252,particulier,0
6241.0,22,7,1520,agent,0
3169.0,19,2,1951,facture,0
6696.0,17,2,1186,particulier,0
3022.0,22,2,904,particulier,0
2011.0,18,4,1987,particulier,0
2719.0,18,3,767,facture,0
435.0,21,4,877,particulier,0
1246.0,22,2,2002,facture,0
7376.0,20,4,412,particulier,0
9074.0,20,3,20,agent,0
10886.0,6,4,1244,agent,0
4792.0,18,3,1712,particulier,0
484.0,20,4,786,particulier,0
1920.0,8,2,1749,particulier,0
10157.0,7,6,1866,particulier,0
13090.0,23,2,490,particulier,0
10491.0,21,3,1471,particulier,0
2695.0,23,0,447,particulier,0
1085.0,20,1,1417,particulier,0
3183.0,17,2,702,particulier,0
3336.0,23,5,808,particulier,0
12466.0,18,1,786,particulier,0
3998.0,23,1,1279,particulier,0
3342.0,10,4,637,facture,0
3507.0,23,4,273,agent,0
4628.0,12,2,416,agent,0
5611.0,18,2,1336,particulier,0
1780.0,19,4,438,particulier,0
1341.0,23,1,1131,particulier,0
10562.0,21,2,1027,particulier,0
817.0,23,4,71,agent,0
13254.0,7,2,1345,particulier,0
649.0,22,4,408,particulier,0
2004.0,17,4,1707,agent,0
7526.0,7,1,1872,particulier,0
3295.0,23,2,1518,particulier,0
1076.0,19,3,1091,particulier,0
4734.0,7,5,1394,agent,0
3488.0,22,0,210,agent,0
2742.0,21,6,585,particulier,0
1938.0,8,3,1007,particulier,0
3199.0,20,2,311,particulier,0
2009.0,9,5,425,particulier,0
26091.0,21,6,418,particulier,0
2686.0,18,4,844,agent,0
2398.0,17,4,1852,particulier,0
2079.0,8,4,1373,particulier,0
14919.0,13,5,1183,particulier,0
818.0,20,4,1374,particulier,0
4472.0,17,4,1217,facture,0
2688.0,19,6,1185,particulier,0
983.0,23,6,2118,particulier,0
1642.0,6,1,1931,particulier,0
4313.0,3,2,29,particulier,0
1580.0,17,2,737,agent,0
4108.0,19,4,1853,particulier,0
14325.0,23,7,2163,agent,1
3809.0,19,1,2153,particulier,0
958.0,23,5,985,particulier,0
1604.0,9,2,429,particulier,0
2585.0,19,4,1421,agent,0
2442.0,19,0,965,particulier,0
3749.0,10,2,1379,agent,0
4297.0,21,3,1443,particulier,0
14342.0,10,5,687,particulier,0
3284.0,12,1,2092,particulier,0
1237.0,23,3,617,particulier,0
8784.0,6,2,1624,agent,0
9639.0,23,7,709,particulier,0
4014.0,20,8,938,agent,0
2672.0,7,3,1005,particulier,0
5592.0,10,4,1250,agent,0
2753.0,19,2,1406,agent,0
574.0,18,2,825,agent,0
5319.0,7,2,2095,particulier,0
7033.0,15,3,1160,agent,0
11214.0,20,2,1837,particulier,0
1770.0,20,3,1052,particulier,0
3993.0,20,2,285,agent,0
4067.0,7,3,51,agent,0
3542.0,13,5,2042,facture,0
3632.0,23,5,1157,particulier,0
3400.0,23,2,1251,particulier,0
3944.0,8,3,22,particulier,0
6183.0,9,7,1541,particulier,0
9295.0,21,3,1336,particulier,0
1732.0,17,4,393,particulier,0
2846.0,23,2,763,particulier,0
2300.0,9,4,1153,particulier,0
2037.0,9,2,2130,particulier,0
834.0,8,0,263,agent,0
3363.0,9,1,1967,agent,0
4951.0,12,3,225,particulier,0
2888.0,21,6,1186,particulier,0
3269.0,21,2,1931,agent,0
4702.0,23,1,1782,particulier,0
10932.0,20,1,582,particulier,0
2306.0,10,3,1278,agent,0
1217.0,17,6,1059,particulier,0
3051.0,23,7,1264,agent,0
16334.0,21,4,2022,agent,0
1228.0,18,5,1816,agent,0
5725.0,22,2,83,particulier,0
8815.0,20,4,366,facture,0
441.0,17,3,1766,particulier,0
4669.0,23,4,1164,agent,0
5502.0,16,4,2140,particulier,0
2625.0,21,3,608,agent,0
1902.0,20,6,2192,particulier,0
1994.0,13,4,1756,particulier,0
2492.0,21,1,276,agent,0
2548.0,6,2,1998,facture,0
2171.0,9,0,1217,particulier,0
2458.0,9,5,1429,particulier,0
9065.0,21,2,1854,agent,0
1173.0,15,5,862,particulier,0
745.0,8,2,276,particulier,0
9189.0,19,2,1286,facture,0
2798.0,8,4,1125,agent,0
2368.0,21,4,1382,particulier,0
2997.0,9,5,1941,agent,0
3936.0,10,2,446,particulier,0
2110.0,9,2,580,particulier,0
5065.0,5,3,1750,particulier,0
1454.0,22,5,96,particulier,0
2549.0,20,1,959,agent,0
501.0,10,2,1558,agent,0
8923.0,4,3,17,particulier,1
2836.0,22,3,1627,particulier,0
5823.0,19,3,1541,particulier,0
4940.0,23,5,1159,particulier,0
5257.0,21,5,1921,particulier,0
3273.0,12,2,730,agent,0
4582.0,12,5,236,particulier,0
1455.0,20,0,1103,facture,0
1217.0,12,2,498,particulier,0
3023.0,20,3,1715,particulier,0
1849.0,15,5,187,particulier,0
11066.0,11,5,1731,particulier,0
4532.0,21,1,1547,agent,0
1792.0,23,5,983,particulier,0
2615.0,9,5,910,facture,0
3689.0,19,2,669,particulier,0
3109.0,23,2,1338,particulier,0
4151.0,21,5,407,facture,0
3492.0,22,6,791,particulier,0
1010.0,20,3,1143,particulier,0
529.0,6,1,1060,particulier,0
2398.0,22,2,971,particulier,0
5305.0,22,2,105,particulier,0
2421.0,9,4,504,particulier,0
9425.0,18,5,954,agent,0
3166.0,16,4,1321,particulier,0
10442.0,11,5,145,particulier,0
8770.0,5,4,1855,particulier,0
8051.0,21,3,734,particulier,0
1184.0,17,3,1719,particulier,0
3343.0,13,6,1840,particulier,0
9315.0,21,3,1204,agent,0
4153.0,23,2,1314,particulier,0
5277.0,23,11,763,particulier,0
1013.0,16,2,649,particulier,0
16831.0,5,4,776,particulier,0
1681.0,6,2,1132,particulier,0
605.0,19,4,934,particulier,0
2444.0,20,4,1164,particulier,0
411.0,7,4,1615,particulier,0
1310.0,22,2,1565,agent,0
28991.0,11,2,893,agent,1
2385.0,8,5,236,particulier,0
979.0,10,6,1003,facture,0
3366.0,19,2,2068,agent,0
1536.0,13,3,1350,particulier,0
6869.0,19,3,2169,particulier,0
1547.0,6,4,1302,facture,0
4147.0,22,3,714,facture,0
1243.0,19,8,603,particulier,0
30007.0,23,7,1609,particulier,1
5055.0,11,6,2036,particulier,0
2911.0,21,3,1169,particulier,0
2568.0,23,4,600,particulier,0
2058.0,12,1,1473,particulier,0
1725.0,16,3,944,particulier,0
1686.0,21,4,2131,particulier,0
13720.0,19,4,2071,particulier,0
2060.0,12,4,1130,agent,0
539.0,21,3,1697,agent,0
1223.0,7,3,197,agent,0
7249.0,10,4,275,particulier,0
2659.0,11,7,1878,particulier,0
2940.0,21,5,364,particulier,0
8905.0,20,3,2004,particulier,0
1702.0,9,4,688,agent,0
5640.0,8,4,1528,particulier,0
1867.0,20,6,461,agent,0
5375.0,11,1,5,particulier,0
2363.0,18,8,651,facture,0
2683.0,18,3,1084,particulier,0
6615.0,23,3,764,agent,0
6222.0,4,4,1915,particulier,0
2862.0,22,4,81,particulier,0
2206.0,22,1,1393,particulier,0
12827.0,18,5,638,facture,0
5437.0,7,4,274,facture,0
2363.0,22,5,138,particulier,0
1891.0,21,4,1924,facture,0
7873.0,8,5,617,facture,0
3634.0,4,3,1303,agent,0
2867.0,23,2,897,particulier,0
3633.0,20,3,212,particulier,0
4390.0,19,3,320,particulier,0
3139.0,21,1,852,agent,0
9165.0,19,3,950,particulier,0
9609.0,21,3,471,particulier,0
5178.0,10,2,633,particulier,0
10599.0,9,2,890,agent,0
3318.0,20,3,888,particulier,0
5924.0,20,2,2127,particulier,0
7737.0,22,3,2100,particulier,0
7834.0,10,3,781,particulier,0
7177.0,9,0,687,agent,0
5634.0,20,1,855,particulier,0
17388.0,9,6,2128,particulier,0
2082.0,22,3,2171,particulier,0
2887.0,21,3,596,agent,0
2745.0,22,6,2062,facture,0
2409.0,8,2,1319,particulier,0
608.0,10,3,1564,particulier,0
10600.0,19,3,605,particulier,0
1377.0,20,2,1810,particulier,0
3806.0,8,2,270,particulier,0
984.0,21,2,1638,agent,0
5584.0,19,2,621,particulier,0
1690.0,8,5,575,particulier,0
1254.0,8,1,1718,particulier,0
3886.0,20,0,1727,particulier,0
1816.0,21,3,1874,agent,0
2022.0,11,4,982,particulier,0
3812.0,19,0,1560,particulier,0
6503.0,18,2,1076,facture,0
1643.0,8,1,590,agent,0
1419.0,18,5,1529,agent,0
3361.0,23,3,1426,particulier,0
5210.0,13,2,1564,agent,0
11423.0,7,5,1788,particulier,0
1325.0,10,3,1965,particulier,0
2514.0,23,3,1948,particulier,0
8950.0,6,3,1540,agent,0
17626.0,21,2,2132,facture,0
1416.0,20,4,1351,particulier,0
1758.0,22,2,654,agent,0
4555.0,19,4,1638,particulier,0
2016.0,23,2,2007,particulier,0
1728.0,10,1,1737,particulier,0
4055.0,20,3,1180,particulier,0
12296.0,22,5,919,particulier,0
1082.0,11,1,1578,particulier,0
11773.0,15,6,1067,particulier,0
2021.0,14,5,444,particulier,0
4420.0,14,4,1176,particulier,0
12736.0,19,1,902,particulier,0
4344.0,17,2,1758,particulier,0
2558.0,20,3,666,particulier,0
6066.0,4,6,1678,facture,0
2844.0,17,4,1039,particulier,0
5131.0,8,4,1043,facture,0
2768.0,9,6,1084,particulier,0
6850.0,17,4,1696,particulier,0
1007.0,8,5,405,particulier,0
1392.0,17,5,1707,particulier,0
995.0,8,4,1011,agent,0
3140.0,9,4,1546,particulier,0
898.0,11,1,1261,particulier,0
1830.0,20,3,420,particulier,0
1285.0,21,6,443,particulier,0
11588.0,10,4,690,agent,0
1419.0,22,1,2068,particulier,0
1104.0,8,6,1434,particulier,0
4069.0,9,4,1722,facture,0
13819.0,15,2,694,agent,0
2985.0,13,4,17,particulier,0
3188.0,23,3,1409,particulier,0
9869.0,22,3,1392,particulier,0
6950.0,20,1,1630,particulier,0
4730.0,18,6,920,particulier,0
2008.0,23,4,1832,particulier,0
4854.0,20,2,1127,facture,0
1036.0,8,3,1166,particulier,0
1939.0,10,1,981,particulier,0
11123.0,9,1,1056,particulier,0
9964.0,20,4,969,particulier,0
4778.0,7,1,872,particulier,0
639.0,11,2,1126,particulier,0
1180.0,6,6,1572,agent,0
1849.0,19,2,548,particulier,0
2847.0,9,6,1604,facture,0
1138.0,21,3,1458,agent,0
2672.0,17,3,280,particulier,0
14797.0,21,3,1592,agent,0
4632.0,6,2,2180,particulier,0
3968.0,21,5,1099,particulier,0
1387.0,20,4,1155,agent,0
818.0,19,1,1494,particulier,0
1160.0,23,3,1772,particulier,0
790.0,23,0,1277,particulier,0
3511.0,9,3,451,particulier,0
4566.0,11,0,2175,particulier,0
1450.0,14,3,1328,facture,0
3736.0,7,5,1211,particulier,0
11483.0,15,7,634,agent,1
17397.0,21,4,1732,particulier,0
6341.0,19,2,2149,particulier,0
2840.0,8,3,1876,particulier,0
6170.0,23,4,2000,agent,0
10395.0,19,1,1313,agent,0
598.0,8,2,1046,agent,0
11612.0,17,5,1324,particulier,0
2074.0,18,3,131,particulier,0
2091.0,10,1,748,particulier,0
2436.0,22,5,1462,particulier,0
4325.0,12,5,972,agent,0
1281.0,18,2,1820,particulier,0
2586.0,21,5,1337,agent,0
5149.0,23,1,575,particulier,0
3967.0,22,1,646,particulier,0
4554.0,23,4,920,facture,0
2501.0,21,5,971,agent,0
5941.0,20,0,772,particulier,0
8087.0,15,1,1089,particulier,0
7685.0,22,3,1058,particulier,0
4738.0,22,0,1612,particulier,0
7318.0,23,3,52,agent,1
6908.0,19,3,1180,particulier,0
32049.0,20,5,2179,particulier,1
9278.0,9,2,769,particulier,0
3055.0,17,4,1455,particulier,0
1518.0,10,5,1677,particulier,0
2639.0,23,1,1861,particulier,0
2485.0,23,2,2099,facture,0
5088.0,22,6,1220,agent,0
1817.0,23,1,2117,agent,0
9076.0,8,3,1266,particulier,0
1011.0,8,3,611,particulier,0
823.0,17,2,277,particulier,0
2937.0,13,4,861,particulier,0
1610.0,10,1,1294,particulier,0
1131.0,20,2,787,particulier,0
1917.0,21,8,1470,facture,0
1725.0,20,2,879,particulier,0
3323.0,21,3,660,particulier,0
1944.0,23,1,1347,particulier,0
2083.0,22,3,589,particulier,0
3281.0,19,6,1529,agent,0
7802.0,14,4,503,particulier,0
11500.0,18,5,2113,particulier,0
3735.0,23,2,1524,particulier,0
3991.0,19,1,725,agent,0
2819.0,22,2,1361,particulier,0
4960.0,22,2,975,particulier,0
4590.0,20,3,239,particulier,0
10168.0,20,3,489,particulier,0
662.0,19,4,918,particulier,0
2699.0,23,3,1805,particulier,0
4395.0,18,3,1883,particulier,0
3222.0,23,3,2115,agent,0
1483.0,22,1,1369,agent,0
1092.0,22,5,1854,particulier,0
6538.0,20,7,1793,agent,0
1731.0,17,4,1001,particulier,0
741.0,10,4,973,particulier,0
6823.0,19,3,934,particulier,0
4867.0,21,0,1535,facture,0
2985.0,23,5,954,particulier,0
1514.0,8,2,757,particulier,0
2992.0,21,3,1532,agent,0
9258.0,23,3,1005,agent,0
835.0,7,2,2104,particulier,0
872.0,15,6,119,agent,0
1932.0,10,3,1188,agent,0
3221.0,23,4,2176,facture,0
2161.0,10,1,638,particulier,0
5690.0,7,1,752,agent,0
8312.0,18,3,2152,particulier,0
4175.0,11,2,1766,particulier,0
5305.0,20,3,466,agent,0
4152.0,21,0,455,particulier,0
3321.0,20,2,2021,particulier,0
1097.0,22,5,1166,facture,0
1375.0,23,4,2054,agent,0
1045.0,23,0,1396,facture,0
2904.0,20,1,236,particulier,0
4014.0,18,3,2038,agent,0
961.0,21,5,1527,particulier,0
3504.0,23,4,614,particulier,0
1566.0,20,3,2128,particulier,0
1328.0,23,5,1283,facture,0
1936.0,22,4,2101,particulier,0
1271.0,13,3,1255,particulier,0
5517.0,12,5,1921,agent,0
2856.0,17,0,1655,particulier,0
6588.0,18,2,695,particulier,0
2260.0,21,0,693,particulier,0
2334.0,23,1,1534,agent,0
16194.0,23,1,1483,particulier,0
829.0,5,2,1622,particulier,0
9816.0,23,5,1301,particulier,0
13445.0,19,3,1440,particulier,0
6317.0,19,2,1787,agent,0
2488.0,8,3,62,particulier,0
11080.0,10,3,60,particulier,0
2506.0,20,4,1821,particulier,0
1808.0,8,3,1756,agent,0
2368.0,8,3,1296,particulier,0
2029.0,9,2,1217,particulier,0
1473.0,21,3,792,particulier,0
8463.0,19,4,1458,facture,0
1707.0,9,1,476,agent,0
3212.0,18,1,2011,agent,0
966.0,22,4,126,particulier,0
3382.0,13,3,168,particulier,0
1233.0,17,2,619,particulier,0
1208.0,23,3,887,particulier,0
3002.0,23,3,532,particulier,0
8090.0,23,4,1795,particulier,0
4790.0,22,5,2185,particulier,0
5078.0,21,1,2043,particulier,0
2950.0,20,2,1472,particulier,0
2477.0,21,4,1826,particulier,0
6454.0,22,4,1645,particulier,0
2041.0,6,4,1842,particulier,0
6696.0,22,3,191,agent,0
9420.0,13,7,21,particulier,1
1611.0,23,1,1845,facture,0
1826.0,21,1,537,particulier,0
2072.0,17,3,329,particulier,0
947.0,9,6,1964,particulier,0
2211.0,21,0,1865,agent,0
9959.0,17,4,2182,agent,0
1355.0,19,5,1188,particulier,0
10162.0,18,3,582,particulier,0
2279.0,18,0,845,agent,0
19869.0,22,0,1911,particulier,0
1845.0,19,2,1587,particulier,0
2915.0,21,4,198,agent,0
1520.0,22,3,221,facture,0
1836.0,8,2,369,particulier,0
10275.0,22,3,829,particulier,0
4931.0,8,3,1711,particulier,0
7899.0,23,5,1958,particulier,0
1077.0,9,2,1903,particulier,0
5748.0,23,1,133,particulier,0
1443.0,9,1,2085,particulier,0
1057.0,13,5,337,particulier,0
4036.0,18,1,246,particulier,0
4001.0,20,2,594,particulier,0
3447.0,13,6,1395,particulier,0
6063.0,20,3,1283,particulier,0
6922.0,11,2,1009,facture,0
11490.0,8,1,1132,agent,0
1198.0,16,3,1029,particulier,0
11810.0,6,0,1386,agent,0
16317.0,22,3,1334,particulier,0
2413.0,18,3,125,agent,0
798.0,7,2,2004,particulier,0
1016.0,11,2,284,agent,0
2225.0,20,3,2045,particulier,0
18252.0,19,5,1991,particulier,0
3343.0,23,6,1242,agent,0
1950.0,8,8,846,particulier,0
1840.0,9,2,1293,agent,0
1070.0,17,4,288,particulier,0
6928.0,19,1,1629,particulier,0
3046.0,23,2,646,agent,0
19631.0,20,4,1581,particulier,0
5619.0,5,0,1167,particulier,0
6670.0,18,5,1766,particulier,0
2682.0,23,2,573,particulier,0
1303.0,8,1,197,particulier,0
1568.0,21,3,1978,particulier,0
1029.0,7,1,1270,particulier,0
7143.0,18,4,843,particulier,0
2375.0,20,3,1633,facture,0
7403.0,11,5,42,particulier,0
3698.0,8,2,515,particulier,0
2569.0,16,3,956,facture,0
1219.0,18,8,1472,agent,0
4257.0,19,2,513,particulier,0
2736.0,6,3,108,agent,0
7093.0,18,3,853,agent,0
1793.0,20,5,1540,particulier,0
5562.0,19,5,1320,particulier,0
13289.0,20,2,1002,particulier,0
4153.0,19,2,65,agent,0
6422.0,10,2,1461,particulier,0
5357.0,21,4,298,particulier,0
16537.0,23,4,634,particulier,0
4518.0,13,4,773,particulier,0
5973.0,10,2,820,particulier,0
3194.0,8,3,1283,particulier,0
1706.0,11,3,405,particulier,0
1180.0,8,4,1962,particulier,0
9671.0,22,1,757,particulier,0
1398.0,12,2,1655,particulier,0
6210.0,19,2,340,particulier,0
4692.0,21,3,404,agent,0
7188.0,23,3,1836,particulier,0
2127.0,20,3,1896,agent,0
1682.0,13,5,969,particulier,0
4544.0,7,0,1603,particulier,0
2570.0,18,1,241,agent,0
1157.0,9,1,148,agent,0
17116.0,11,5,1822,particulier,0
1681.0,17,4,1649,particulier,0
1416.0,11,1,2049,facture,0
2682.0,21,7,316,facture,0
9556.0,18,2,1272,particulier,0
522.0,21,4,489,particulier,0
8905.0,14,3,587,particulier,0
1518.0,21,1,257,facture,0
4125.0,23,1,1677,particulier,0
1855.0,23,1,1622,particulier,0
17910.0,10,4,1844,facture,0
3663.0,4,4,1928,particulier,0
1805.0,21,5,1375,agent,0
2551.0,10,1,1774,particulier,0
3555.0,22,2,1150,particulier,0
3832.0,22,2,436,particulier,0
4784.0,22,3,1519,particulier,0
3291.0,22,6,1495,particulier,0
1022.0,9,3,659,agent,0
2467.0,17,2,1204,particulier,0
5517.0,17,2,1717,particulier,0
1864.0,13,3,985,particulier,0
5836.0,8,3,1691,particulier,0
3384.0,23,3,495,particulier,0
2738.0,9,1,290,particulier,0
9091.0,8,3,1111,particulier,0
752.0,20,0,782,particulier,0
1856.0,21,9,883,particulier,0
9392.0,21,2,2065,particulier,0
15608.0,8,5,1725,particulier,0
22996.0,22,1,89,particulier,1
3439.0,8,4,1420,agent,0
4862.0,19,3,1119,facture,0
6600.0,20,4,923,particulier,0
9738.0,10,3,1255,particulier,0
4299.0,19,3,509,agent,0
7239.0,7,5,1161,particulier,0
4870.0,21,5,1940,particulier,0
5135.0,21,3,836,particulier,0
1509.0,12,5,185,agent,0
2490.0,17,3,242,particulier,0
2113.0,21,6,1860,particulier,0
1199.0,18,6,1497,particulier,0
809.0,16,4,2199,agent,0
2298.0,8,5,1822,facture,0
2633.0,19,4,1695,facture,0
3602.0,23,4,719,facture,0
5284.0,23,2,2155,particulier,0
3866.0,8,3,1946,particulier,0
2648.0,20,5,1850,particulier,0
1513.0,20,3,227,particulier,0
6943.0,23,4,613,particulier,0
3021.0,9,5,706,particulier,0
2279.0,21,2,1669,particulier,0
2812.0,23,3,1145,agent,0
1767.0,14,4,520,particulier,0
2098.0,12,3,105,agent,0
2042.0,6,3,1732,particulier,0
2581.0,18,2,859,particulier,0
5753.0,22,4,899,particulier,0
4657.0,18,6,1479,agent,0
12268.0,22,5,670,particulier,0
9228.0,22,4,2179,particulier,0
17378.0,23,5,1138,facture,0
5299.0,20,5,723,particulier,0
5227.0,21,3,252,agent,0
2177.0,12,1,1051,particulier,0
6648.0,17,2,1287,particulier,0
1886.0,9,3,785,particulier,0
944.0,22,1,422,particulier,0
12057.0,22,5,2087,particulier,0
1139.0,10,5,811,particulier,0
4784.0,23,1,1655,agent,0
1559.0,12,2,1848,particulier,0
8584.0,12,3,1494,particulier,0
9638.0,9,2,1791,agent,0
5166.0,19,2,1820,particulier,0
9503.0,23,1,2087,agent,0
3315.0,22,5,1792,particulier,0
22006.0,12,4,1104,particulier,0
6212.0,19,4,2098,agent,0
1532.0,22,5,1814,particulier,0
3495.0,10,5,1882,particulier,0
2894.0,21,1,828,particulier,0
2663.0,20,3,641,facture,0
805.0,11,1,966,particulier,0
4577.0,16,1,146,particulier,0
1014.0,18,4,1332,particulier,0
385.0,21,7,181,agent,0
2459.0,23,2,191,particulier,0
1733.0,20,6,8,particulier,0
1584.0,6,3,1837,particulier,0
236.0,17,3,1021,particulier,0
1598.0,19,1,720,particulier,0
2842.0,7,2,1150,particulier,0
1922.0,10,6,1575,particulier,0
4579.0,22,1,617,particulier,0
10762.0,7,6,413,agent,0
5110.0,20,4,1745,particulier,0
7883.0,22,1,2073,agent,0
8457.0,10,3,1576,particulier,0
1386.0,18,3,1394,particulier,0
4785.0,22,2,168,particulier,0
7676.0,11,3,855,particulier,0
2274.0,23,3,1192,particulier,0
1682.0,16,0,2006,particulier,0
5171.0,10,1,120,particulier,0
935.0,23,4,760,particulier,0
1307.0,23,4,1083,agent,0
1869.0,20,0,1719,particulier,0
4832.0,23,2,2164,particulier,0
3968.0,22,4,166,particulier,0
7923.0,10,6,1570,facture,0
1505.0,22,3,1285,particulier,0
1438.0,9,6,1531,particulier,0
5143.0,17,4,1971,particulier,0
1671.0,22,0,1185,particulier,0
1972.0,7,2,2092,agent,0
680.0,18,2,1270,particulier,0
4218.0,20,2,1024,particulier,0
12211.0,11,3,277,particulier,0
1373.0,19,3,2023,particulier,0
7851.0,19,5,425,particulier,0
3132.0,22,3,528,agent,0
735.0,7,5,128,particulier,0
1540.0,17,3,1514,particulier,0
1461.0,23,2,1865,particulier,0
2517.0,8,4,712,particulier,0
4706.0,9,2,1354,particulier,0
15860.0,22,3,1229,particulier,0
976.0,23,1,1291,particulier,0
2182.0,9,2,1493,agent,0
1538.0,8,5,222,particulier,0
1121.0,21,3,1973,particulier,0
3573.0,19,4,781,facture,0
3299.0,7,4,1356,particulier,0
705.0,13,6,1743,particulier,0
3346.0,3,4,389,particulier,0
1183.0,10,3,182,particulier,0
3328.0,22,6,1602,particulier,0
9692.0,9,2,1020,particulier,0
4883.0,10,1,128,particulier,0
3831.0,18,4,20,particulier,0
2102.0,21,3,818,particulier,0
3487.0,22,2,2044,particulier,0
5318.0,23,3,1354,particulier,0
4888.0,10,7,2146,particulier,0
3028.0,23,7,967,agent,0
3963.0,7,0,841,particulier,0
1076.0,22,6,266,particulier,0
1765.0,18,6,36,particulier,0
6011.0,23,2,369,particulier,0
6739.0,18,1,358,particulier,0
3567.0,7,4,1803,particulier,0
11581.0,22,6,352,particulier,0
5074.0,9,4,2160,agent,0
2702.0,11,2,553,particulier,0
1168.0,20,4,672,particulier,0
11192.0,18,1,741,particulier,0
6341.0,11,2,1986,particulier,0
15193.0,21,3,1730,particulier,0
20782.0,20,2,918,particulier,0
1103.0,6,4,603,agent,0
1106.0,23,2,479,agent,0
289.0,23,4,1470,particulier,0
7191.0,23,5,1866,particulier,0
5756.0,7,8,1650,agent,0
3580.0,19,5,1728,particulier,0
1162.0,21,2,1650,particulier,0
3054.0,21,7,946,particulier,0
3855.0,19,2,716,agent,0
6408.0,18,4,159,facture,0
4155.0,12,2,2120,particulier,0
5792.0,7,2,219,particulier,0
2965.0,8,3,1662,particulier,0
8994.0,7,2,1370,particulier,0
5636.0,18,3,1031,particulier,0
1201.0,21,4,444,agent,0
10730.0,7,5,1641,particulier,0
9337.0,21,1,664,particulier,0
4893.0,19,3,583,agent,0
4182.0,21,1,137,particulier,0
13492.0,21,3,1089,particulier,0
822.0,12,4,1840,particulier,0
9462.0,23,1,1770,particulier,0
2198.0,7,5,1951,particulier,0
8357.0,9,3,286,facture,0
3649.0,12,2,213,facture,0
1145.0,7,4,75,particulier,0
2160.0,11,2,1655,particulier,0
7852.0,22,5,937,particulier,0
2755.0,9,6,2189,particulier,0
1943.0,8,2,1277,particulier,0
1932.0,11,2,229,agent,0
5687.0,23,2,1849,particulier,0
14589.0,20,6,1334,particulier,0
534.0,10,2,2176,agent,0
35617.0,7,2,1539,particulier,0
3917.0,22,3,1506,particulier,0
5395.0,22,6,1629,particulier,0
2274.0,16,5,1811,particulier,0
3285.0,19,5,873,facture,0
3880.0,8,5,829,particulier,0
1351.0,20,5,758,particulier,0
1661.0,10,4,1520,particulier,0
9017.0,23,5,1563,particulier,0
881.0,20,6,1300,agent,0
4793.0,21,1,855,particulier,0
2404.0,18,1,373,particulier,0
1456.0,8,1,718,particulier,0
17609.0,17,6,562,particulier,0
1464.0,17,4,802,particulier,0
1261.0,19,3,1192,particulier,0
2810.0,11,4,1250,particulier,0
1714.0,21,2,2152,particulier,0
3312.0,19,2,2103,agent,0
3760.0,23,1,117,particulier,0
4022.0,10,1,774,particulier,0
2965.0,23,7,288,agent,0
1814.0,18,3,60,particulier,0
5692.0,23,10,581,agent,0
2996.0,23,1,2124,particulier,0
2162.0,23,4,1605,particulier,0
11591.0,22,4,580,particulier,0
2972.0,22,3,907,particulier,0
8335.0,21,4,2138,particulier,0
9347.0,11,3,831,particulier,0
9843.0,19,3,1872,particulier,0
5928.0,20,1,1167,particulier,0
3293.0,18,2,1617,particulier,0
3120.0,23,2,75,particulier,0
2677.0,9,6,1028,particulier,0
522.0,23,5,2160,particulier,0
6069.0,10,3,2188,particulier,0
4055.0,17,2,1739,particulier,0
6646.0,23,2,626,particulier,0
2983.0,11,4,1085,particulier,0
5797.0,23,1,1142,particulier,0
1022.0,23,4,1779,particulier,0
1219.0,23,2,391,particulier,0
402.0,23,6,1214,particulier,0
2939.0,7,3,1881,particulier,0
1708.0,4,3,105,agent,0
1529.0,5,2,880,particulier,0
4378.0,5,2,1715,particulier,0
2295.0,20,4,1117,particulier,0
974.0,9,4,2009,particulier,0
28654.0,23,4,1563,agent,1
3192.0,10,4,1563,particulier,0
1312.0,18,3,1560,particulier,0
1864.0,23,3,234,particulier,0
2844.0,22,0,991,particulier,0
2839.0,20,8,1906,particulier,0
9965.0,13,3,898,particulier,0
3079.0,23,0,921,particulier,0
15945.0,23,4,405,agent,0
2281.0,12,2,1634,agent,0
4734.0,17,5,1474,agent,0
7853.0,20,4,2153,agent,0
9099.0,13,4,674,facture,0
10048.0,23,2,466,agent,0
2614.0,22,5,2131,particulier,0
3279.0,20,2,753,particulier,0
400.0,21,1,1298,particulier,0
2789.0,22,2,146,particulier,0
8330.0,22,4,375,particulier,0
7061.0,23,2,1851,agent,0
3061.0,8,1,1647,agent,0
13964.0,8,5,1774,particulier,0
2377.0,19,1,1475,particulier,0
1792.0,19,6,1383,particulier,0
2213.0,18,3,1371,particulier,0
1269.0,10,2,1844,particulier,0
5592.0,19,5,1275,particulier,0
4210.0,8,2,491,particulier,0
5533.0,22,1,1335,particulier,0
2316.0,10,8,414,particulier,0
3136.0,23,3,2098,particulier,0
517.0,19,2,1197,agent,0
4536.0,17,5,1579,facture,0
3583.0,19,5,515,agent,0
1293.0,23,3,1906,particulier,0
3014.0,10,2,530,particulier,0
2646.0,23,2,981,particulier,0
14760.0,15,1,1605,agent,0
1337.0,8,5,154,agent,0
4366.0,17,3,507,agent,0
1304.0,23,3,257,agent,0
2050.0,22,2,25,particulier,0
4168.0,22,2,968,particulier,0
2753.0,16,1,1901,particulier,0
3278.0,22,2,1024,particulier,0
4371.0,23,4,2135,particulier,0
2165.0,21,1,142,particulier,0
6985.0,9,1,120,particulier,0
2541.0,20,5,336,particulier,0
3032.0,19,1,793,agent,0
4479.0,21,0,76,particulier,0
3996.0,11,1,1554,facture,0
5696.0,12,7,146,particulier,0
4313.0,23,4,7,particulier,0
4908.0,10,6,381,particulier,0
2498.0,22,5,381,particulier,0
1328.0,20,2,279,particulier,0
979.0,22,4,1080,agent,0
796.0,12,5,394,particulier,0
14740.0,22,5,600,particulier,0
502.0,23,5,584,agent,0
9088.0,22,6,1087,particulier,0
1640.0,5,3,473,particulier,0
9032.0,8,3,1028,particulier,0
507.0,21,5,381,agent,0
2698.0,11,4,131,particulier,0
11338.0,8,1,1065,particulier,0
6040.0,7,1,1118,particulier,0
2473.0,18,4,1550,particulier,0
632.0,16,3,1050,particulier,0
1071.0,21,6,672,particulier,0
10730.0,19,4,1400,agent,0
2450.0,23,2,336,particulier,0
3099.0,19,1,744,particulier,0
4192.0,9,5,722,particulier,0
1089.0,6,3,1135,particulier,0
4657.0,21,5,184,particulier,0
2306.0,18,2,771,particulier,0
4229.0,18,2,1807,particulier,0
2016.0,21,3,563,particulier,0
865.0,20,4,1476,particulier,0
2291.0,22,1,1713,particulier,0
5680.0,23,1,1499,agent,0
4605.0,10,4,439,particulier,0
3382.0,23,3,2006,particulier,0
7069.0,18,6,793,agent,0
2771.0,20,5,61,particulier,0
3456.0,8,8,2190,particulier,0
2191.0,17,4,1537,particulier,0
7429.0,16,2,2033,particulier,0
4221.0,20,2,1473,particulier,0
2052.0,21,2,111,particulier,0
929.0,20,4,655,agent,0
8427.0,14,3,368,particulier,0
1750.0,16,2,875,particulier,0
3503.0,21,4,2015,agent,0
24336.0,22,6,1623,particulier,0
6511.0,7,3,1479,particulier,0
12958.0,7,3,953,particulier,0
2085.0,20,4,1575,agent,0
8187.0,9,5,1572,particulier,0
3370.0,20,1,622,particulier,0
4497.0,8,6,507,particulier,0
18356.0,20,3,1196,particulier,0
2600.0,7,1,462,particulier,0
3349.0,23,8,188,particulier,0
1529.0,21,2,1906,particulier,0
7011.0,23,4,717,particulier,0
2046.0,22,3,866,agent,0
7858.0,21,2,1317,particulier,0
810.0,23,2,654,agent,0
5252.0,19,2,80,particulier,0
1906.0,10,6,1332,particulier,0
6130.0,18,5,89,particulier,0
3257.0,9,3,868,agent,0
2090.0,16,3,1807,facture,0
2372.0,21,2,126,particulier,0
1599.0,23,6,1571,particulier,0
6715.0,18,1,397,particulier,0
1351.0,8,3,1788,agent,0
2625.0,5,1,1684,particulier,0
4418.0,20,6,774,particulier,0
12984.0,18,6,1520,particulier,0
3269.0,21,2,377,particulier,0
2681.0,23,2,1841,particulier,0
4157.0,19,2,220,particulier,0
565.0,7,4,1548,agent,0
1189.0,21,3,1459,particulier,0
2395.0,20,2,1181,facture,0
1797.0,11,4,341,particulier,0
845.0,20,4,1062,particulier,0
6830.0,8,3,620,particulier,0
4108.0,20,2,786,particulier,0
3712.0,17,4,277,facture,0
1826.0,16,2,13,particulier,0
3524.0,15,1,1710,particulier,0
5101.0,20,4,928,particulier,0
2630.0,8,6,1404,facture,0
4807.0,19,2,959,particulier,0
1675.0,20,2,1088,agent,0
3579.0,7,6,1753,particulier,0
8700.0,18,3,2006,particulier,0
9388.0,23,1,250,facture,0
10183.0,19,2,735,particulier,0
4200.0,17,5,1228,particulier,0
3384.0,18,6,2046,particulier,0
2250.0,21,2,678,particulier,0
709.0,10,3,900,agent,0
1050.0,12,5,2040,particulier,0
2856.0,19,1,620,particulier,0
3005.0,6,4,563,particulier,0
10942.0,19,3,1252,facture,0
10073.0,20,6,417,particulier,0
1838.0,22,7,1758,particulier,0
6605.0,22,5,2142,particulier,0
2196.0,23,3,1099,agent,0
5885.0,17,5,859,agent,0
6536.0,18,2,2198,facture,0
9469.0,18,3,238,particulier,0
2167.0,20,2,1463,particulier,0
7802.0,18,1,1105,particulier,0
671.0,19,2,1398,particulier,0
9915.0,22,2,664,particulier,0
3225.0,23,2,1325,agent,0
3284.0,22,3,739,particulier,0
583.0,21,2,1637,particulier,0
2368.0,19,2,1543,particulier,0
10427.0,21,2,581,particulier,0
2292.0,12,7,934,particulier,0
6042.0,22,3,764,facture,0
3393.0,23,6,625,agent,0
8130.0,23,3,2131,particulier,0
3877.0,8,3,756,particulier,0
1492.0,11,6,2062,particulier,0
3456.0,20,1,798,particulier,0
12849.0,7,1,1397,particulier,0
5029.0,23,1,1284,particulier,0
2984.0,11,2,1065,particulier,0
22413.0,22,1,990,agent,0
8825.0,21,4,1205,particulier,0
6596.0,23,4,1895,agent,0
4315.0,18,3,54,agent,0
6129.0,11,5,1308,particulier,0
6300.0,21,2,1881,particulier,0
515.0,21,5,731,particulier,0
4609.0,19,1,2172,particulier,0
2874.0,11,2,724,particulier,0
2154.0,9,3,391,facture,0
2790.0,21,7,1906,particulier,0
878.0,20,8,668,particulier,0
711.0,21,2,1678,particulier,0
9505.0,20,3,1252,particulier,0
4880.0,9,4,1668,particulier,0
424.0,9,4,667,particulier,0
2018.0,10,2,1545,particulier,0
6964.0,21,5,66,particulier,0
2597.0,12,3,469,agent,0
9492.0,7,3,836,particulier,0
8041.0,8,4,478,particulier,0
1040.0,19,2,1443,particulier,0
2917.0,20,1,1196,particulier,0
2251.0,8,4,2105,agent,0
1011.0,22,3,722,particulier,0
957.0,23,2,1746,particulier,0
1661.0,21,1,1258,particulier,0
1911.0,22,2,399,particulier,0
4191.0,5,5,419,particulier,0
8003.0,9,2,697,particulier,0
5098.0,6,6,778,particulier,0
6234.0,19,3,971,particulier,0
2626.0,6,1,976,particulier,0
5500.0,18,2,1773,particulier,0
2904.0,22,2,1381,particulier,0
2264.0,20,4,585,agent,0
16523.0,6,2,1324,particulier,0
454.0,6,3,1343,agent,0
670.0,6,5,988,particulier,0
4561.0,10,2,826,particulier,0
2630.0,23,4,2053,agent,0
971.0,8,5,675,particulier,0
1344.0,23,3,1549,particulier,0
1502.0,4,2,659,agent,0
7034.0,8,6,2164,facture,0
9233.0,22,2,214,agent,0
13275.0,23,4,822,facture,0
853.0,19,4,675,particulier,0
1031.0,10,4,1377,particulier,0
972.0,17,4,701,particulier,0
9853.0,20,2,1159,particulier,0
4697.0,11,2,750,particulier,0
3527.0,23,3,1950,particulier,0
4005.0,18,6,224,particulier,0
3139.0,9,3,1233,particulier,0
1270.0,21,4,1173,facture,0
5096.0,23,3,1939,agent,0
2812.0,8,5,1860,particulier,0
1188.0,20,4,2161,particulier,0
5368.0,23,1,1416,agent,0
2294.0,22,3,1444,agent,0
3997.0,8,4,2037,particulier,0
2962.0,22,2,835,particulier,0
7028.0,8,4,476,particulier,0
3972.0,22,9,1406,agent,0
1554.0,22,2,1776,particulier,0
4332.0,19,5,452,particulier,0
4454.0,21,3,119,particulier,0
5088.0,8,3,274,particulier,0
7947.0,21,2,2177,particulier,0
1952.0,22,3,262,particulier,0
5812.0,6,4,731,facture,0
760.0,22,5,1697,agent,0
2975.0,12,0,1008,agent,0
2609.0,17,2,1001,particulier,0
11279.0,10,1,273,particulier,0
2885.0,21,2,1673,particulier,0
5524.0,22,2,427,particulier,0
737.0,9,4,681,particulier,0
2443.0,17,1,797,facture,0
1605.0,8,6,1431,particulier,0
27016.0,9,1,1205,particulier,0
1869.0,6,2,510,particulier,0
3506.0,20,6,2094,particulier,0
3669.0,7,6,1776,agent,0
853.0,8,1,539,particulier,0
2107.0,19,2,683,agent,0
4647.0,22,6,1823,particulier,0
3543.0,10,1,534,agent,0
466.0,23,3,679,agent,0
2035.0,19,5,418,particulier,0
7846.0,7,4,2102,particulier,0
5432.0,21,1,873,particulier,0
9277.0,11,3,1699,particulier,0
1425.0,22,2,511,particulier,0
9787.0,19,3,521,agent,0
3172.0,21,4,1188,agent,0
12751.0,22,1,846,particulier,0
3304.0,14,4,1771,particulier,0
578.0,8,2,1365,agent,0
6781.0,5,6,1871,particulier,0
2260.0,18,6,1469,agent,0
2393.0,9,7,859,agent,0
958.0,8,1,1645,particulier,0
13080.0,23,4,2053,particulier,0
2116.0,18,3,112,particulier,0
12566.0,19,1,1652,particulier,0
2283.0,20,4,65,agent,0
1497.0,10,3,738,particulier,0
10113.0,11,0,1276,particulier,0
3095.0,16,2,1900,particulier,0
3121.0,22,3,1539,particulier,0
1108.0,20,4,288,particulier,0
2233.0,8,2,1765,agent,0
4743.0,20,3,1207,particulier,0
1092.0,20,2,1260,agent,0
2083.0,19,4,1093,particulier,0
2305.0,7,6,734,particulier,0
3486.0,16,3,1717,particulier,0
11587.0,17,4,1671,particulier,0
2553.0,23,5,157,agent,0
1832.0,8,2,272,particulier,0
34010.0,14,2,1015,particulier,0
2280.0,12,4,1876,particulier,0
2802.0,9,6,1389,particulier,0
2430.0,23,3,1106,particulier,0
2604.0,12,3,916,facture,0
3520.0,10,3,1857,particulier,0
7206.0,20,2,2137,particulier,0
4644.0,14,3,1555,particulier,0
8230.0,19,4,1988,agent,0
8002.0,4,6,67,particulier,1
3933.0,21,3,1783,particulier,0
4536.0,16,4,1690,particulier,0
8454.0,10,7,859,particulier,0
1281.0,18,2,1148,agent,0
27542.0,19,11,843,particulier,1
2131.0,23,2,100,particulier,0
2445.0,6,2,1658,particulier,0
1176.0,5,5,72,agent,0
1206.0,7,2,1530,particulier,0
7540.0,20,4,365,particulier,0
22690.0,4,4,1202,particulier,1
2034.0,17,1,591,particulier,0
4426.0,18,1,2172,particulier,0
3972.0,21,1,224,particulier,0
7709.0,18,5,1942,agent,0
21718.0,22,6,2011,facture,0
12002.0,20,5,1396,agent,0
2690.0,20,5,470,particulier,0
5164.0,19,2,1813,particulier,0
5619.0,22,4,1369,facture,0
3239.0,22,1,1075,agent,0
1298.0,18,7,54,agent,0
1671.0,19,4,1433,particulier,0
8742.0,20,4,1437,particulier,0
9543.0,21,2,472,agent,0
2762.0,21,0,115,particulier,0
4113.0,20,3,1126,particulier,0
9115.0,22,2,478,particulier,0
774.0,20,0,838,particulier,0
2254.0,17,3,368,particulier,0
18310.0,23,0,1135,agent,0
4249.0,3,3,1805,particulier,0
1262.0,17,3,144,agent,0
3640.0,21,1,890,particulier,0
7850.0,23,3,1518,particulier,0
378.0,11,3,1058,particulier,0
3827.0,22,4,1765,particulier,0
2401.0,23,5,1755,particulier,0
816.0,21,4,1207,particulier,0
3532.0,23,4,265,agent,0
2934.0,11,1,1431,particulier,0
3228.0,21,5,934,particulier,0
2450.0,20,3,1672,particulier,0
1383.0,20,4,119,facture,0
957.0,14,5,1576,particulier,0
1832.0,9,5,1944,particulier,0
6839.0,7,0,1960,agent,0
4016.0,20,4,1046,particulier,0
3106.0,22,3,2082,agent,0
1361.0,9,4,2092,particulier,0
2397.0,21,2,216,agent,0
6165.0,23,1,1616,particulier,0
5060.0,7,4,317,particulier,0
2196.0,18,4,821,agent,0
358.0,9,4,924,particulier,0
1856.0,8,3,1539,particulier,0
2186.0,3,1,254,particulier,0
1524.0,8,4,150,particulier,0
2319.0,19,5,1861,particulier,0
6595.0,9,4,971,agent,0
3192.0,10,4,1197,particulier,0
7641.0,8,4,859,particulier,0
914.0,10,3,1393,particulier,0
2542.0,7,8,458,agent,0
634.0,11,6,934,particulier,0
2293.0,11,5,1514,particulier,0
1355.0,20,3,1451,particulier,0
9789.0,11,4,413,particulier,0
4667.0,8,1,2162,particulier,0
7806.0,20,5,406,particulier,0
2287.0,23,8,1087,agent,0
1385.0,20,2,1530,particulier,0
1348.0,9,3,296,particulier,0
4128.0,19,4,2186,facture,0
15346.0,20,1,822,particulier,0
4678.0,18,2,15,agent,0
2396.0,21,3,195,particulier,0
2806.0,9,3,1266,particulier,0
3208.0,22,2,430,particulier,0
18447.0,19,3,267,agent,0
9401.0,8,1,290,particulier,0
4109.0,23,7,1608,particulier,0
3617.0,18,1,506,facture,0
4249.0,15,1,1815,particulier,0
5015.0,12,4,434,particulier,0
2319.0,11,3,923,agent,0
1608.0,21,2,1460,particulier,0
7922.0,18,4,1590,particulier,0
3357.0,21,4,320,particulier,0
7379.0,20,7,1624,particulier,0
13350.0,17,4,1621,particulier,0
5128.0,20,7,1614,particulier,0
4468.0,22,0,1593,particulier,0
50021.0,9,2,969,particulier,1
3928.0,17,1,622,particulier,0
1304.0,23,1,705,agent,0
2594.0,8,3,697,agent,0
12319.0,21,2,2018,particulier,0
1097.0,9,1,1865,particulier,0
1738.0,22,2,1680,agent,0
8438.0,11,4,402,particulier,0
2615.0,16,2,1637,particulier,0
3000.0,7,2,154,particulier,0
8204.0,5,2,1637,agent,0
1791.0,23,3,886,particulier,0
945.0,23,2,2078,agent,0
1012.0,7,5,1623,particulier,0
5402.0,18,5,1258,particulier,0
4106.0,20,2,1543,particulier,0
1829.0,5,4,2059,particulier,0
1230.0,19,1,33,particulier,0
2618.0,21,4,1976,particulier,0
8510.0,19,3,715,particulier,0
1619.0,22,2,509,particulier,0
1876.0,19,4,789,particulier,0
1198.0,19,0,623,facture,0
2411.0,10,1,1119,particulier,0
4391.0,18,7,815,particulier,0
19888.0,7,5,1172,particulier,0
3964.0,6,1,401,particulier,0
3148.0,13,3,868,particulier,0
6860.0,16,2,1252,particulier,0
5954.0,20,0,712,particulier,0
2016.0,19,3,763,particulier,0
23313.0,13,5,1844,agent,0
3227.0,12,5,578,particulier,0
4028.0,21,2,679,particulier,0
5264.0,9,5,1243,particulier,0
4420.0,20,3,1724,particulier,0
12047.0,23,5,262,particulier,0
1995.0,19,4,692,agent,0
6412.0,18,3,1029,agent,0
3789.0,12,4,1404,particulier,0
7596.0,20,4,790,particulier,0
2744.0,20,2,1861,facture,0
2446.0,22,4,1372,particulier,0
6138.0,13,4,365,agent,0
4466.0,7,2,71,particulier,0
1640.0,17,4,949,particulier,0
10340.0,18,3,623,particulier,0
6140.0,23,3,1336,particulier,0
3093.0,18,1,1197,particulier,0
2213.0,21,3,758,particulier,0
4490.0,23,3,412,particulier,0
5776.0,22,2,789,particulier,0
850.0,21,3,269,facture,0
4534.0,19,2,350,particulier,0
5737.0,19,2,1000,particulier,0
446.0,20,5,1984,particulier,0
3892.0,10,3,1105,particulier,0
5946.0,23,3,383,particulier,0
5398.0,21,2,991,agent,0
6516.0,12,1,489,particulier,0
2494.0,9,1,1808,agent,0
1361.0,5,4,1853,particulier,0
714.0,21,4,999,particulier,0
8336.0,20,7,925,particulier,0
5989.0,8,4,1762,particulier,0
8895.0,9,7,263,particulier,0
1779.0,20,7,1217,agent,0
6524.0,21,3,1577,particulier,0
918.0,19,2,1662,particulier,0
1573.0,8,5,350,particulier,0
3667.0,22,0,1701,agent,0
5789.0,17,5,1314,particulier,0
13728.0,18,5,595,particulier,0
2686.0,10,5,1625,particulier,0
1578.0,9,5,677,particulier,0
1511.0,8,1,286,agent,0
1836.0,18,1,548,particulier,0
21761.0,13,2,1033,particulier,0
6269.0,20,3,917,particulier,0
8482.0,19,3,2174,particulier,0
2689.0,20,3,1044,particulier,0
3290.0,10,1,1407,particulier,0
5969.0,16,6,1673,particulier,0
2143.0,21,4,558,agent,0
2572.0,21,3,357,particulier,0
1857.0,21,4,735,agent,0
2252.0,9,5,378,particulier,0
3435.0,22,1,2064,agent,0
1639.0,23,2,139,facture,0
4201.0,7,4,1383,particulier,0
4196.0,21,4,1470,particulier,0
2829.0,21,1,2189,particulier,0
1631.0,21,3,2148,particulier,0
3602.0,8,5,1563,agent,0
2145.0,6,2,827,facture,0
3428.0,22,8,1490,agent,0
8378.0,10,5,1059,particulier,0
1136.0,23,8,512,particulier,0
20899.0,8,1,397,agent,0
3098.0,20,1,499,particulier,0
4675.0,20,2,28,particulier,0
1737.0,20,5,1359,particulier,0
8698.0,23,0,1458,particulier,0
2961.0,20,3,509,particulier,0
2357.0,10,4,902,particulier,0
2020.0,8,3,518,particulier,0
2622.0,18,3,1601,particulier,0
4701.0,10,8,1248,particulier,0
3816.0,4,6,905,particulier,0
3185.0,12,2,1363,particulier,0
1800.0,18,6,1547,particulier,0
1713.0,19,5,1886,agent,0
2227.0,10,9,1933,particulier,0
4872.0,19,3,1234,particulier,0
5784.0,16,5,532,particulier,0
6487.0,15,0,2129,particulier,0
3290.0,20,3,602,agent,0
4564.0,17,3,308,particulier,0
2855.0,23,3,1171,particulier,0
749.0,20,5,259,particulier,0
2742.0,22,3,1023,particulier,0
2395.0,21,3,1067,particulier,0
1362.0,18,4,1887,agent,0
2034.0,19,5,2093,particulier,0
3695.0,22,1,133,particulier,0
1257.0,22,7,1329,particulier,0
1801.0,6,3,1472,particulier,0
12280.0,19,4,442,particulier,0
844.0,22,2,135,particulier,0
2819.0,19,3,1030,particulier,0
1222.0,23,3,155,particulier,0
1739.0,23,4,1895,particulier,0
2785.0,12,3,2130,particulier,0
1423.0,21,1,1295,particulier,0
5366.0,18,3,866,particulier,0
10389.0,22,1,1711,particulier,0
6737.0,18,4,788,particulier,0
7871.0,14,3,2009,agent,0
1020.0,4,4,1972,particulier,0
2680.0,21,5,1068,agent,0
4902.0,23,3,194,particulier,0
6909.0,9,4,2107,particulier,0
14623.0,23,2,239,agent,0
8174.0,18,1,696,particulier,0
7059.0,20,3,1946,particulier,0
30901.0,16,3,259,particulier,0
3576.0,8,6,588,particulier,0
2577.0,18,2,1492,agent,0
3831.0,11,6,1634,particulier,0
1514.0,8,3,961,particulier,0
3489.0,19,0,1697,particulier,0
759.0,21,5,672,particulier,0
2100.0,22,0,2177,particulier,0
2987.0,23,3,411,particulier,0
7385.0,23,4,840,particulier,0
8471.0,18,3,2063,particulier,0
1452.0,12,2,783,particulier,0
19238.0,21,2,2187,particulier,0
3737.0,21,3,1909,particulier,0
4040.0,23,6,1830,particulier,0
833.0,9,3,1470,facture,0
1945.0,22,0,367,particulier,0
8041.0,15,3,781,particulier,0
3806.0,9,5,1011,particulier,0
3611.0,13,6,1491,particulier,0
3996.0,8,0,1436,particulier,0
966.0,8,1,1473,particulier,0
3035.0,21,3,1329,particulier,0
10906.0,10,2,1219,particulier,0
8297.0,21,0,62,particulier,0
2962.0,14,3,1189,particulier,0
12446.0,10,0,1823,agent,0
1130.0,22,1,1881,particulier,0
1442.0,18,3,752,particulier,0
16060.0,23,5,2094,particulier,0
5384.0,19,2,237,agent,0
2577.0,8,3,1428,particulier,0
3143.0,6,3,688,particulier,0
1660.0,18,2,84,particulier,0
4168.0,23,1,1713,particulier,0
3896.0,23,4,1523,particulier,0
3351.0,8,4,1118,particulier,0
1229.0,20,3,713,particulier,0
4126.0,8,2,1276,particulier,0
2100.0,23,3,714,agent,0
1425.0,17,3,1932,particulier,0
9669.0,23,3,1981,particulier,0
20832.0,12,6,1682,particulier,0
17175.0,6,4,750,agent,0
5725.0,18,6,716,agent,0
2629.0,8,8,1181,agent,0
3103.0,21,4,1492,particulier,0
4651.0,9,7,525,agent,0
2305.0,22,0,309,particulier,0
10107.0,19,5,2025,particulier,0
584.0,19,2,1487,agent,0
2562.0,23,3,1392,particulier,0
6509.0,21,4,1681,particulier,0
1606.0,19,0,1953,particulier,0
2686.0,20,5,1010,particulier,0
5457.0,8,4,597,facture,0
11974.0,9,2,398,particulier,0
1097.0,11,5,1481,agent,0
1030.0,7,3,1454,agent,0
1474.0,10,6,1395,particulier,0
892.0,21,3,96,particulier,0
947.0,8,4,1539,particulier,0
1441.0,21,1,2132,particulier,0
9400.0,18,3,1036,agent,0
2527.0,20,3,1363,particulier,0
3384.0,20,2,786,particulier,0
1462.0,22,0,1062,particulier,0
5645.0,22,3,1778,particulier,0
16226.0,12,3,103,particulier,0
1549.0,9,2,51,agent,0
14272.0,19,6,108,particulier,0
4491.0,23,4,1169,particulier,0
3342.0,23,2,670,particulier,0
4629.0,21,4,832,particulier,0
4591.0,22,4,134,facture,0
15971.0,23,4,808,agent,0
5127.0,14,3,1348,agent,0
5218.0,19,5,435,particulier,0
2302.0,19,4,249,particulier,0
6723.0,21,4,1124,particulier,0
1461.0,19,3,488,particulier,0
3614.0,19,2,366,particulier,0
38208.0,18,2,727,particulier,0
392.0,11,3,779,particulier,0
4017.0,19,3,1790,particulier,0
4150.0,19,6,1092,particulier,0
2714.0,21,3,1525,particulier,0
2769.0,7,4,1153,particulier,0
3561.0,22,3,645,agent,0
2659.0,8,3,1341,particulier,0
3979.0,7,8,1292,particulier,0
2177.0,10,1,1153,particulier,0
18380.0,12,1,783,particulier,0
2659.0,17,2,842,particulier,0
5346.0,21,4,1038,particulier,0
1866.0,9,6,1255,agent,0
7282.0,21,3,1987,particulier,0
6145.0,8,5,515,agent,0
4705.0,11,4,1619,particulier,0
1376.0,23,2,1351,particulier,0
1738.0,5,4,206,particulier,0
13811.0,18,3,33,particulier,1
1722.0,17,1,2019,particulier,0
5680.0,20,6,2113,agent,0
1476.0,20,4,1615,particulier,0
7763.0,10,3,962,particulier,0
1838.0,7,3,2045,particulier,0
1453.0,19,5,1453,particulier,0
1798.0,11,3,667,particulier,0
2058.0,19,1,1903,particulier,0
4647.0,21,6,61,particulier,0
3495.0,7,1,1973,particulier,0
1299.0,9,2,1130,particulier,0
3217.0,21,5,2052,agent,0
1246.0,22,3,131,particulier,0
5693.0,17,1,2101,facture,0
6653.0,11,5,1590,particulier,0
3228.0,20,5,2164,particulier,0
4150.0,22,2,2193,particulier,0
14608.0,14,4,1058,particulier,0
2881.0,23,4,746,particulier,0
1476.0,6,4,2195,particulier,0
5390.0,19,2,154,agent,0
1258.0,21,5,912,facture,0
2755.0,20,2,176,particulier,0
1980.0,18,1,485,particulier,0
1814.0,21,4,1514,facture,0
2664.0,19,4,1653,agent,0
7079.0,22,3,1068,particulier,0
8432.0,16,3,437,facture,0
7239.0,11,2,1360,particulier,0
4385.0,5,1,1395,agent,0
2646.0,8,1,428,particulier,0
444.0,22,2,1098,particulier,0
4503.0,14,3,1117,agent,0
475.0,22,0,757,facture,0
642.0,20,2,2008,particulier,0
2871.0,22,4,1818,agent,0
4125.0,3,1,1877,particulier,0
2245.0,14,2,385,particulier,0
12151.0,11,5,1459,particulier,0
4879.0,19,4,1594,particulier,0
2665.0,16,2,967,particulier,0
10704.0,20,2,1593,agent,0
12461.0,7,3,1080,particulier,0
5093.0,21,2,73,particulier,0
1705.0,22,5,257,agent,0
2064.0,19,2,124,particulier,0
963.0,23,3,909,facture,0
3178.0,10,8,1317,agent,0
1349.0,7,4,93,particulier,0
2491.0,21,7,771,agent,0
4111.0,20,3,1562,particulier,0
610.0,12,3,777,particulier,0
1125.0,10,8,885,particulier,0
2141.0,6,6,1308,particulier,0
3151.0,20,2,1101,particulier,0
2165.0,11,3,1753,particulier,0
2618.0,12,1,1686,agent,0
1808.0,21,2,791,agent,0
961.0,10,3,2130,particulier,0
2091.0,21,5,182,particulier,0
2748.0,22,3,1676,facture,0
2530.0,19,1,1432,particulier,0
3623.0,18,7,97,particulier,0
4703.0,22,3,938,particulier,0
5881.0,11,1,1349,agent,0
1923.0,10,0,1621,agent,0
863.0,14,7,120,particulier,0
9709.0,23,3,1751,agent,0
4572.0,19,2,298,agent,0
1463.0,23,4,253,facture,0
4172.0,10,1,1740,agent,0
8166.0,18,2,2141,particulier,0
14326.0,8,3,1420,particulier,0
4077.0,20,1,576,particulier,0
8109.0,8,4,1413,particulier,0
1178.0,23,2,157,particulier,0
3195.0,13,4,269,particulier,0
2478.0,18,5,389,agent,0
4408.0,8,3,87,particulier,0
12959.0,18,5,1347,particulier,0
4074.0,13,3,104,particulier,0
1485.0,23,0,1689,particulier,0
1126.0,10,3,1626,particulier,0
13345.0,19,5,2024,particulier,0
5099.0,21,1,493,particulier,0
4822.0,22,2,1806,particulier,0
2460.0,21,3,2008,particulier,0
4137.0,12,3,1765,particulier,0
1424.0,18,4,170,agent,0
4578.0,19,3,540,particulier,0
1214.0,11,2,185,particulier,0
2427.0,10,5,545,facture,0
1907.0,21,2,1078,particulier,0
207.0,18,4,536,particulier,0
2453.0,21,4,556,particulier,0
1535.0,9,5,983,agent,0
2755.0,18,4,407,particulier,0
3299.0,19,6,53,particulier,0
14805.0,8,6,552,particulier,0
4268.0,20,4,855,particulier,0
4376.0,13,0,364,agent,0
5020.0,8,2,399,particulier,0
6912.0,10,0,1713,particulier,0
4847.0,19,2,759,agent,0
4186.0,22,2,97,particulier,0
6030.0,23,6,1159,particulier,0
419.0,23,2,590,agent,0
19452.0,21,4,2047,particulier,0
12724.0,20,3,1081,particulier,0
3962.0,17,2,573,particulier,0
991.0,20,4,1996,particulier,0
9217.0,17,2,1172,particulier,0
1827.0,23,1,524,particulier,0
5186.0,6,6,1910,agent,0
1107.0,20,3,1835,particulier,0
21861.0,5,1,1782,particulier,0
967.0,6,3,286,particulier,0
3493.0,10,3,2000,particulier,0
542.0,8,2,771,particulier,0
3181.0,8,5,313,particulier,0
2295.0,16,3,1368,particulier,0
8661.0,23,2,1862,particulier,0
2295.0,6,3,1093,particulier,0
8672.0,7,4,1842,particulier,0
1380.0,14,1,285,particulier,0
2592.0,9,4,1800,particulier,0
2637.0,6,3,1744,particulier,0
5020.0,8,1,1084,particulier,0
4506.0,20,2,1538,particulier,0
6087.0,19,3,593,particulier,0
4133.0,17,3,1642,agent,0
5780.0,17,2,806,particulier,0
1536.0,21,2,87,agent,0
4585.0,23,4,1211,agent,0
12926.0,6,0,322,particulier,0
790.0,21,3,1377,particulier,0
4992.0,19,10,1946,agent,0
5856.0,23,5,543,agent,0
11407.0,9,1,1925,agent,0
6107.0,10,0,215,particulier,0
3588.0,10,4,1917,particulier,0
4748.0,21,4,1490,particulier,0
1764.0,18,4,804,agent,0
2369.0,23,4,12,particulier,0
1059.0,8,0,593,agent,0
11661.0,3,2,208,particulier,0
4830.0,19,2,1174,particulier,0
1512.0,20,0,529,particulier,0
4149.0,22,3,191,particulier,0
8826.0,21,4,201,particulier,0
7661.0,9,3,1540,particulier,0
1497.0,22,1,1064,particulier,0
230.0,10,4,2094,agent,0
4610.0,22,4,1505,agent,0
1550.0,21,6,627,agent,0
5591.0,19,5,514,particulier,0
7389.0,9,2,1395,particulier,0
8490.0,10,0,2149,particulier,0
14516.0,7,4,1733,facture,0
9423.0,23,3,374,particulier,0
14576.0,23,3,375,particulier,0
10638.0,8,2,2075,particulier,0
11456.0,13,3,2107,particulier,0
3182.0,23,1,177,particulier,0
1101.0,22,2,1710,particulier,0
27172.0,21,2,1654,particulier,0
3476.0,10,3,1441,particulier,0
9362.0,21,5,1130,particulier,0
2064.0,18,7,1076,particulier,0
7475.0,19,2,1971,particulier,0
412.0,9,3,639,particulier,0
2324.0,22,4,626,particulier,0
3030.0,21,4,461,facture,0
4882.0,19,2,870,particulier,0
8195.0,23,3,1441,particulier,0
1300.0,18,1,2088,agent,0
5773.0,23,0,1815,particulier,0
9346.0,19,4,503,particulier,0
24198.0,18,3,410,particulier,0
6007.0,21,4,186,particulier,0
2229.0,21,3,1822,particulier,0
1118.0,10,3,2123,particulier,0
15597.0,8,2,243,particulier,0
6166.0,22,3,1227,agent,0
3234.0,7,2,1411,particulier,0
831.0,20,3,1824,agent,0
1493.0,12,4,1580,agent,0
5634.0,20,2,1255,particulier,0
4450.0,18,3,942,agent,0
630.0,16,3,1034,particulier,0
5640.0,19,4,756,particulier,0
869.0,23,6,999,particulier,0
10414.0,20,1,575,agent,0
3933.0,8,3,1077,particulier,0
2222.0,22,2,5,agent,0
7644.0,22,2,1661,agent,0
4449.0,4,3,1295,particulier,0
10160.0,23,3,45,particulier,0
3528.0,21,4,912,particulier,0
3707.0,23,4,1039,particulier,0
2585.0,19,6,65,particulier,0
4120.0,16,4,244,particulier,0
13950.0,20,7,397,particulier,1
2149.0,18,4,1239,agent,0
5714.0,12,2,367,particulier,0
1559.0,7,4,783,particulier,0
569.0,8,4,306,particulier,0
3930.0,22,2,556,particulier,0
4514.0,22,3,581,particulier,0
3000.0,10,4,1383,particulier,0
924.0,16,5,1262,particulier,0
4267.0,8,5,301,particulier,0
4131.0,10,0,229,particulier,0
1548.0,10,6,1863,agent,0
1043.0,20,4,19,particulier,0
2658.0,8,5,957,particulier,0
5739.0,8,5,1330,particulier,0
4695.0,6,4,102,particulier,0
1558.0,12,3,569,facture,0
3701.0,11,3,792,facture,0
7003.0,19,5,1487,particulier,0
1216.0,21,1,964,particulier,0
3476.0,8,4,2101,facture,0
10288.0,9,2,92,particulier,0
1115.0,22,4,1795,particulier,0
8797.0,17,6,946,particulier,0
13047.0,13,3,232,particulier,0
2727.0,21,1,1075,particulier,0
2461.0,9,3,138,particulier,0
7928.0,19,3,1125,particulier,0
2812.0,9,6,2055,particulier,0
446.0,22,2,1729,agent,0
3029.0,17,3,103,particulier,0
4914.0,22,3,1629,particulier,0
6180.0,9,5,243,particulier,0
1558.0,12,5,820,agent,0
2619.0,23,3,2057,particulier,0
7558.0,22,6,1718,particulier,0
3131.0,21,1,767,agent,0
898.0,19,5,187,particulier,0
9433.0,6,0,242,particulier,0
2746.0,7,5,1798,particulier,0
8329.0,23,3,1579,agent,0
1006.0,19,3,1889,particulier,0
2973.0,11,2,2111,particulier,0
5081.0,22,3,1766,agent,0
3059.0,21,3,554,agent,0
1205.0,11,5,2073,agent,0
433.0,9,2,328,particulier,0
12025.0,20,2,573,particulier,0
4068.0,19,3,1717,particulier,0
8882.0,19,3,142,particulier,0
7254.0,9,1,1688,particulier,0
5472.0,21,3,1784,particulier,0
2507.0,20,4,1348,particulier,0
4996.0,17,7,1769,facture,0
11133.0,22,4,382,facture,0
3535.0,23,7,695,particulier,0
16588.0,6,3,361,particulier,0
921.0,20,3,984,agent,0
841.0,23,4,1923,agent,0
7630.0,19,2,1197,agent,0
1643.0,22,2,150,particulier,0
18710.0,21,4,55,particulier,1
10268.0,22,6,232,particulier,0
12701.0,23,4,1983,agent,0
6987.0,16,4,18,agent,0
1505.0,21,4,1887,particulier,0
804.0,19,5,560,particulier,0
11743.0,10,3,1769,particulier,0
921.0,8,5,854,particulier,0
12672.0,20,4,937,facture,0
5821.0,18,4,1320,particulier,0
3088.0,7,1,564,particulier,0
4797.0,23,6,723,particulier,0
4893.0,10,6,1874,particulier,0
2774.0,23,2,1215,particulier,0
11068.0,18,2,602,particulier,0
10750.0,21,7,1938,particulier,0
3761.0,8,1,1015,particulier,0
1978.0,22,6,600,particulier,0
9997.0,10,2,435,particulier,0
590.0,7,2,2042,particulier,0
4805.0,20,0,999,facture,0
6177.0,23,2,1280,particulier,0
1629.0,21,4,1425,particulier,0
7538.0,20,3,1002,particulier,0
3221.0,23,3,120,particulier,0
2072.0,23,3,114,particulier,0
7471.0,6,8,583,particulier,0
1309.0,11,4,1511,facture,0
6897.0,14,4,217,agent,0
611.0,8,1,1878,facture,0
4200.0,9,2,939,particulier,0
3420.0,10,2,711,particulier,0
2082.0,23,1,56,agent,0
4588.0,23,6,913,agent,0
3079.0,23,4,618,particulier,0
8075.0,19,3,1699,particulier,0
5304.0,21,1,334,agent,0
4841.0,21,3,1837,facture,0
4222.0,12,4,419,particulier,0
2205.0,12,5,764,particulier,0
2549.0,19,4,1062,particulier,0
4068.0,23,4,432,agent,0
2843.0,21,3,2044,particulier,0
8474.0,9,3,12,particulier,0
3567.0,19,3,1386,particulier,0
4535.0,6,4,2064,particulier,0
1000.0,8,1,2199,particulier,0
7345.0,20,8,617,particulier,0
2010.0,11,4,1395,agent,0
1358.0,23,6,1369,particulier,0
13350.0,23,3,1483,particulier,0
5961.0,11,1,2042,particulier,0
7559.0,20,4,2132,particulier,0
4848.0,20,4,1613,facture,0
3044.0,23,4,547,facture,0
2598.0,10,3,1950,particulier,0
6388.0,16,1,1752,particulier,0
8627.0,22,0,954,particulier,0
3109.0,6,5,1183,agent,0
19181.0,20,3,1314,particulier,0
2786.0,23,2,226,particulier,0
1007.0,19,6,118,particulier,0
763.0,23,2,118,particulier,0
785.0,7,3,2097,particulier,0
2318.0,21,4,599,particulier,0
2705.0,19,1,242,particulier,0
5885.0,7,4,870,particulier,0
3215.0,22,3,1744,particulier,0
6747.0,19,3,628,agent,0
3423.0,19,3,546,particulier,0
3333.0,20,2,1007,particulier,0
2016.0,23,5,1196,particulier,0
11039.0,7,4,1509,particulier,0
896.0,21,2,1565,particulier,0
4256.0,11,2,1362,particulier,0
2823.0,10,3,2041,particulier,0
6403.0,23,3,673,particulier,0
3237.0,9,4,469,agent,0
3319.0,10,2,2113,particulier,0
2626.0,9,4,1419,facture,0
10767.0,6,2,999,agent,0
3301.0,18,4,1505,particulier,0
17574.0,21,2,809,agent,0
4152.0,8,2,1975,agent,0
3356.0,8,3,667,agent,0
2912.0,20,1,633,particulier,0
5322.0,9,7,854,particulier,0
1998.0,17,4,1182,particulier,0
3729.0,9,6,270,particulier,0
3317.0,18,1,2078,facture,0
4344.0,20,2,809,particulier,0
4436.0,22,1,1613,particulier,0
4636.0,12,3,218,particulier,0
3571.0,10,0,424,particulier,0
12501.0,16,2,1451,agent,0
4718.0,10,0,1389,particulier,0
30185.0,18,2,797,particulier,0
3437.0,16,0,1953,particulier,0
7443.0,23,3,1233,particulier,0
1777.0,17,3,1088,particulier,0
10836.0,21,4,934,particulier,0
1811.0,19,5,2034,facture,0
4854.0,18,4,1857,particulier,0
2631.0,23,3,555,agent,0
4838.0,19,3,654,particulier,0
2698.0,19,5,733,particulier,0
1684.0,19,6,1465,particulier,0
2615.0,21,3,232,particulier,0
12214.0,20,2,256,particulier,0
4901.0,19,4,782,particulier,0
1102.0,9,7,2007,agent,0
8359.0,20,4,917,particulier,0
1544.0,19,4,1395,particulier,0
6197.0,10,5,68,particulier,0
5272.0,10,4,558,particulier,0
5563.0,21,3,2000,particulier,0
15918.0,10,4,833,facture,0
1629.0,20,1,1152,facture,0
5537.0,23,4,68,facture,0
9611.0,7,4,505,particulier,0
1907.0,22,1,1999,facture,0
1748.0,9,3,476,facture,0
2581.0,17,2,1149,particulier,0
4342.0,22,5,1208,agent,0
993.0,20,7,1600,agent,0
5264.0,9,1,1329,particulier,0
995.0,23,5,1347,agent,0
9891.0,17,3,2071,agent,0
5099.0,11,2,1681,particulier,0
16750.0,20,3,1527,particulier,0
5817.0,20,0,103,particulier,0
2543.0,18,4,1346,particulier,0
1671.0,21,1,1864,particulier,0
4036.0,18,4,1515,particulier,0
3211.0,21,8,1361,particulier,0
9029.0,21,0,1801,particulier,0
1496.0,20,2,174,particulier,0
18357.0,7,3,897,particulier,0
9736.0,23,2,423,particulier,0
2771.0,22,2,598,particulier,0
15186.0,21,1,562,particulier,0
1693.0,7,5,2084,particulier,0
3924.0,12,4,617,particulier,0
1113.0,22,0,272,particulier,0
15829.0,9,1,2122,particulier,0
812.0,23,3,1797,particulier,0
968.0,21,3,9,particulier,0
1921.0,23,4,91,particulier,0
10137.0,23,5,116,particulier,0
7418.0,19,5,353,particulier,0
3655.0,21,7,1835,particulier,0
7833.0,9,4,1887,particulier,0
2987.0,6,2,679,particulier,0
4718.0,11,3,778,particulier,0
13413.0,23,4,1093,agent,0
2671.0,16,8,2145,particulier,0
1717.0,19,1,251,particulier,0
4914.0,20,3,1036,particulier,0
6181.0,12,0,1086,agent,0
3619.0,16,4,1671,facture,0
7730.0,11,3,1110,particulier,0
2776.0,18,4,2067,particulier,0
3672.0,19,3,395,agent,0
4530.0,22,3,95,particulier,0
4206.0,7,6,1316,agent,0
12982.0,19,2,682,particulier,0
4510.0,18,2,1974,facture,0
2544.0,19,2,109,particulier,0
5160.0,10,5,490,particulier,0
7766.0,23,2,1496,particulier,0
6362.0,11,2,1087,agent,0
6069.0,21,2,1014,particulier,0
922.0,17,6,1053,particulier,0
396.0,22,2,1143,particulier,0
9740.0,22,4,1881,particulier,0
4784.0,7,6,2147,particulier,0
3235.0,21,2,893,particulier,0
5944.0,6,3,2132,particulier,0
16953.0,23,1,1009,particulier,0
10954.0,9,3,1249,agent,0
7464.0,11,3,899,particulier,0
1550.0,13,3,277,particulier,0
1731.0,23,1,1821,particulier,0
433.0,8,4,593,particulier,0
5645.0,23,4,1861,particulier,0
8453.0,20,5,659,particulier,0
9060.0,13,5,267,particulier,0
5850.0,23,1,361,facture,0
2890.0,7,2,17,particulier,0
2039.0,20,1,1761,particulier,0
1633.0,22,2,1904,particulier,0
2867.0,19,1,1573,particulier,0
1435.0,17,2,327,particulier,0
14655.0,21,4,1505,particulier,0
1089.0,8,5,702,agent,0
2786.0,21,4,2189,particulier,0
635.0,22,1,1313,particulier,0
4239.0,20,4,48,facture,0
3288.0,23,3,909,particulier,0
2433.0,9,3,654,facture,0
1491.0,13,2,1563,particulier,0
3301.0,21,4,174,facture,0
2074.0,19,4,1509,particulier,0
2933.0,20,1,113,particulier,0
17393.0,23,3,1098,particulier,0
3814.0,22,3,338,particulier,0
5182.0,11,5,181,particulier,0
2220.0,21,5,1980,particulier,0
1691.0,6,3,202,facture,0
3231.0,19,4,1504,particulier,0
27676.0,9,5,1186,particulier,0
2580.0,9,2,443,particulier,0
4479.0,5,2,875,particulier,0
1629.0,21,4,1851,particulier,0
317.0,21,1,326,particulier,0
1684.0,23,2,1349,particulier,0
24924.0,21,2,1238,particulier,0
5465.0,17,5,1193,agent,0
13290.0,8,3,446,particulier,0
2451.0,18,3,1145,particulier,0
444.0,23,4,1254,particulier,0
1284.0,22,2,217,agent,0
4617.0,9,1,875,agent,0
4032.0,23,6,70,facture,0
3265.0,19,4,381,particulier,0
2099.0,23,3,1181,agent,0
7323.0,8,2,760,particulier,0
2151.0,18,5,1334,agent,0
4280.0,9,1,520,particulier,0
3889.0,20,1,822,particulier,0
2409.0,10,2,1960,particulier,0
1558.0,11,7,2186,particulier,0
2291.0,7,1,89,particulier,0
16197.0,20,2,982,particulier,0
8481.0,20,2,1359,particulier,0
7843.0,21,1,771,agent,0
1688.0,18,3,1280,particulier,0
971.0,23,3,254,particulier,0
8367.0,6,1,512,particulier,0
7109.0,20,7,1299,particulier,0
3702.0,7,5,1576,particulier,0
2404.0,6,5,1305,facture,0
949.0,6,5,1400,particulier,0
6886.0,7,2,767,particulier,0
9029.0,18,3,1975,facture,0
1850.0,20,6,1108,agent,0
1723.0,16,2,1767,particulier,0
9461.0,9,6,807,particulier,0
1909.0,17,3,454,particulier,0
14946.0,21,2,1690,particulier,0
3003.0,10,6,583,particulier,0
2372.0,20,1,499,particulier,0
3423.0,9,4,1094,agent,0
2372.0,6,6,294,facture,0
8581.0,22,4,1305,particulier,0
6995.0,18,5,1384,particulier,0
8307.0,21,7,2126,particulier,0
3854.0,18,5,940,particulier,0
2235.0,10,4,221,particulier,0
3269.0,21,6,487,particulier,0
2294.0,9,7,1888,facture,0
11460.0,8,3,945,particulier,0
7723.0,11,7,93,particulier,0
3048.0,20,1,1775,agent,0
1499.0,21,5,1242,agent,0
12206.0,19,3,1431,particulier,0
3700.0,15,2,553,particulier,0
2949.0,22,4,1422,particulier,0
12298.0,21,2,1672,particulier,0
2136.0,11,2,144,particulier,0
2512.0,19,1,214,particulier,0
2708.0,18,3,271,agent,0
1076.0,9,0,321,particulier,0
4309.0,23,1,981,particulier,0
1723.0,22,3,972,particulier,0
2028.0,17,5,425,particulier,0
1810.0,23,0,680,particulier,0
2000.0,18,3,1544,particulier,0
1615.0,22,1,1678,particulier,0
4065.0,21,6,1611,particulier,0
2886.0,17,4,1174,agent,0
3432.0,21,5,1402,particulier,0
24361.0,6,0,2106,particulier,0
2886.0,7,4,1703,particulier,0
5509.0,23,2,504,particulier,0
6069.0,8,5,1482,facture,0
3123.0,11,3,1941,agent,0
4158.0,20,4,303,particulier,0
3353.0,21,0,1947,agent,0
3913.0,20,5,1262,agent,0
2001.0,22,4,502,particulier,0
2164.0,18,7,438,particulier,0
3342.0,8,2,1658,particulier,0
616.0,11,2,223,particulier,0
11751.0,20,4,1978,particulier,0
20676.0,7,4,1565,agent,0
3808.0,11,2,1998,particulier,0
5800.0,12,5,976,agent,0
8258.0,8,3,104,agent,0
1069.0,21,4,1926,particulier,0
7252.0,23,2,215,particulier,0
2293.0,7,3,636,particulier,0
23089.0,19,8,1288,particulier,1
2807.0,12,1,604,particulier,0
7129.0,6,2,15,particulier,0
2831.0,6,4,1178,particulier,0
21315.0,22,2,1596,particulier,0
2131.0,8,8,1501,agent,0
8869.0,15,2,1187,agent,0
5612.0,11,0,270,particulier,0
4646.0,23,1,459,particulier,0
4002.0,19,4,423,particulier,0
1869.0,10,0,605,facture,0
366.0,20,4,52,particulier,0
8211.0,16,4,405,agent,0
2174.0,22,3,1556,particulier,0
8903.0,20,4,576,particulier,0
4442.0,10,4,222,particulier,0
9138.0,6,2,430,particulier,0
6513.0,18,3,1420,particulier,0
405.0,22,4,1021,particulier,0
5556.0,18,6,2135,agent,0
2460.0,23,4,1717,agent,0
8868.0,11,11,748,agent,1
5445.0,23,1,1212,particulier,0
5500.0,22,4,1478,particulier,0
2614.0,19,2,2183,particulier,0
1517.0,19,4,810,particulier,0
2280.0,8,3,95,particulier,0
713.0,20,2,860,particulier,0
1995.0,19,2,761,agent,0
949.0,21,0,1569,particulier,0
971.0,19,1,583,particulier,0
3637.0,10,7,1460,particulier,0
5187.0,20,2,1755,agent,0
3207.0,19,6,2063,particulier,0
2156.0,20,3,1070,particulier,0
1472.0,22,4,89,particulier,0
2516.0,10,3,1531,particulier,0
1638.0,18,3,1883,particulier,0
3123.0,10,5,194,particulier,0
904.0,18,2,1923,particulier,0
5980.0,23,2,1692,particulier,0
2035.0,19,4,72,particulier,0
4536.0,21,2,5,particulier,0
7003.0,22,1,540,agent,0
4353.0,12,3,156,particulier,0
6498.0,18,2,1319,particulier,0
569.0,19,1,2192,particulier,0
2167.0,22,4,516,particulier,0
8414.0,23,2,1839,particulier,0
5079.0,23,2,665,particulier,0
15854.0,23,4,433,particulier,0
14027.0,18,3,442,particulier,0
4250.0,8,2,1095,particulier,0
2659.0,23,5,1668,particulier,0
1459.0,9,1,639,particulier,0
2199.0,22,1,1768,facture,0
2329.0,10,4,112,agent,0
1990.0,10,5,1078,particulier,0
1509.0,23,4,2016,particulier,0
4635.0,19,1,1929,particulier,0
13935.0,12,4,385,agent,0
7283.0,22,1,302,particulier,0
2505.0,19,7,348,particulier,0
7800.0,9,3,729,particulier,0
4423.0,23,2,849,facture,0
3182.0,16,3,909,particulier,0
3018.0,9,2,1525,particulier,0
2780.0,8,1,1859,particulier,0
5730.0,23,6,1515,agent,0
3710.0,22,2,1685,particulier,0
1774.0,23,4,402,particulier,0
1702.0,6,1,153,particulier,0
4273.0,10,2,767,particulier,0
4743.0,13,3,765,facture,0
2525.0,22,3,1568,particulier,0
1259.0,21,5,1136,agent,0
9541.0,23,2,1285,agent,0
7965.0,22,6,278,particulier,0
608.0,18,4,1626,particulier,0
10287.0,22,2,251,particulier,0
2758.0,6,3,119,particulier,0
3872.0,10,6,80,particulier,0
8669.0,8,3,615,particulier,0
13422.0,19,0,1227,particulier,0
7727.0,9,3,2182,agent,0
4044.0,23,9,184,particulier,0
1023.0,20,4,1324,particulier,0
589.0,22,3,2165,particulier,0
6950.0,9,6,799,particulier,0
10309.0,20,2,919,particulier,0
1648.0,9,4,1140,agent,0
2619.0,21,6,135,particulier,0
2051.0,19,3,1565,agent,0
2006.0,8,4,385,particulier,0
8215.0,10,4,810,particulier,0
3966.0,19,3,550,particulier,0
2711.0,20,3,1685,particulier,0
31536.0,21,1,2013,particulier,0
973.0,6,3,1965,particulier,0
5249.0,8,4,1310,particulier,0
1351.0,11,3,920,agent,0
2882.0,9,3,748,particulier,0
3738.0,12,2,2003,particulier,0
6754.0,10,7,1540,agent,0
2639.0,23,2,1983,particulier,0
2412.0,23,2,520,particulier,0
2599.0,20,1,1773,particulier,0
1316.0,19,1,1676,particulier,0
5639.0,20,6,1451,agent,0
4184.0,9,2,999,particulier,0
4769.0,8,9,1654,agent,0
3105.0,3,3,659,agent,0
2796.0,9,4,119,facture,0
8949.0,6,2,1444,particulier,0
7852.0,8,6,1181,particulier,0
10966.0,23,4,1769,particulier,0
4522.0,9,7,212,particulier,0
10402.0,20,3,89,particulier,0
2313.0,9,4,1998,agent,0
2777.0,16,2,1972,particulier,0
9098.0,21,2,1935,particulier,0
6747.0,23,2,1487,agent,0
2574.0,5,3,1142,particulier,0
1354.0,6,2,913,agent,0
2770.0,23,2,783,agent,0
1841.0,22,2,1808,particulier,0
14269.0,8,0,1700,agent,0
6286.0,19,4,1999,agent,0
1718.0,12,1,635,agent,0
1355.0,8,1,1629,particulier,0
1700.0,9,3,1236,agent,0
2049.0,22,2,1835,agent,0
2859.0,7,3,1490,particulier,0
8496.0,7,2,2077,particulier,0
1449.0,21,6,1679,particulier,0
23066.0,8,4,377,particulier,0
1478.0,16,5,806,particulier,0
995.0,7,5,1419,particulier,0
13836.0,18,3,1206,agent,0
10128.0,20,1,1645,particulier,0
2821.0,17,4,2053,agent,0
4556.0,7,3,1780,agent,0
4654.0,23,3,702,particulier,0
3700.0,20,4,880,agent,0
1094.0,21,8,1536,particulier,0
400.0,8,1,2048,particulier,0
1607.0,21,7,1479,particulier,0
15425.0,19,2,723,particulier,0
15948.0,20,4,566,particulier,0
2637.0,13,6,985,particulier,0
1459.0,11,8,112,particulier,0
4173.0,5,4,2024,particulier,0
4784.0,18,3,1367,particulier,0
5490.0,23,4,1468,particulier,0
385.0,19,3,384,particulier,0
48247.0,17,4,156,particulier,1
8627.0,23,4,1754,particulier,0
2784.0,17,4,1869,particulier,0
1789.0,7,3,1562,particulier,0
7625.0,5,3,110,particulier,0
5019.0,20,2,950,particulier,0
3563.0,9,3,1354,particulier,0
4864.0,6,3,1942,particulier,0
2993.0,10,4,1435,particulier,0
4636.0,23,4,252,particulier,0
6108.0,22,4,401,particulier,0
4411.0,17,3,1003,particulier,0
4219.0,15,2,1442,particulier,0
10764.0,18,0,237,particulier,0
848.0,22,0,819,facture,0
1672.0,23,3,861,particulier,0
3370.0,8,6,1596,facture,0
1772.0,19,4,971,facture,0
2353.0,19,4,691,particulier,0
9844.0,21,4,878,particulier,0
2903.0,23,3,1335,particulier,0
696.0,6,1,698,particulier,0
2299.0,11,3,861,agent,0
3461.0,22,5,1953,agent,0
3408.0,23,3,2174,particulier,0
5285.0,20,3,1613,particulier,0
4931.0,21,1,1963,agent,0
2928.0,19,1,1637,particulier,0
1195.0,9,2,1207,particulier,0
2264.0,18,5,1448,particulier,0
1940.0,23,3,1032,particulier,0
2585.0,10,2,1656,agent,0
5928.0,9,2,815,particulier,0
4645.0,10,2,1568,agent,0
6637.0,23,3,71,particulier,0
2377.0,21,3,487,particulier,0
11874.0,20,2,1832,agent,0
5837.0,23,6,1740,particulier,0
3624.0,18,2,1013,particulier,0
5502.0,9,2,336,particulier,0
1855.0,20,4,1657,particulier,0
549.0,22,2,917,particulier,0
1967.0,19,6,2092,particulier,0
6219.0,11,3,1333,particulier,0
3527.0,20,5,619,agent,0
2933.0,20,4,1053,particulier,0
1603.0,9,2,1895,particulier,0
625.0,23,5,1934,particulier,0
11060.0,10,2,341,particulier,0
2761.0,22,1,1485,particulier,0
2287.0,7,3,1235,particulier,0
1861.0,20,2,403,particulier,0
9570.0,18,4,135,agent,0
6968.0,21,1,1508,agent,0
1448.0,12,3,194,particulier,0
8865.0,20,2,21,particulier,0
2912.0,10,4,1720,particulier,0
1961.0,22,1,2021,agent,0
2567.0,11,5,737,agent,0
1693.0,19,4,1097,agent,0
1072.0,22,3,716,agent,0
6372.0,9,0,1804,particulier,0
2731.0,21,2,1285,particulier,0
5567.0,7,1,843,particulier,0
4205.0,10,1,540,agent,0
5251.0,21,3,1755,particulier,0
579.0,10,3,1752,facture,0
1577.0,18,7,599,agent,0
5345.0,8,7,44,particulier,0
1115.0,10,4,2015,particulier,0
4524.0,22,2,1301,agent,0
1010.0,23,3,371,particulier,0
3341.0,8,2,501,particulier,0
12945.0,21,2,928,agent,0
6364.0,21,1,546,particulier,0
683.0,5,0,1682,particulier,0
6776.0,20,4,597,particulier,0
15505.0,20,4,348,particulier,0
35506.0,7,3,212,particulier,0
4934.0,7,3,1544,particulier,0
1033.0,10,4,676,particulier,0
4767.0,19,3,33,particulier,0
12793.0,6,2,134,particulier,0
2810.0,23,3,357,agent,0
7996.0,16,4,1999,particulier,0
1614.0,20,4,1924,agent,0
4521.0,10,6,616,agent,0
397.0,23,0,1428,particulier,0
1469.0,22,6,434,agent,0
3277.0,19,2,975,particulier,0
2419.0,20,1,394,particulier,0
1091.0,19,5,73,agent,0
2154.0,9,1,1305,agent,0
4360.0,15,3,2107,agent,0
3062.0,21,3,1776,agent,0
3470.0,20,1,2175,particulier,0
6138.0,11,2,1380,particulier,0
2461.0,9,3,635,particulier,0
10460.0,17,1,1520,facture,0
1421.0,23,3,1620,particulier,0
16963.0,21,1,1592,facture,0
8485.0,23,2,572,particulier,0
2434.0,10,0,924,particulier,0
2576.0,23,6,1775,agent,0
3927.0,7,5,1529,particulier,0
5480.0,23,9,428,particulier,0
8353.0,22,1,824,particulier,0
1054.0,20,5,483,particulier,0
4778.0,23,4,1244,facture,0
545.0,11,2,1990,particulier,0
2834.0,18,3,15,particulier,0
11337.0,12,5,1571,particulier,0
987.0,17,0,1216,particulier,0
846.0,21,5,354,particulier,0
3975.0,21,2,184,particulier,0
10714.0,23,5,935,particulier,0
4344.0,20,1,1614,particulier,0
653.0,23,3,1140,particulier,0
788.0,10,2,57,particulier,0
3580.0,7,7,631,particulier,0
1209.0,18,3,657,particulier,0
3700.0,11,6,763,particulier,0
3892.0,23,5,520,particulier,0
2173.0,10,1,247,particulier,0
15406.0,9,2,80,particulier,0
5442.0,20,3,1975,particulier,0
9227.0,5,2,830,particulier,0
7205.0,21,5,1609,particulier,0
2900.0,18,4,584,particulier,0
2793.0,18,1,2188,particulier,0
2558.0,16,5,1392,particulier,0
5878.0,19,3,93,particulier,0
1895.0,23,3,221,agent,0
14275.0,16,5,1252,particulier,0
1748.0,23,2,86,particulier,0
3953.0,21,1,1716,particulier,0
2712.0,20,4,604,particulier,0
2246.0,7,2,977,particulier,0
20879.0,13,4,104,particulier,0
2268.0,7,3,943,particulier,0
2543.0,19,4,1235,particulier,0
1873.0,18,3,666,particulier,0
3411.0,23,8,959,particulier,0
3023.0,20,7,160,facture,0
1272.0,18,5,273,particulier,0
2297.0,22,3,1412,facture,0
5532.0,7,2,2148,agent,0
7887.0,23,1,1386,particulier,0
3362.0,21,10,1434,agent,0
3464.0,23,6,2151,particulier,0
2424.0,23,1,2051,particulier,0
2149.0,19,4,734,particulier,0
1508.0,6,5,167,particulier,0
877.0,17,4,1514,particulier,0
1813.0,21,4,850,particulier,0
7104.0,21,0,2075,particulier,0
2297.0,23,1,896,particulier,0
2455.0,7,6,1956,particulier,0
2415.0,10,2,346,particulier,0
9490.0,21,6,1686,particulier,0
1496.0,3,1,922,particulier,0
4169.0,21,4,646,particulier,0
3108.0,9,3,2104,agent,0
3490.0,22,2,1479,particulier,0
4055.0,13,3,1343,particulier,0
3458.0,9,3,522,particulier,0
6464.0,22,4,526,facture,0
3214.0,20,7,2161,agent,0
14512.0,20,1,1479,particulier,0
3421.0,20,3,878,particulier,0
774.0,18,3,73,particulier,0
5668.0,19,3,599,particulier,0
4598.0,22,3,2079,particulier,0
3387.0,23,3,635,particulier,0
2642.0,8,0,154,particulier,0
546.0,18,5,1784,particulier,0
630.0,23,2,1694,particulier,0
13365.0,23,1,1223,particulier,0
2003.0,7,2,1085,particulier,0
7486.0,20,1,1206,particulier,0
843.0,18,5,37,facture,0
1353.0,20,4,1303,particulier,0
5866.0,19,2,1158,particulier,0
3020.0,5,6,1277,particulier,0
5203.0,23,1,1641,particulier,0
3257.0,23,2,1451,particulier,0
2761.0,20,1,379,facture,0
1848.0,21,2,1320,particulier,0
1194.0,20,4,2149,particulier,0
10854.0,19,1,942,agent,0
12484.0,6,3,166,particulier,0
1363.0,22,5,2154,particulier,0
1289.0,23,4,1992,agent,0
2451.0,19,4,1631,facture,0
4400.0,11,2,1713,particulier,0
2823.0,23,1,1885,particulier,0
5037.0,9,1,206,agent,0
3159.0,12,6,755,particulier,0
2989.0,9,1,268,particulier,0
25620.0,23,6,1784,particulier,0
2108.0,9,5,1488,agent,0
13279.0,7,5,79,particulier,0
11269.0,19,6,241,agent,0
5057.0,18,2,66,facture,0
641.0,17,3,456,particulier,0
3383.0,20,2,1635,agent,0
2127.0,9,3,1096,agent,0
3351.0,8,2,1351,particulier,0
1335.0,21,2,107,particulier,0
6266.0,10,4,1524,agent,0
7610.0,20,6,860,particulier,0
8906.0,11,3,1122,agent,0
2381.0,20,6,1594,particulier,0
1339.0,10,3,376,particulier,0
4442.0,22,1,2028,particulier,0
14657.0,10,2,1463,particulier,0
3495.0,19,5,363,particulier,0
4839.0,21,4,327,agent,0
2698.0,7,3,1892,particulier,0
2147.0,18,3,1545,facture,0
5765.0,21,1,196,agent,0
3010.0,21,4,921,particulier,0
4642.0,11,3,514,facture,0
5071.0,10,2,1734,particulier,0
4427.0,20,3,763,agent,0
5293.0,7,3,1247,particulier,0
1596.0,19,6,166,agent,0
1515.0,8,5,1011,particulier,0
3177.0,19,4,114,agent,0
3243.0,19,4,1194,particulier,0
2113.0,23,4,1090,particulier,0
4043.0,21,7,1301,particulier,0
7129.0,10,4,377,agent,0
9040.0,19,5,927,particulier,0
10943.0,11,1,459,particulier,0
1078.0,11,3,1283,particulier,0
1226.0,21,5,640,particulier,0
2576.0,7,1,113,particulier,0
3527.0,10,1,801,particulier,0
2690.0,9,3,1792,particulier,0
2060.0,23,2,1427,particulier,0
2543.0,23,2,2078,particulier,0
4968.0,7,5,1682,particulier,0
1064.0,5,4,1521,particulier,0
24146.0,21,3,1563,particulier,0
3354.0,20,5,327,particulier,0
8048.0,23,2,2125,particulier,0
2012.0,11,1,48,particulier,0
5368.0,10,1,647,particulier,0
3587.0,20,5,1785,particulier,0
6825.0,19,2,624,agent,0
2783.0,7,3,1579,particulier,0
12318.0,21,1,1300,particulier,0
927.0,7,2,782,particulier,0
7383.0,22,1,827,particulier,0
3644.0,17,4,732,agent,0
1386.0,21,0,716,agent,0
17314.0,20,3,450,agent,0
15857.0,20,4,959,agent,0
565.0,23,4,1982,particulier,0
3829.0,12,4,2069,particulier,0
6002.0,5,4,365,particulier,0
4796.0,9,6,1971,particulier,0
11947.0,20,2,1952,facture,0
10011.0,23,2,2157,facture,0
4127.0,23,7,271,particulier,0
22823.0,10,3,1802,particulier,0
7305.0,22,2,321,particulier,0
2444.0,13,6,1410,particulier,0
2060.0,10,1,1014,particulier,0
9479.0,22,3,573,agent,0
1679.0,20,4,584,particulier,0
2326.0,11,8,24,particulier,0
2687.0,10,4,1512,particulier,0
4457.0,20,5,1605,particulier,0
2795.0,10,6,1123,particulier,0
1076.0,19,7,1747,particulier,0
8846.0,5,2,1073,agent,0
2336.0,18,2,777,agent,0
18342.0,10,3,1569,particulier,0
4266.0,22,5,890,particulier,0
9673.0,8,8,1052,particulier,0
5632.0,9,2,1162,particulier,0
10075.0,21,5,681,agent,0
5350.0,21,4,1989,particulier,0
4023.0,20,4,1656,particulier,0
8344.0,11,1,1698,agent,0
27257.0,10,1,1230,agent,1
2619.0,20,5,1406,agent,0
6475.0,17,5,68,particulier,0
3280.0,8,3,1173,particulier,0
5065.0,13,9,53,particulier,0
3415.0,21,1,794,particulier,0
526.0,9,4,265,facture,0
2779.0,21,3,968,particulier,0
7705.0,18,4,1125,particulier,0
1719.0,9,4,932,facture,0
7207.0,9,7,1194,particulier,0
3851.0,15,1,518,particulier,0
2800.0,23,2,1119,agent,0
7115.0,22,1,1361,particulier,0
5877.0,18,2,728,particulier,0
4710.0,9,2,1546,particulier,0
7813.0,23,4,269,agent,0
3915.0,23,5,666,agent,0
814.0,10,1,2147,particulier,0
2389.0,22,3,1140,agent,0
711.0,22,3,41,particulier,0
5760.0,20,3,1434,particulier,0
7057.0,18,1,1502,agent,0
7335.0,20,1,1000,particulier,0
4993.0,23,2,190,particulier,0
7501.0,9,7,1521,agent,1
863.0,11,3,1043,particulier,0
3007.0,20,5,628,particulier,0
990.0,23,5,1614,particulier,0
2429.0,10,3,1746,particulier,0
13014.0,22,6,402,particulier,0
8344.0,18,7,1956,particulier,0
5785.0,20,3,2147,particulier,0
2823.0,23,5,1146,particulier,0
1416.0,12,3,1397,agent,0
3862.0,20,4,2063,particulier,0
8468.0,21,1,599,facture,0
4668.0,9,5,291,agent,0
856.0,8,4,238,agent,0
3601.0,23,5,1008,particulier,0
648.0,9,7,1278,particulier,0
6526.0,8,5,654,facture,0
1828.0,18,1,1249,particulier,0
1165.0,9,1,1714,agent,0
6603.0,10,6,533,particulier,0
5300.0,19,1,2113,agent,0
4014.0,9,7,827,particulier,0
21225.0,8,2,1770,particulier,0
5652.0,23,2,1123,agent,0
1904.0,18,2,1314,particulier,0
5122.0,9,3,1771,particulier,0
2583.0,23,4,142,agent,0
9670.0,15,4,2043,particulier,0
4183.0,8,2,252,particulier,0
4550.0,11,3,1934,particulier,0
967.0,20,7,1249,particulier,0
3471.0,19,2,733,particulier,0
3141.0,8,3,1960,particulier,0
1379.0,8,4,2050,agent,0
2729.0,19,4,41,particulier,0
4771.0,18,4,804,particulier,0
3282.0,23,3,1897,particulier,0
992.0,18,4,283,particulier,0
2612.0,16,7,1935,particulier,0
2213.0,16,6,547,particulier,0
3883.0,22,2,229,facture,0
3543.0,11,6,1219,particulier,0
2322.0,3,3,360,particulier,0
2246.0,10,5,1418,particulier,0
3488.0,21,1,1858,particulier,0
7469.0,21,5,944,particulier,0
4175.0,19,5,2068,particulier,0
11044.0,20,5,1697,agent,0
8632.0,10,3,1509,particulier,0
11757.0,6,6,222,agent,0
10544.0,11,2,749,agent,0
12438.0,19,5,1933,particulier,0
1236.0,10,1,1174,particulier,0
5712.0,20,7,1709,particulier,0
9280.0,23,4,1155,agent,0
10820.0,20,8,1169,particulier,0
1711.0,11,1,1566,particulier,0
5760.0,8,0,409,facture,0
3512.0,23,1,1595,particulier,0
15835.0,13,3,1772,particulier,0
1013.0,13,3,651,agent,0
1713.0,15,3,1809,particulier,0
707.0,21,8,759,particulier,0
3725.0,19,3,547,particulier,0
22567.0,19,5,1969,particulier,0
3173.0,18,5,47,particulier,0
3590.0,10,2,507,particulier,0
5259.0,19,3,207,facture,0
2984.0,20,2,1571,particulier,0
4497.0,10,2,671,agent,0
4598.0,7,4,1417,particulier,0
1606.0,22,2,277,particulier,0
3041.0,8,2,1555,particulier,0
6190.0,21,2,2193,agent,0
7254.0,9,5,411,facture,0
9934.0,18,3,74,particulier,0
4381.0,23,2,1759,particulier,0
4458.0,10,0,354,particulier,0
6233.0,23,2,1181,particulier,0
1987.0,16,1,1645,agent,0
1919.0,19,3,850,particulier,0
2963.0,22,2,2153,particulier,0
1115.0,10,3,1915,agent,0
4656.0,19,0,1667,particulier,0
8036.0,17,2,1412,particulier,0
1802.0,11,3,775,particulier,0
4769.0,19,5,1782,particulier,0
1930.0,15,3,1636,particulier,0
1388.0,23,3,182,agent,0
18906.0,8,3,1898,particulier,0
1405.0,17,5,469,particulier,0
1111.0,23,3,1184,facture,0
3954.0,21,4,231,particulier,0
4139.0,23,4,2124,particulier,0
5809.0,13,2,1405,particulier,0
18053.0,11,1,1703,facture,0
1702.0,22,1,1020,particulier,0
2015.0,8,3,1317,agent,0
12932.0,23,4,104,particulier,0
7319.0,23,1,1353,particulier,0
6503.0,23,2,1328,particulier,0
1995.0,23,5,55,particulier,0
8578.0,19,1,1088,particulier,0
6520.0,21,2,1742,particulier,0
3870.0,18,4,249,particulier,0
2004.0,9,4,1101,particulier,0
3607.0,18,1,1290,agent,0
13376.0,23,4,623,particulier,0
1300.0,20,3,1946,particulier,0
1669.0,20,8,1559,particulier,0
1932.0,19,5,1239,particulier,0
2323.0,19,4,958,agent,0
3251.0,19,2,332,agent,0
7441.0,21,4,900,agent,0
4877.0,21,1,527,particulier,0
3469.0,19,2,1367,agent,0
4169.0,8,4,1041,agent,0
5599.0,19,6,622,particulier,0
789.0,20,5,200,agent,0
8191.0,23,0,937,particulier,0
1632.0,19,2,9,particulier,0
2260.0,20,2,775,particulier,0
4400.0,18,1,1537,particulier,0
3090.0,20,3,2096,particulier,0
4984.0,5,2,191,particulier,0
3717.0,19,4,1982,particulier,0
2576.0,18,2,1511,particulier,0
12082.0,21,8,1173,particulier,0
6014.0,7,3,1707,particulier,0
4259.0,7,3,1181,particulier,0
5935.0,18,3,141,particulier,0
1809.0,23,2,1371,particulier,0
20922.0,9,2,190,agent,1
1307.0,18,4,529,facture,0
3627.0,23,3,1415,facture,0
2583.0,23,7,818,agent,0
2501.0,8,3,1224,particulier,0
2239.0,19,1,2161,particulier,0
1710.0,8,3,723,particulier,0
9046.0,17,1,1206,facture,0
1183.0,23,3,1186,particulier,0
7601.0,18,2,421,particulier,0
5717.0,21,4,2041,particulier,0
2383.0,10,3,1473,agent,0
5181.0,18,1,1214,particulier,0
2881.0,18,9,1729,particulier,0
1292.0,10,3,788,agent,0
1304.0,21,6,1310,particulier,0
5751.0,19,1,2074,agent,0
5503.0,19,4,1886,particulier,0
4047.0,5,3,315,particulier,0
2362.0,23,4,1425,particulier,0
2802.0,23,4,2069,particulier,0
2498.0,22,5,1820,facture,0
746.0,21,2,1232,particulier,0
3471.0,22,5,218,particulier,0
5136.0,17,2,205,agent,0
3489.0,21,1,1955,particulier,0
14821.0,23,1,649,particulier,0
1403.0,21,4,2028,particulier,0
1878.0,8,4,2066,particulier,0
3689.0,19,1,69,particulier,0
4053.0,12,3,271,particulier,0
655.0,19,1,243,particulier,0
5499.0,21,2,890,particulier,0
4069.0,19,2,747,particulier,0
544.0,16,6,1277,particulier,0
2983.0,11,10,1174,particulier,0
1657.0,22,4,1939,particulier,0
2241.0,12,3,1458,particulier,0
1056.0,5,6,210,particulier,0
4693.0,8,4,223,particulier,0
14728.0,22,1,1576,particulier,0
4127.0,21,2,1379,facture,0
526.0,6,2,300,particulier,0
4200.0,23,3,1176,facture,0
2792.0,11,2,1446,particulier,0
1292.0,13,4,1469,particulier,0
4450.0,10,4,1644,particulier,0
6959.0,21,3,1383,particulier,0
1866.0,9,6,1810,particulier,0
815.0,7,5,633,particulier,0
596.0,19,4,846,particulier,0
1871.0,23,3,1004,particulier,0
2887.0,17,3,141,agent,0
2125.0,9,1,1063,facture,0
1843.0,19,0,543,facture,0
5339.0,23,4,1088,particulier,0
4882.0,19,5,1970,particulier,0
3904.0,9,3,303,particulier,0
6595.0,21,1,370,particulier,0
1886.0,12,1,166,particulier,0
1299.0,19,6,1772,agent,0
2113.0,10,4,1396,agent,0
1993.0,11,2,1118,particulier,0
576.0,21,5,1610,facture,0
2072.0,23,2,2131,agent,0
8426.0,21,1,1791,particulier,0
6508.0,18,2,1870,agent,0
5148.0,23,4,1581,particulier,0
3684.0,7,8,818,agent,0
11289.0,22,2,1355,agent,0
1338.0,20,5,990,particulier,0
1451.0,22,1,1691,particulier,0
8567.0,16,2,721,agent,0
3373.0,23,2,1636,agent,0
1862.0,23,5,31,particulier,0
5267.0,6,5,873,particulier,0
2269.0,7,2,83,particulier,0
1617.0,22,2,1393,agent,0
1579.0,7,5,1781,agent,0
4330.0,21,7,1176,particulier,0
3924.0,21,3,1023,agent,0
11959.0,20,5,549,agent,0
2575.0,20,0,1012,particulier,0
2537.0,11,7,1453,agent,0
11200.0,11,2,1797,particulier,0
7614.0,23,5,271,particulier,0
3726.0,19,2,431,particulier,0
874.0,21,2,119,particulier,0
1652.0,18,2,665,agent,0
1345.0,22,2,2046,particulier,0
3398.0,18,1,1900,particulier,0
2139.0,21,6,591,particulier,0
12868.0,23,2,1585,particulier,0
866.0,21,3,1289,particulier,0
1228.0,18,4,1089,agent,0
4056.0,12,4,634,particulier,0
5132.0,7,6,751,agent,0
365.0,20,5,2108,particulier,0
754.0,5,2,566,particulier,0
2633.0,17,2,541,particulier,0
10432.0,10,5,535,particulier,0
16393.0,19,1,935,agent,0
2316.0,10,6,533,particulier,0
2850.0,21,3,470,particulier,0
1618.0,18,3,414,agent,0
5643.0,22,2,1918,particulier,0
12079.0,23,4,480,facture,0
9582.0,18,1,130,agent,0
3214.0,12,2,794,particulier,0
1615.0,22,3,1820,agent,0
3318.0,18,6,745,particulier,0
10654.0,18,1,2123,facture,0
2344.0,7,4,67,facture,0
704.0,10,2,1385,particulier,0
2426.0,18,3,603,particulier,0
2599.0,20,6,1685,particulier,0
701.0,6,4,129,particulier,0
4013.0,8,2,648,particulier,0
5065.0,11,5,1705,agent,0
16009.0,13,5,849,agent,0
1062.0,22,2,449,facture,0
6130.0,12,2,47,particulier,0
7494.0,23,5,617,particulier,0
5124.0,22,2,1581,agent,0
1400.0,22,4,1791,particulier,0
1333.0,17,3,1095,particulier,0
3578.0,10,2,1342,particulier,0
3557.0,17,7,1658,particulier,0
2048.0,23,4,588,particulier,0
9876.0,21,6,2069,particulier,0
2343.0,10,0,223,particulier,0
659.0,4,2,704,particulier,0
2723.0,22,3,1367,particulier,0
4955.0,23,1,27,particulier,0
4406.0,22,2,1555,agent,0
4377.0,7,7,369,particulier,0
11730.0,18,2,742,facture,0
1277.0,23,4,287,particulier,0
2298.0,22,5,1732,particulier,0
12250.0,11,4,358,agent,0
619.0,11,4,1553,agent,0
3147.0,23,4,152,agent,0
9364.0,20,1,1015,agent,0
9246.0,19,6,5,agent,0
5774.0,12,2,82,particulier,0
5900.0,17,2,1882,agent,0
1360.0,11,4,501,particulier,0
10585.0,22,4,1010,particulier,0
1188.0,23,2,725,particulier,0
1250.0,19,6,1550,particulier,0
4581.0,21,3,1242,particulier,0
2167.0,21,2,823,particulier,0
3927.0,20,2,120,agent,0
4751.0,17,4,2112,agent,0
14934.0,5,6,1292,particulier,0
4763.0,23,3,205,agent,0
1947.0,23,2,165,particulier,0
5855.0,21,5,308,particulier,0
1625.0,22,4,1260,particulier,0
7159.0,6,3,1269,particulier,0
3481.0,19,1,398,particulier,0
4631.0,20,1,531,agent,0
725.0,9,2,2002,particulier,0
486.0,21,4,727,facture,0
919.0,18,2,1292,agent,0
14529.0,19,1,1352,agent,0
1241.0,22,2,467,particulier,0
6139.0,20,2,1933,agent,0
1909.0,11,1,1510,particulier,0
2686.0,6,5,141,particulier,0
3172.0,22,4,461,particulier,0
13323.0,21,1,1182,particulier,0
5414.0,8,4,915,particulier,0
4570.0,11,3,205,particulier,0
9919.0,9,7,1545,agent,0
1923.0,21,3,1555,particulier,0
8169.0,23,3,1625,particulier,0
7088.0,7,3,1105,particulier,0
7019.0,16,1,2051,particulier,0
2888.0,23,6,2011,particulier,0
2272.0,15,1,287,facture,0
1573.0,20,4,1777,particulier,0
1659.0,23,2,1781,particulier,0
1511.0,19,1,261,particulier,0
4500.0,19,4,548,particulier,0
2713.0,20,4,503,particulier,0
4754.0,8,2,1672,particulier,0
4988.0,10,3,1413,particulier,0
1338.0,19,2,991,particulier,0
1305.0,23,1,929,particulier,0
2713.0,6,4,1310,particulier,0
1705.0,7,3,1006,agent,0
1559.0,11,2,534,particulier,0
13924.0,23,2,1967,particulier,0
895.0,23,6,1248,particulier,0
18391.0,8,6,993,particulier,0
4211.0,22,7,1613,particulier,0
7618.0,23,2,977,particulier,0
6892.0,4,3,1509,particulier,0
5566.0,5,7,138,particulier,0
13529.0,21,4,818,agent,0
1313.0,6,3,1705,particulier,0
2884.0,17,8,1422,particulier,0
1596.0,17,2,1068,particulier,0
779.0,21,6,1509,particulier,0
1878.0,16,3,1770,facture,0
16182.0,20,3,395,particulier,0
2843.0,12,8,2166,particulier,0
17783.0,22,3,1412,agent,0
19399.0,22,0,1491,agent,0
42018.0,20,1,529,particulier,1
16642.0,10,2,854,particulier,0
24451.0,22,2,913,particulier,0
4343.0,8,2,795,particulier,0
4000.0,18,1,1106,particulier,0
4233.0,23,0,1988,facture,0
3295.0,22,1,422,particulier,0
3741.0,10,2,1504,particulier,0
6244.0,16,2,1407,particulier,0
2217.0,23,1,68,particulier,0
1021.0,21,2,698,particulier,0
4488.0,8,2,958,agent,0
1828.0,14,4,369,particulier,0
1996.0,22,1,398,particulier,0
2918.0,20,2,474,particulier,0
2401.0,8,4,340,particulier,0
8464.0,9,2,483,particulier,0
2859.0,8,3,1516,particulier,0
8834.0,22,7,454,particulier,0
3925.0,20,1,474,particulier,0
3056.0,22,1,427,particulier,0
3769.0,5,3,895,particulier,0
1099.0,10,4,1681,agent,0
4391.0,22,4,251,facture,0
6781.0,20,1,985,agent,0
7648.0,23,4,136,particulier,0
1044.0,21,3,1014,particulier,0
906.0,18,6,1098,particulier,0
2087.0,17,1,1110,particulier,0
10689.0,22,2,633,particulier,0
3975.0,19,4,1237,particulier,0
1705.0,23,6,1040,particulier,0
958.0,8,2,222,particulier,0
1842.0,10,2,1458,particulier,0
1739.0,8,5,1404,particulier,0
7297.0,9,1,1629,facture,0
7791.0,22,2,61,particulier,0
1350.0,21,1,700,particulier,0
6249.0,22,0,1970,facture,0
5728.0,16,3,687,particulier,0
1209.0,8,4,1811,particulier,0
3068.0,21,2,204,agent,0
4401.0,7,2,891,particulier,0
3785.0,8,3,250,agent,0
770.0,16,2,1465,particulier,0
3683.0,13,1,1842,particulier,0
5658.0,10,5,1927,agent,0
12615.0,21,3,1769,particulier,0
1866.0,20,8,252,particulier,0
2072.0,18,4,522,particulier,0
2759.0,18,4,2119,particulier,0
4220.0,9,4,1199,particulier,0
3578.0,21,4,1868,particulier,0
5506.0,9,1,246,particulier,0
1266.0,20,2,2107,particulier,0
4616.0,10,3,199,particulier,0
1753.0,21,7,2196,particulier,0
2917.0,10,4,1956,particulier,0
14070.0,16,5,842,particulier,0
1004.0,6,3,1194,particulier,0
2598.0,13,3,2073,particulier,0
1115.0,20,3,1226,particulier,0
3752.0,23,2,362,particulier,0
8030.0,13,1,344,particulier,0
3806.0,10,3,1952,particulier,0
2983.0,10,5,928,particulier,0
10190.0,17,1,1697,agent,0
4363.0,19,7,960,particulier,0
6612.0,23,2,1487,agent,0
6051.0,6,0,1636,particulier,0
286.0,17,5,1310,particulier,0
3087.0,21,1,1588,particulier,0
1318.0,7,2,47,particulier,0
1628.0,7,5,943,particulier,0
11538.0,10,2,1394,particulier,0
2396.0,8,2,1769,particulier,0
16460.0,23,6,1998,facture,0
996.0,19,2,531,particulier,0
1311.0,10,3,1366,agent,0
6298.0,11,3,453,particulier,0
2465.0,14,4,372,particulier,0
4278.0,22,2,488,particulier,0
2995.0,23,6,1536,particulier,0
2918.0,23,5,1671,particulier,0
2544.0,18,4,442,particulier,0
3837.0,19,5,355,particulier,0
5684.0,8,2,775,particulier,0
12994.0,21,7,1560,particulier,0
2773.0,8,2,1007,particulier,0
2358.0,23,1,1198,particulier,0
2113.0,20,3,498,particulier,0
11491.0,9,3,1917,agent,0
5924.0,11,6,704,agent,0
656.0,9,4,1126,particulier,0
632.0,4,3,1607,particulier,0
1627.0,6,2,836,particulier,0
4006.0,10,2,451,agent,0
3202.0,5,0,609,particulier,0
5103.0,22,5,1237,particulier,0
2838.0,6,5,1258,particulier,0
10805.0,20,0,1211,particulier,0
6351.0,10,4,222,particulier,0
3519.0,20,2,2060,particulier,0
8721.0,23,2,384,facture,0
811.0,20,3,946,particulier,0
3065.0,18,3,1674,particulier,0
3703.0,19,4,313,agent,0
5496.0,22,6,2106,particulier,0
767.0,7,8,1123,agent,0
2640.0,19,3,818,agent,0
4630.0,9,6,1849,particulier,0
4942.0,8,2,1832,particulier,0
9029.0,18,3,2170,particulier,0
6294.0,16,5,1162,agent,0
3128.0,10,1,1003,agent,0
5847.0,9,7,1517,particulier,0
2776.0,20,5,1306,particulier,0
3732.0,18,4,1118,particulier,0
6474.0,20,5,2144,particulier,0
3170.0,23,1,2030,particulier,0
4481.0,21,4,1414,particulier,0
7459.0,23,2,567,agent,0
6035.0,19,2,1366,particulier,0
9400.0,19,5,1003,agent,0
23841.0,21,1,1305,particulier,0
5988.0,9,4,2199,particulier,0
2226.0,7,4,1783,agent,0
5090.0,16,4,1060,particulier,0
4907.0,13,0,1962,particulier,0
5550.0,10,2,1922,agent,0
11740.0,23,4,760,agent,0
787.0,23,1,660,particulier,0
11929.0,16,3,24,particulier,0
15881.0,11,3,2030,facture,0
5339.0,7,3,1650,particulier,0
5450.0,19,2,1902,particulier,0
2683.0,18,4,256,facture,0
3312.0,15,2,2017,particulier,0
5963.0,9,3,857,agent,0
5645.0,23,3,1461,agent,0
6079.0,15,5,1909,facture,0
5612.0,8,0,2095,agent,0
7070.0,23,1,1041,particulier,0
6429.0,7,2,724,particulier,0
1379.0,8,4,73,particulier,0
6684.0,17,3,1382,particulier,0
15991.0,20,1,507,particulier,0
3221.0,8,6,1574,particulier,0
11785.0,22,8,1926,particulier,0
1511.0,21,5,1702,agent,0
3212.0,22,4,1786,particulier,0
1910.0,21,2,1456,particulier,0
10640.0,22,4,2017,particulier,0
13285.0,7,1,1957,particulier,0
3028.0,19,1,355,particulier,0
8914.0,18,2,1319,particulier,0
13400.0,22,3,1819,particulier,0
3204.0,19,1,534,particulier,0
3679.0,10,6,38,particulier,0
6146.0,23,6,593,particulier,0
1610.0,10,3,797,particulier,0
3618.0,21,4,451,particulier,0
20361.0,20,6,611,particulier,0
2154.0,23,2,60,particulier,0
6807.0,12,1,1650,agent,0
5142.0,21,8,1239,particulier,0
2866.0,5,3,1879,particulier,0
3977.0,22,2,1358,particulier,0
14614.0,7,2,1906,particulier,0
5274.0,11,2,738,particulier,0
6023.0,9,1,1830,particulier,0
12845.0,19,2,1505,facture,0
2576.0,17,2,2092,particulier,0
1353.0,23,4,46,agent,0
14811.0,20,5,1840,particulier,0
3700.0,7,4,506,particulier,0
7041.0,18,4,1683,particulier,0
1723.0,17,2,1407,facture,0
4584.0,22,7,1150,agent,0
1297.0,17,0,861,particulier,0
3478.0,23,4,443,particulier,0
1899.0,5,3,1000,particulier,0
1562.0,19,1,140,particulier,0
2546.0,19,2,710,particulier,0
469.0,14,3,1104,particulier,0
1229.0,16,2,246,particulier,0
6406.0,22,5,1838,particulier,0
4427.0,23,3,1595,particulier,0
1322.0,19,1,23,particulier,0
5248.0,19,2,1328,particulier,0
1562.0,6,4,2093,particulier,0
6086.0,15,5,1357,particulier,0
2986.0,6,2,428,particulier,0
2499.0,21,0,366,particulier,0
3049.0,16,2,720,particulier,0
29016.0,22,2,1338,particulier,0
1729.0,23,2,1526,particulier,0
3994.0,7,2,1342,particulier,0
6401.0,19,9,664,particulier,0
1454.0,22,5,1446,particulier,0
850.0,11,7,1834,facture,0
1976.0,22,4,747,particulier,0
6283.0,20,2,1520,particulier,0
2463.0,6,7,509,particulier,0
2707.0,16,2,1732,particulier,0
7145.0,9,2,250,particulier,0
1660.0,21,5,1562,particulier,0
3055.0,10,0,1223,particulier,0
910.0,5,2,569,particulier,0
4327.0,20,6,1574,particulier,0
4004.0,9,3,370,facture,0
6478.0,21,6,264,particulier,0
1245.0,12,6,554,particulier,0
2799.0,6,6,676,particulier,0
1111.0,20,3,2000,particulier,0
2673.0,20,7,1553,facture,0
11609.0,20,6,1659,agent,0
2508.0,19,1,333,particulier,0
1032.0,23,4,1988,particulier,0
1848.0,19,8,235,particulier,0
838.0,4,2,2043,agent,0
1095.0,11,4,387,facture,0
5827.0,21,6,377,particulier,0
964.0,8,2,1168,particulier,0
4296.0,20,3,790,agent,0
3367.0,4,6,439,particulier,0
2097.0,9,5,1350,agent,0
3997.0,8,5,1992,agent,0
1485.0,10,2,38,agent,0
6733.0,19,7,973,facture,0
1820.0,23,4,2189,agent,0
2372.0,16,2,201,agent,0
2144.0,20,2,948,particulier,0
5920.0,16,2,1985,agent,0
5233.0,17,5,361,particulier,0
355.0,9,1,2078,facture,0
4089.0,21,4,24,particulier,0
748.0,19,3,255,particulier,0
2465.0,10,6,611,particulier,0
3005.0,23,3,866,particulier,0
2442.0,20,2,572,particulier,0
5043.0,16,5,1569,particulier,0
6076.0,23,1,1345,particulier,0
1707.0,19,1,374,agent,0
1655.0,21,1,1657,particulier,0
3195.0,22,2,1353,agent,0
887.0,20,2,2121,particulier,0
2196.0,23,1,1670,particulier,0
10362.0,15,2,1857,facture,0
916.0,22,3,1457,particulier,0
2467.0,22,1,703,particulier,0
1991.0,23,2,618,particulier,0
18115.0,23,1,1810,particulier,0
2086.0,19,2,411,particulier,0
2191.0,18,4,2081,particulier,0
1372.0,6,4,2184,particulier,0
3321.0,3,4,216,agent,0
4145.0,10,4,1014,particulier,0
1552.0,9,4,2165,particulier,0
7634.0,20,2,1591,particulier,0
4148.0,20,2,1425,particulier,0
6796.0,21,4,2022,particulier,0
2493.0,22,3,467,particulier,0
4051.0,22,4,1760,facture,0
2749.0,23,4,2049,facture,0
11373.0,8,2,387,agent,0
3637.0,20,8,256,agent,0
3319.0,12,4,2016,particulier,0
2232.0,9,2,1014,particulier,0
2125.0,20,2,1872,particulier,0
4032.0,21,3,1278,facture,0
6612.0,22,7,1833,particulier,0
1841.0,23,9,1042,particulier,0
3669.0,7,3,538,particulier,0
3853.0,11,4,1036,facture,0
4468.0,18,2,102,particulier,0
772.0,21,6,80,agent,0
1501.0,10,1,1553,particulier,0
1032.0,20,5,247,agent,0
3388.0,12,6,1406,particulier,0
1532.0,18,3,324,particulier,0
2161.0,19,5,135,particulier,0
1194.0,20,5,1592,particulier,0
2338.0,21,2,103,particulier,0
1267.0,20,2,747,agent,0
6274.0,22,3,634,particulier,0
4951.0,14,3,1634,agent,0
3743.0,8,3,1376,particulier,0
2549.0,23,4,1703,particulier,0
583.0,12,1,1243,particulier,0
2232.0,20,4,1431,agent,0
1725.0,8,4,1396,particulier,0
4065.0,20,4,1111,particulier,0
5579.0,9,8,1411,facture,0
4341.0,22,0,253,agent,0
9639.0,23,3,490,particulier,0
2032.0,10,3,371,agent,0
1962.0,21,4,2172,particulier,0
7960.0,11,0,1776,particulier,0
3794.0,11,5,1992,agent,0
2671.0,21,3,1464,agent,0
15828.0,23,5,1195,particulier,0
5383.0,12,3,1550,particulier,0
2802.0,6,2,63,particulier,0
1839.0,20,3,1595,particulier,0
10173.0,12,3,701,particulier,0
3928.0,8,2,2121,particulier,0
3364.0,15,2,144,particulier,0
5854.0,8,3,2093,particulier,0
6961.0,19,3,1501,particulier,0
5257.0,23,1,415,agent,0
6984.0,9,1,1015,particulier,0
4835.0,11,2,2057,particulier,0
5280.0,19,5,74,particulier,0
1769.0,22,3,2026,particulier,0
15349.0,21,4,707,particulier,0
1154.0,23,1,1811,particulier,0
4285.0,21,3,36,particulier,0
1058.0,19,4,41,particulier,0
3031.0,23,4,1231,particulier,0
2027.0,19,5,1437,particulier,0
3697.0,9,6,885,facture,0
4405.0,10,2,208,particulier,0
1461.0,20,2,1727,particulier,0
3213.0,21,1,507,particulier,0
10771.0,8,3,2092,particulier,0
1080.0,23,1,603,particulier,0
1594.0,23,1,1324,particulier,0
6848.0,22,5,381,facture,0
3519.0,9,6,763,particulier,0
3746.0,16,4,1642,agent,0
7855.0,13,2,1890,particulier,0
1677.0,9,5,353,particulier,0
2119.0,6,2,701,agent,0
1908.0,8,3,580,particulier,0
2450.0,7,4,1181,agent,0
10287.0,6,6,1093,particulier,0
776.0,14,1,2076,particulier,0
1194.0,15,3,840,agent,0
1032.0,18,2,2092,particulier,0
10845.0,19,5,798,particulier,0
1954.0,23,2,1109,particulier,0
2496.0,10,1,134,particulier,0
835.0,19,4,166,particulier,0
2636.0,19,6,680,particulier,0
6881.0,22,2,549,agent,0
4085.0,8,1,1483,particulier,0
3006.0,22,2,920,particulier,0
871.0,19,7,75,particulier,0
2493.0,20,4,1129,agent,0
3733.0,8,5,1894,particulier,0
1418.0,5,5,2130,particulier,0
5748.0,23,6,186,agent,0
6991.0,19,3,2155,particulier,0
2102.0,8,3,1915,particulier,0
6106.0,19,9,1578,particulier,0
3001.0,3,5,389,particulier,0
8735.0,6,5,1175,agent,0
18565.0,23,2,1041,particulier,0
1300.0,5,2,1344,particulier,0
6336.0,21,4,91,particulier,0
9989.0,9,3,1946,particulier,0
1444.0,18,0,2027,agent,0
2021.0,12,4,357,particulier,0
2001.0,18,3,1514,particulier,0
2943.0,22,6,6,facture,0
2434.0,18,3,1877,agent,0
2783.0,10,6,44,facture,0
6716.0,7,5,522,particulier,0
658.0,10,2,915,agent,0
1440.0,8,1,1735,particulier,0
5822.0,23,3,883,particulier,0
5270.0,5,1,491,particulier,0
1340.0,23,1,658,particulier,0
5302.0,19,1,1794,particulier,0
10177.0,18,1,944,particulier,0
3160.0,7,2,1150,facture,0
1399.0,19,4,1703,agent,0
6931.0,19,3,406,particulier,0
14251.0,21,1,612,agent,0
1551.0,22,2,1020,particulier,0
3406.0,23,2,1482,agent,0
8322.0,8,4,149,particulier,0
3634.0,11,6,1390,particulier,0
746.0,7,5,488,particulier,0
4803.0,20,4,2147,particulier,0
1434.0,12,1,838,agent,0
1119.0,17,2,1307,particulier,0
759.0,8,4,432,agent,0
9062.0,21,2,1011,particulier,0
1621.0,21,3,397,particulier,0
4374.0,23,3,158,facture,0
5389.0,14,5,693,particulier,0
3780.0,14,6,1918,particulier,0
4239.0,18,1,312,agent,0
4555.0,11,6,806,particulier,0
3705.0,19,5,376,agent,0
1727.0,23,3,1730,particulier,0
1600.0,10,4,210,agent,0
3013.0,9,4,1488,particulier,0
2959.0,5,6,901,facture,0
4745.0,16,3,1080,particulier,0
8403.0,10,4,1948,particulier,0
4413.0,12,3,642,agent,0
1654.0,17,4,988,agent,0
516.0,22,2,472,particulier,0
1714.0,21,2,1211,particulier,0
1051.0,22,3,914,particulier,0
1771.0,5,4,1848,particulier,0
4048.0,12,2,1721,particulier,0
3539.0,20,4,1246,particulier,0
15986.0,23,2,564,particulier,0
4967.0,9,2,1473,particulier,0
16694.0,19,5,475,particulier,0
6050.0,12,1,921,particulier,0
8290.0,22,2,426,particulier,0
2428.0,6,5,1943,facture,0
1322.0,20,2,733,particulier,0
2249.0,20,3,1755,particulier,0
3261.0,23,2,311,particulier,0
1932.0,17,4,1314,agent,0
1407.0,23,0,2091,particulier,0
4695.0,20,3,131,particulier,0
1402.0,20,4,1572,agent,0
895.0,8,2,1647,particulier,0
1269.0,22,2,1590,particulier,0
2699.0,19,7,1809,particulier,0
1419.0,21,6,1051,particulier,0
2714.0,12,1,1165,particulier,0
5488.0,19,4,649,particulier,0
5368.0,9,0,373,particulier,0
1879.0,14,0,1871,agent,0
1088.0,20,3,728,agent,0
2020.0,16,4,1222,particulier,0
5752.0,19,6,744,particulier,0
7015.0,9,1,654,agent,0
4447.0,23,3,207,facture,0
9147.0,17,4,55,facture,0
14326.0,11,2,377,particulier,0
2185.0,3,4,1488,particulier,0
11656.0,22,0,662,particulier,0
2640.0,19,5,1599,particulier,0
7839.0,22,3,1886,particulier,0
6017.0,9,0,1809,facture,0
614.0,16,3,356,agent,0
1449.0,20,3,1144,particulier,0
1167.0,15,6,498,particulier,0
724.0,7,4,318,particulier,0
6956.0,23,4,1017,particulier,0
19119.0,9,4,552,particulier,0
2646.0,19,5,1569,particulier,0
6809.0,8,5,982,particulier,0
11637.0,21,5,1450,particulier,0
3933.0,23,3,1275,particulier,0
3224.0,11,2,1778,particulier,0
2674.0,21,5,808,particulier,0
5203.0,16,3,758,agent,0
6929.0,7,3,679,agent,0
4878.0,18,2,1204,particulier,0
4738.0,21,5,926,agent,0
3154.0,18,3,366,particulier,0
851.0,6,3,1690,agent,0
7066.0,22,2,940,particulier,0
1106.0,20,4,1478,particulier,0
5577.0,18,2,1760,particulier,0
6263.0,22,1,1706,agent,0
1250.0,9,1,673,agent,0
1965.0,8,2,942,particulier,0
19995.0,21,9,1420,particulier,1
3079.0,21,2,1772,particulier,0
1168.0,17,0,1997,particulier,0
6508.0,23,5,775,particulier,0
1708.0,15,3,896,particulier,0
644.0,23,4,2005,particulier,0
5125.0,21,2,469,agent,0
1512.0,15,3,1825,particulier,0
4329.0,5,7,1202,particulier,0
1651.0,20,3,2140,particulier,0
6010.0,11,2,963,particulier,0
3851.0,11,3,1938,agent,0
365.0,7,5,2114,facture,0
4558.0,20,2,1130,agent,0
2575.0,17,2,2046,facture,0
10984.0,21,1,1734,facture,0
4610.0,20,4,537,agent,0
6265.0,23,3,380,particulier,0
1801.0,23,4,1105,particulier,0
1683.0,23,4,1600,particulier,0
3223.0,23,3,1769,particulier,0
2425.0,6,5,1709,agent,0
10273.0,20,3,255,particulier,0
2892.0,14,0,939,facture,0
1163.0,21,1,154,particulier,0
1630.0,7,4,762,particulier,0
7482.0,12,3,756,agent,0
2858.0,19,5,401,particulier,0
2731.0,21,4,2189,particulier,0
8112.0,19,0,1230,particulier,0
1514.0,21,4,221,facture,0
493.0,19,4,2083,particulier,0
1596.0,23,2,1874,particulier,0
4047.0,21,5,337,particulier,0
2665.0,21,2,478,particulier,0
874.0,19,3,1808,facture,0
7814.0,19,3,1139,particulier,0
3786.0,18,5,906,facture,0
4586.0,23,3,757,particulier,0
4706.0,10,1,912,agent,0
1093.0,21,3,926,agent,0
4262.0,17,4,1897,particulier,0
7125.0,18,5,215,facture,0
8684.0,11,5,1626,particulier,0
6082.0,7,3,1426,particulier,0
5096.0,21,1,1681,facture,0
752.0,23,5,1257,particulier,0
3253.0,16,2,590,particulier,0
1461.0,8,2,1072,particulier,0
9797.0,22,3,934,particulier,0
8611.0,19,3,1085,particulier,0
1469.0,19,2,1764,agent,0
3168.0,23,2,310,particulier,0
4069.0,8,4,1305,agent,0
7085.0,20,3,544,agent,0
793.0,18,7,1447,particulier,0
504.0,11,6,813,particulier,0
3403.0,9,4,1331,particulier,0
383.0,23,3,911,particulier,0
3770.0,19,1,698,agent,0
5450.0,9,2,1947,agent,0
9421.0,8,7,1462,particulier,0
1941.0,19,6,516,particulier,0
3778.0,23,3,474,particulier,0
5732.0,21,5,1081,particulier,0
1213.0,11,3,1686,particulier,0
7173.0,21,4,296,particulier,0
4160.0,22,0,416,particulier,0
1969.0,22,4,1569,particulier,0
3715.0,6,3,268,agent,0
2927.0,18,3,503,agent,0
6394.0,20,1,671,particulier,0
2425.0,9,3,1547,particulier,0
3996.0,7,2,502,particulier,0
1943.0,15,2,1699,particulier,0
1485.0,18,6,315,agent,0
3812.0,16,4,487,particulier,0
1537.0,19,4,1933,particulier,0
6506.0,19,8,568,particulier,0
5450.0,21,6,1064,particulier,0
1719.0,9,3,1189,particulier,0
3951.0,21,4,1705,agent,0
1713.0,9,5,771,particulier,0
842.0,13,5,1649,particulier,0
1983.0,20,3,1871,particulier,0
3157.0,14,2,329,particulier,0
5132.0,7,1,558,agent,0
3741.0,10,3,804,facture,0
7126.0,21,3,1645,agent,0
1431.0,22,3,2030,agent,0
2392.0,8,5,628,particulier,0
13329.0,21,5,1937,facture,0
638.0,5,2,19,particulier,0
2244.0,21,6,1314,particulier,0
1325.0,18,8,388,agent,0
2790.0,22,2,2023,particulier,0
2277.0,20,4,2080,particulier,0
5496.0,8,6,616,particulier,0
4094.0,17,1,669,particulier,0
1086.0,21,4,101,particulier,0
1998.0,19,4,985,particulier,0
3294.0,18,5,415,particulier,0
6176.0,22,1,71,agent,0
26056.0,20,3,446,particulier,0
5987.0,23,2,687,particulier,0
1393.0,10,5,1696,facture,0
3042.0,8,7,1913,particulier,0
3842.0,23,5,1827,particulier,0
2119.0,10,2,1417,facture,0
4913.0,9,1,1749,particulier,0
478.0,13,2,1602,particulier,0
5272.0,7,5,926,agent,0
2197.0,22,10,345,particulier,0
3001.0,21,1,513,particulier,0
11451.0,9,3,1886,particulier,0
1127.0,9,5,661,agent,0
4154.0,20,4,681,agent,0
6469.0,20,2,1073,particulier,0
3808.0,20,0,1900,facture,0
835.0,21,4,1438,agent,0
10382.0,7,3,1399,particulier,0
2753.0,21,3,908,particulier,0
2104.0,20,5,361,agent,0
2530.0,9,2,858,particulier,0
2381.0,21,6,760,facture,0
1198.0,17,2,1294,particulier,0
3790.0,21,2,87,particulier,0
1983.0,18,4,312,agent,0
5827.0,20,3,2008,facture,0
5115.0,22,3,1292,particulier,0
13119.0,8,4,1311,particulier,0
2752.0,23,3,1610,particulier,0
1664.0,10,4,1756,particulier,0
945.0,19,1,141,particulier,0
21255.0,10,3,393,particulier,0
5784.0,9,6,1895,particulier,0
1829.0,10,0,1847,agent,0
13894.0,21,3,1219,particulier,0
10433.0,20,2,943,particulier,0
1045.0,6,4,666,particulier,0
1736.0,7,6,567,agent,0
2944.0,10,1,2047,particulier,0
1327.0,19,1,1545,particulier,0
3035.0,23,1,2197,agent,0
6034.0,18,2,1631,facture,0
1025.0,23,0,1507,particulier,0
4226.0,12,3,2073,particulier,0
8895.0,15,3,554,particulier,0
4629.0,21,6,797,particulier,0
3089.0,22,4,120,particulier,0
1867.0,10,2,2030,agent,0
6676.0,18,3,825,particulier,0
1212.0,21,5,2106,particulier,0
4050.0,9,1,619,particulier,0
3367.0,9,5,1820,particulier,0
8576.0,20,3,125,particulier,0
2008.0,17,3,326,particulier,0
2158.0,23,2,1624,particulier,0
1146.0,20,3,903,particulier,0
4778.0,21,4,1682,particulier,0
2298.0,23,3,1321,particulier,0
1583.0,23,4,1768,particulier,0
1717.0,22,2,1640,particulier,0
5201.0,12,5,314,particulier,0
1290.0,13,5,707,particulier,0
1391.0,22,4,804,agent,0
7058.0,22,3,592,particulier,0
2861.0,20,5,577,facture,0
7421.0,23,5,536,agent,0
2427.0,22,3,346,particulier,0
3291.0,15,2,847,particulier,0
3763.0,10,5,424,particulier,0
10713.0,10,2,2155,agent,0
9997.0,8,5,1929,particulier,0
8780.0,16,3,534,particulier,0
1930.0,8,4,597,particulier,0
1424.0,20,5,500,agent,0
6290.0,10,2,1653,agent,0
10617.0,19,1,1756,facture,0
8852.0,10,1,1079,agent,0
3331.0,19,1,537,particulier,0
6116.0,20,4,1112,particulier,0
6208.0,22,3,517,particulier,0
3739.0,21,2,2073,agent,0
3880.0,8,3,1160,particulier,0
3581.0,21,5,1296,particulier,0
1686.0,7,3,750,agent,0
1839.0,9,4,1410,agent,0
1815.0,16,6,481,particulier,0
846.0,6,6,2029,particulier,0
3720.0,10,2,209,agent,0
3183.0,23,4,1166,agent,0
6296.0,17,2,345,particulier,0
9620.0,20,4,787,particulier,0
10154.0,22,5,50,particulier,0
11000.0,9,3,516,particulier,0
1731.0,22,1,499,agent,0
975.0,13,3,2019,particulier,0
7267.0,10,2,1489,particulier,0
10666.0,23,4,857,particulier,0
12365.0,9,1,399,agent,0
4975.0,5,0,1336,agent,0
604.0,18,3,818,particulier,0
4495.0,23,2,124,agent,0
5282.0,10,0,1416,particulier,0
9550.0,23,4,669,agent,0
11105.0,22,4,96,particulier,0
7138.0,7,0,1898,particulier,0
2000.0,19,2,1897,particulier,0
1374.0,21,3,1356,particulier,0
5187.0,9,5,1442,particulier,0
1680.0,20,5,1121,particulier,0
11543.0,22,1,2011,particulier,0
774.0,23,3,1162,facture,0
5334.0,21,3,2176,particulier,0
4323.0,19,4,1257,agent,0
2763.0,7,2,1910,particulier,0
1501.0,15,5,669,agent,0
571.0,18,4,1593,particulier,0
2097.0,10,0,1611,particulier,0
2129.0,7,2,1984,particulier,0
8476.0,10,4,1029,agent,0
1694.0,23,3,1084,facture,0
4841.0,23,2,958,particulier,0
1098.0,10,3,1382,agent,0
4955.0,10,1,1626,particulier,0
492.0,10,1,623,agent,0
19555.0,22,1,841,particulier,0
2922.0,7,8,1750,particulier,0
306.0,7,4,1561,particulier,0
1790.0,20,4,1140,particulier,0
1565.0,18,5,892,particulier,0
1887.0,22,2,1052,particulier,0
2416.0,8,2,385,particulier,0
1876.0,20,9,2037,agent,0
1646.0,19,1,1476,particulier,0
1230.0,23,2,183,agent,0
6624.0,5,1,2172,particulier,0
9145.0,22,3,547,particulier,0
2653.0,9,4,363,particulier,0
3245.0,23,1,209,particulier,0
1265.0,19,3,1224,particulier,0
3499.0,17,4,306,particulier,0
4006.0,16,1,494,particulier,0
2734.0,9,3,147,particulier,0
4613.0,16,6,770,agent,0
4283.0,9,6,689,particulier,0
1345.0,9,2,17,particulier,0
9082.0,7,4,1020,particulier,0
2761.0,9,1,1973,particulier,0
13687.0,23,2,1440,particulier,0
4710.0,9,4,783,particulier,0
17594.0,16,1,854,particulier,0
8946.0,13,4,2048,facture,0
3996.0,23,1,256,facture,0
1782.0,14,1,1149,particulier,0
1815.0,10,6,1088,agent,0
5183.0,5,1,1316,particulier,0
3721.0,17,8,1718,particulier,0
1997.0,21,2,26,facture,0
6688.0,18,1,1669,agent,0
3405.0,11,2,1501,particulier,0
6722.0,22,7,509,particulier,0
1438.0,21,2,1851,particulier,0
7704.0,4,2,52,agent,1
5043.0,18,2,753,particulier,0
9117.0,20,4,830,particulier,0
7561.0,7,3,105,particulier,0
3065.0,11,4,360,agent,0
2862.0,21,2,1696,facture,0
14997.0,18,4,728,particulier,0
2573.0,11,4,220,agent,0
6224.0,20,0,1384,agent,0
2382.0,23,4,829,facture,0
677.0,23,1,211,particulier,0
1161.0,22,2,850,facture,0
4652.0,6,3,1789,particulier,0
5979.0,10,4,145,agent,0
4665.0,10,4,1147,particulier,0
8726.0,19,5,2065,particulier,0
4594.0,20,4,1794,particulier,0
1705.0,19,2,378,particulier,0
5460.0,10,0,761,agent,0
3805.0,22,2,1544,particulier,0
2020.0,9,3,1363,particulier,0
4923.0,19,5,502,particulier,0
3524.0,21,6,1364,facture,0
1970.0,20,6,61,particulier,0
2832.0,21,4,409,agent,0
10955.0,20,2,426,particulier,0
10655.0,18,7,1845,particulier,0
3866.0,23,4,1097,particulier,0
3459.0,23,2,1313,particulier,0
974.0,18,5,1674,particulier,0
14207.0,8,1,388,agent,0
7950.0,5,5,1654,particulier,0
6243.0,23,2,1739,facture,0
477.0,23,3,1845,particulier,0
3411.0,6,4,1690,particulier,0
2957.0,12,3,99,agent,0
5886.0,9,3,980,agent,0
2245.0,16,4,625,agent,0
2706.0,9,3,985,particulier,0
5578.0,4,2,111,particulier,0
1707.0,23,5,492,particulier,0
2022.0,17,3,2174,particulier,0
3883.0,7,3,552,particulier,0
10278.0,10,5,646,particulier,0
6550.0,22,1,1347,particulier,0
8218.0,6,4,1687,particulier,0
3477.0,20,5,1850,particulier,0
11741.0,11,3,459,particulier,0
750.0,23,3,1872,particulier,0
18378.0,19,1,1025,facture,0
20517.0,23,2,1492,particulier,0
4857.0,20,7,903,agent,0
6684.0,10,2,1245,particulier,0
3190.0,10,1,1201,particulier,0
2757.0,22,2,1071,particulier,0
1960.0,21,4,1258,particulier,0
3160.0,23,4,742,particulier,0
5285.0,23,1,456,particulier,0
4707.0,14,6,1218,particulier,0
17830.0,20,5,300,particulier,0
3588.0,23,3,2054,particulier,0
929.0,7,2,451,agent,0
13329.0,9,2,1436,particulier,0
1167.0,21,5,535,agent,0
2048.0,10,5,2046,agent,0
4150.0,18,6,2153,agent,0
4697.0,18,4,724,particulier,0
964.0,22,4,550,agent,0
1747.0,21,1,417,particulier,0
936.0,22,2,1815,particulier,0
5588.0,9,6,1482,particulier,0
9008.0,10,5,293,facture,0
1166.0,22,4,1174,agent,0
7680.0,9,4,1468,particulier,0
7267.0,14,5,1048,particulier,0
1881.0,8,4,360,particulier,0
611.0,19,4,1778,agent,0
1325.0,19,2,1628,particulier,0
1986.0,14,1,1896,particulier,0
12215.0,11,3,574,agent,0
2979.0,22,1,2103,particulier,0
1400.0,8,3,1027,particulier,0
3736.0,12,2,154,facture,0
1095.0,20,4,499,particulier,0
5101.0,12,2,611,particulier,0
1435.0,8,2,1411,particulier,0
1624.0,23,3,1927,particulier,0
4533.0,6,3,1998,particulier,0
14584.0,21,2,247,particulier,0
21335.0,22,4,1324,particulier,0
1361.0,16,3,887,agent,0
1984.0,22,8,355,particulier,0
5106.0,21,3,1921,facture,0
8897.0,17,1,848,particulier,0
523.0,19,2,1977,particulier,0
3548.0,21,5,1361,particulier,0
2177.0,21,5,1299,particulier,0
642.0,23,2,418,particulier,0
1057.0,23,2,207,particulier,0
2033.0,20,2,441,particulier,0
3463.0,18,4,435,particulier,0
7761.0,9,2,1670,particulier,0
4452.0,4,6,559,particulier,0
7372.0,12,3,571,particulier,0
3370.0,22,4,1627,particulier,0
1809.0,9,6,963,particulier,0
2818.0,20,3,685,particulier,0
5950.0,7,2,1999,agent,0
7924.0,18,4,1685,agent,0
2905.0,10,4,1159,agent,0
1496.0,8,1,286,facture,0
4382.0,13,6,354,particulier,0
4946.0,11,8,705,agent,0
9394.0,18,0,64,particulier,0
1850.0,21,5,1985,particulier,0
1868.0,22,5,1759,particulier,0
6265.0,21,6,624,particulier,0
2330.0,6,3,51,particulier,0
2248.0,8,2,176,particulier,0
9566.0,7,3,1465,particulier,0
1027.0,10,3,602,particulier,0
18916.0,19,2,999,agent,0
1957.0,7,3,1249,facture,0
6882.0,13,2,1897,particulier,0
3003.0,10,0,2178,particulier,0
4149.0,22,1,431,particulier,0
2635.0,19,4,1426,particulier,0
6823.0,17,3,2003,particulier,0
2452.0,20,4,776,particulier,0
2024.0,19,1,398,particulier,0
15388.0,19,1,310,particulier,0
3378.0,15,5,623,particulier,0
1855.0,17,4,1274,particulier,0
928.0,22,5,1435,agent,0
16087.0,7,2,1434,facture,0
2061.0,23,4,1246,particulier,0
19007.0,19,6,1527,particulier,0
4624.0,22,4,1004,particulier,0
3720.0,20,4,1210,particulier,0
3806.0,22,1,1650,agent,0
21667.0,9,4,2008,particulier,0
511.0,21,5,439,facture,0
3953.0,23,2,1734,particulier,0
2630.0,22,3,895,agent,0
2749.0,19,4,896,particulier,0
3740.0,9,1,2036,particulier,0
2627.0,20,8,2135,particulier,0
3866.0,22,2,1520,particulier,0
3229.0,11,1,2064,particulier,0
1079.0,11,6,720,particulier,0
4556.0,21,1,1608,particulier,0
6055.0,10,1,2129,agent,0
2078.0,23,0,1787,particulier,0
16118.0,20,3,13,particulier,1
10252.0,9,3,806,agent,0
6750.0,8,6,172,particulier,0
6681.0,21,3,460,facture,0
3380.0,21,2,1084,particulier,0
8692.0,23,3,2079,facture,0
12521.0,9,4,99,particulier,0
6547.0,19,3,111,particulier,0
2029.0,10,3,1475,facture,0
3185.0,20,4,922,agent,0
5365.0,6,1,1457,agent,0
6715.0,11,2,1894,agent,0
3084.0,20,5,143,particulier,0
2035.0,17,5,200,agent,0
12665.0,23,2,836,particulier,0
1324.0,23,2,557,particulier,0
1480.0,19,2,998,particulier,0
1066.0,9,3,253,particulier,0
1477.0,21,1,422,particulier,0
9511.0,23,1,148,particulier,0
9786.0,17,7,436,particulier,0
3094.0,20,2,572,agent,0
5023.0,22,4,1645,particulier,0
3265.0,7,2,175,particulier,0
1196.0,10,3,359,particulier,0
21707.0,20,6,301,agent,1
10599.0,9,4,1955,particulier,0
4453.0,21,2,1247,particulier,0
1592.0,8,2,2121,particulier,0
2721.0,18,3,139,facture,0
1829.0,21,1,1317,particulier,0
3579.0,9,2,682,agent,0
4287.0,18,3,253,particulier,0
2465.0,13,2,912,particulier,0
957.0,8,6,2105,particulier,0
20176.0,23,1,1580,particulier,0
4032.0,21,3,1333,particulier,0
4857.0,22,4,535,agent,0
2301.0,22,3,536,facture,0
873.0,14,1,2013,particulier,0
3069.0,21,4,1710,particulier,0
2503.0,19,2,1586,particulier,0
6022.0,23,2,1516,agent,0
7116.0,22,2,1453,particulier,0
6312.0,23,1,1793,particulier,0
7631.0,22,2,501,particulier,0
15262.0,12,6,1942,particulier,0
4589.0,23,3,85,particulier,0
8386.0,20,3,2044,agent,0
5013.0,5,2,2110,particulier,0
655.0,18,0,1005,facture,0
2889.0,23,8,486,particulier,0
1576.0,20,5,1984,agent,0
4011.0,22,2,40,particulier,0
1682.0,8,3,456,agent,0
5513.0,21,3,405,particulier,0
7585.0,20,3,633,agent,0
9164.0,20,3,1171,agent,0
13048.0,16,0,940,particulier,0
793.0,21,4,1986,facture,0
1189.0,21,4,215,agent,0
39682.0,16,2,839,agent,1
7771.0,18,3,1675,particulier,0
3987.0,21,4,861,particulier,0
3385.0,11,1,802,particulier,0
3139.0,10,3,1137,particulier,0
637.0,9,8,934,particulier,0
1709.0,7,3,750,agent,0
2996.0,19,2,1385,agent,0
1793.0,7,4,1809,particulier,0
2003.0,12,5,1956,agent,0
28996.0,19,2,186,agent,1
2660.0,20,1,2149,agent,0
4173.0,23,2,874,particulier,0
4049.0,20,5,1855,particulier,0
5437.0,23,0,1613,facture,0
2196.0,23,2,1250,particulier,0
9508.0,21,5,1923,particulier,0
4803.0,11,2,584,particulier,0
1103.0,23,2,71,particulier,0
3007.0,22,0,2050,particulier,0
2846.0,22,2,1671,particulier,0
2737.0,9,2,783,agent,0
5079.0,12,3,988,particulier,0
5651.0,18,6,424,particulier,0
5111.0,10,2,265,particulier,0
4394.0,12,0,1409,particulier,0
3543.0,12,5,1449,particulier,0
529.0,12,2,844,agent,0
6382.0,18,0,280,particulier,0
4990.0,20,2,1839,particulier,0
1426.0,11,5,1602,particulier,0
4182.0,9,0,2149,particulier,0
5714.0,18,3,1797,particulier,0
8916.0,19,1,1792,particulier,0
5084.0,23,1,1201,particulier,0
4330.0,19,6,597,particulier,0
7367.0,16,3,1526,particulier,0
2539.0,18,2,1667,particulier,0
4676.0,23,1,1100,agent,0
1943.0,20,5,174,particulier,0
8465.0,18,3,516,particulier,0
839.0,16,1,573,particulier,0
6596.0,21,4,639,agent,0
3344.0,21,5,1996,particulier,0
7484.0,22,4,1525,particulier,0
1697.0,23,4,1953,particulier,0
3556.0,18,6,209,agent,0
3469.0,20,7,1504,particulier,0
4764.0,5,3,755,particulier,0
1352.0,19,2,2116,facture,0
5658.0,16,4,1038,particulier,0
686.0,22,5,587,particulier,0
1867.0,19,2,1624,particulier,0
873.0,18,5,1213,particulier,0
6661.0,18,4,1488,agent,0
4629.0,11,4,2083,particulier,0
4854.0,23,4,1329,particulier,0
11524.0,9,3,81,particulier,0
2519.0,8,3,55,particulier,0
5531.0,23,3,504,particulier,0
3485.0,8,2,1643,particulier,0
3062.0,9,7,1620,particulier,0
10003.0,17,4,2164,particulier,0
19334.0,23,4,1595,particulier,0
2283.0,20,3,1240,facture,0
6692.0,16,0,1665,agent,0
4321.0,18,3,1873,agent,0
4365.0,19,4,292,particulier,0
4065.0,22,3,1431,particulier,0
2482.0,17,5,777,particulier,0
156.0,23,1,308,particulier,0
12144.0,10,0,784,particulier,0
1825.0,23,3,660,particulier,0
2683.0,8,2,1080,agent,0
2732.0,21,1,593,particulier,0
1692.0,18,4,360,agent,0
4041.0,22,5,1244,agent,0
3173.0,20,2,1728,particulier,0
1792.0,20,3,108,particulier,0
3740.0,20,5,833,facture,0
3203.0,11,2,1961,facture,0
7249.0,23,4,1746,agent,0
1054.0,21,3,569,particulier,0
1661.0,23,2,1246,particulier,0
6103.0,11,5,2076,particulier,0
1913.0,7,1,1283,particulier,0
1529.0,20,1,110,particulier,0
1995.0,17,3,1249,facture,0
3023.0,11,1,1751,particulier,0
3033.0,12,7,1035,particulier,0
2756.0,7,5,710,particulier,0
1374.0,7,1,2071,particulier,0
6356.0,18,4,1833,particulier,0
10171.0,23,3,1587,particulier,0
649.0,23,5,783,particulier,0
880.0,23,4,952,particulier,0
7727.0,7,3,67,agent,0
12511.0,21,4,1987,facture,0
539.0,23,6,293,agent,0
6589.0,7,4,532,agent,0
13256.0,23,3,1428,particulier,0
1583.0,23,1,1221,particulier,0
12616.0,10,6,1317,particulier,0
2832.0,21,5,459,particulier,0
4305.0,15,1,1260,particulier,0
1788.0,21,5,1562,particulier,0
7715.0,20,5,742,particulier,0
6696.0,21,4,862,particulier,0
14271.0,8,2,1442,particulier,0
11209.0,19,2,1758,agent,0
3269.0,19,2,1577,particulier,0
46264.0,19,2,754,agent,1
10386.0,12,5,477,agent,0
5216.0,19,3,639,particulier,0
1412.0,10,4,144,agent,0
897.0,23,3,1756,agent,0
965.0,11,3,109,agent,0
1490.0,15,2,1738,particulier,0
10622.0,8,3,976,agent,0
4984.0,19,2,237,particulier,0
1956.0,8,7,1187,particulier,0
2935.0,19,3,40,particulier,0
2646.0,14,1,932,particulier,0
6503.0,9,1,30,particulier,0
1561.0,21,5,1073,particulier,0
4435.0,10,2,1719,agent,0
4252.0,16,2,440,particulier,0
1601.0,8,4,1728,agent,0
12706.0,19,5,237,particulier,0
2563.0,23,6,1000,particulier,0
1417.0,9,4,1044,agent,0
6802.0,8,1,2176,agent,0
3451.0,8,3,143,particulier,0
4662.0,4,5,2013,particulier,0
1204.0,18,1,666,agent,0
6572.0,7,4,810,particulier,0
20880.0,20,3,1063,particulier,0
1126.0,19,4,1799,particulier,0
4452.0,9,1,188,particulier,0
1690.0,20,3,1797,particulier,0
32408.0,10,2,986,particulier,0
9449.0,8,4,1266,particulier,0
4187.0,11,3,1039,agent,0
1160.0,22,6,1875,particulier,0
1425.0,6,2,9,particulier,0
6213.0,22,5,1688,particulier,0
1035.0,17,2,1925,agent,0
1063.0,10,1,327,particulier,0
3319.0,6,1,1525,particulier,0
3690.0,20,7,997,particulier,0
4551.0,7,4,747,particulier,0
2267.0,8,3,1262,particulier,0
7202.0,19,6,1383,particulier,0
1584.0,23,5,1507,agent,0
5612.0,7,4,672,particulier,0
3952.0,23,4,1666,agent,0
5489.0,23,3,1079,particulier,0
8997.0,21,2,578,particulier,0
2237.0,8,0,492,particulier,0
1878.0,6,1,104,agent,0
784.0,11,3,513,particulier,0
592.0,6,3,1919,facture,0
2837.0,10,3,1248,facture,0
3007.0,22,6,2127,agent,0
1309.0,20,3,1784,particulier,0
1571.0,19,3,127,particulier,0
12027.0,23,5,1817,particulier,0
6936.0,22,5,1032,facture,0
1127.0,20,1,563,particulier,0
2262.0,19,4,1302,particulier,0
4652.0,23,4,2000,particulier,0
1934.0,20,2,86,particulier,0
1657.0,23,3,1370,agent,0
2471.0,18,6,344,particulier,0
8325.0,8,4,1149,particulier,0
8993.0,10,2,2005,agent,0
1763.0,10,2,317,particulier,0
4873.0,21,1,486,facture,0
3277.0,18,2,183,particulier,0
1398.0,9,3,1606,agent,0
2559.0,23,2,353,particulier,0
1125.0,20,2,1793,particulier,0
8854.0,19,6,872,agent,0
12328.0,15,4,411,particulier,0
2324.0,23,2,1019,particulier,0
1897.0,16,1,470,particulier,0
8074.0,20,6,2135,particulier,0
9262.0,16,3,1640,particulier,0
1278.0,23,2,1560,particulier,0
2905.0,8,5,197,particulier,0
3133.0,21,7,526,particulier,0
1711.0,7,4,1864,agent,0
4574.0,20,3,220,agent,0
1817.0,8,1,319,particulier,0
2081.0,9,4,204,particulier,0
3023.0,22,6,1029,particulier,0
929.0,18,6,877,particulier,0
574.0,8,6,701,particulier,0
7191.0,8,4,1160,particulier,0
1756.0,23,3,681,particulier,0
20224.0,23,0,295,agent,0
17607.0,12,1,675,particulier,0
2142.0,19,2,1822,particulier,0
24057.0,20,1,1236,agent,1
7310.0,11,5,8,particulier,0
1904.0,12,5,999,particulier,0
367.0,18,4,1115,particulier,0
5913.0,22,3,1022,particulier,0
3383.0,18,2,142,particulier,0
4754.0,20,4,1829,agent,0
2712.0,8,6,1157,particulier,0
1246.0,22,2,171,particulier,0
2292.0,19,2,336,particulier,0
6007.0,16,4,2155,particulier,0
2438.0,23,7,167,particulier,0
2425.0,6,1,810,particulier,0
906.0,21,3,1947,particulier,0
3560.0,16,3,1398,particulier,0
1280.0,8,4,27,particulier,0
7192.0,19,3,907,agent,0
1765.0,6,4,836,agent,0
2562.0,16,6,933,agent,0
20731.0,9,1,1609,particulier,0
2539.0,21,1,1271,particulier,0
2265.0,9,4,175,particulier,0
5420.0,14,0,1559,particulier,0
722.0,23,2,2142,particulier,0
9539.0,19,5,1823,agent,0
7668.0,10,4,1825,particulier,0
5145.0,11,2,212,agent,0
187.0,19,1,1497,particulier,0
2643.0,10,2,225,particulier,0
1117.0,6,3,1514,particulier,0
8565.0,6,8,1592,agent,1
8060.0,18,2,57,particulier,0
4582.0,20,3,980,particulier,0
1185.0,6,3,1836,particulier,0
11733.0,7,6,1365,particulier,0
2636.0,21,3,1756,agent,0
15284.0,19,3,166,particulier,0
4128.0,7,4,1097,agent,0
5068.0,22,3,2072,particulier,0
2228.0,20,3,2005,particulier,0
10893.0,19,2,1027,agent,0
5526.0,18,2,836,facture,0
11231.0,19,1,90,particulier,0
3831.0,18,3,2042,particulier,0
3165.0,22,2,1543,particulier,0
5464.0,7,1,40,facture,0
11228.0,18,6,211,particulier,0
7818.0,20,3,668,agent,0
3705.0,13,5,47,particulier,0
680.0,18,2,1360,agent,0
6561.0,12,3,2040,particulier,0
970.0,18,4,1182,facture,0
3394.0,9,1,1122,agent,0
2986.0,6,3,132,particulier,0
987.0,11,3,1713,particulier,0
4522.0,8,2,442,particulier,0
20561.0,16,3,1773,particulier,0
2526.0,4,3,699,particulier,0
6317.0,19,8,185,facture,0
24400.0,22,1,708,particulier,0
6858.0,19,2,600,particulier,0
1904.0,10,2,676,agent,0
4030.0,12,7,668,particulier,0
4958.0,7,2,2121,particulier,0
11145.0,17,4,269,particulier,0
9246.0,13,2,530,particulier,0
313.0,9,1,512,particulier,0
1591.0,17,6,1913,particulier,0
3104.0,23,3,1771,particulier,0
1390.0,21,1,1665,particulier,0
142.0,22,3,607,agent,0
1778.0,20,2,537,particulier,0
3284.0,21,5,808,particulier,0
2108.0,18,3,241,particulier,0
1412.0,8,6,1205,agent,0
3413.0,23,0,756,particulier,0
4410.0,7,5,1514,particulier,0
2212.0,16,4,1214,particulier,0
10572.0,21,5,383,particulier,0
3460.0,9,2,1237,particulier,0
1571.0,19,1,246,agent,0
1267.0,21,4,1776,particulier,0
2749.0,8,1,736,particulier,0
8488.0,23,1,408,agent,0
1636.0,8,2,725,facture,0
5467.0,5,6,788,particulier,0
3570.0,22,3,850,facture,0
17930.0,9,3,2123,particulier,0
4590.0,8,4,1294,particulier,0
1820.0,11,6,144,particulier,0
6161.0,20,2,1557,particulier,0
6339.0,10,4,662,particulier,0
2351.0,19,4,1687,particulier,0
1225.0,19,2,57,facture,0
5196.0,12,3,254,particulier,0
3477.0,12,3,813,particulier,0
908.0,18,4,253,particulier,0
4090.0,17,2,1171,particulier,0
1917.0,9,3,1746,particulier,0
908.0,21,1,1064,particulier,0
2442.0,22,2,78,particulier,0
9803.0,23,1,475,particulier,0
9199.0,8,6,1888,particulier,0
7367.0,13,2,1054,particulier,0
4142.0,19,5,1856,particulier,0
5467.0,10,6,1484,particulier,0
3583.0,21,1,2147,agent,0
1288.0,15,4,457,facture,0
1526.0,7,5,857,particulier,0
1966.0,23,5,675,particulier,0
10842.0,22,3,1216,agent,0
8227.0,19,1,921,agent,0
1316.0,21,2,28,facture,0
3447.0,22,2,914,particulier,0
2340.0,7,4,1430,particulier,0
2888.0,22,6,1806,particulier,0
2089.0,7,3,2041,particulier,0
10882.0,18,1,625,facture,0
3242.0,9,4,326,particulier,0
3959.0,15,2,1054,agent,0
3986.0,5,3,1013,particulier,0
1375.0,21,1,1016,particulier,0
3613.0,20,7,671,particulier,0
8127.0,22,0,120,particulier,0
11519.0,21,4,126,particulier,0
1242.0,23,3,1723,particulier,0
906.0,8,1,16,particulier,0
3473.0,21,2,315,particulier,0
8458.0,9,2,263,agent,0
4472.0,8,3,985,particulier,0
5874.0,19,2,815,particulier,0
1037.0,8,0,1839,particulier,0
2026.0,20,4,1476,agent,0
509.0,8,3,699,particulier,0
2919.0,10,4,982,particulier,0
523.0,8,3,137,particulier,0
10227.0,21,4,254,agent,0
12352.0,8,1,1705,particulier,0
3713.0,6,5,1581,facture,0
911.0,19,4,1465,particulier,0
4534.0,22,2,2147,particulier,0
15999.0,7,3,629,particulier,0
4936.0,20,3,1613,agent,0
9020.0,20,2,846,particulier,0
2181.0,8,3,1870,particulier,0
1571.0,8,3,1509,particulier,0
3102.0,20,6,880,particulier,0
641.0,22,5,1926,particulier,0
22572.0,23,4,1844,particulier,0
3710.0,22,5,2094,particulier,0
6883.0,21,3,1767,particulier,0
2225.0,14,3,300,particulier,0
887.0,10,2,671,particulier,0
11069.0,8,5,1586,particulier,0
1267.0,7,2,1069,particulier,0
4432.0,7,4,609,agent,0
4801.0,18,3,1331,particulier,0
3508.0,21,4,1956,particulier,0
1691.0,19,4,1674,particulier,0
2901.0,10,2,1903,agent,0
1469.0,8,6,2148,particulier,0
6554.0,18,1,1443,particulier,0
5355.0,20,5,1321,particulier,0
3235.0,23,3,2032,agent,0
2032.0,20,2,174,agent,0
19756.0,13,2,1299,facture,0
1089.0,21,3,1520,agent,0
886.0,18,2,1914,particulier,0
3073.0,10,3,367,agent,0
2646.0,16,8,875,agent,0
8374.0,23,5,2107,particulier,0
5706.0,9,2,134,particulier,0
3378.0,23,3,2122,particulier,0
5041.0,18,1,1809,particulier,0
4963.0,18,4,1884,agent,0
19693.0,22,5,1539,particulier,0
4086.0,19,2,177,particulier,0
1847.0,11,6,1075,particulier,0
3900.0,18,3,2172,agent,0
356.0,7,1,2070,particulier,0
3204.0,19,3,812,agent,0
8342.0,8,5,1611,facture,0
5496.0,5,3,1604,particulier,0
4246.0,18,2,1916,particulier,0
5721.0,21,3,927,particulier,0
8415.0,8,3,858,agent,0
11064.0,23,5,1129,particulier,0
4819.0,14,5,605,facture,0
2518.0,21,4,445,particulier,0
461.0,14,3,1124,agent,0
7566.0,18,2,1980,particulier,0
5105.0,23,4,1092,particulier,0
3751.0,19,3,1524,agent,0
1836.0,16,7,1546,particulier,0
7483.0,22,8,1267,particulier,0
2647.0,19,3,1604,facture,0
3199.0,8,3,427,agent,0
3141.0,23,5,110,agent,0
4829.0,21,9,905,particulier,0
1241.0,8,6,552,agent,0
5314.0,11,3,876,particulier,0
1785.0,7,2,1900,particulier,0
1839.0,20,5,185,particulier,0
6992.0,8,5,816,particulier,0
1414.0,15,3,1336,agent,0
6981.0,20,7,1723,particulier,0
3591.0,9,0,1273,particulier,0
812.0,19,1,41,particulier,0
10507.0,21,6,1253,agent,0
4289.0,23,5,1206,particulier,0
4606.0,18,0,996,agent,0
7755.0,21,6,1612,facture,0
11782.0,5,0,468,particulier,0
3908.0,10,4,109,particulier,0
5567.0,9,3,1336,facture,0
4517.0,23,3,1949,particulier,0
2462.0,10,3,1095,particulier,0
858.0,10,1,536,agent,0
3955.0,19,3,1348,particulier,0
10637.0,21,4,31,particulier,0
5409.0,19,6,537,particulier,0
1330.0,23,4,1285,particulier,0
8374.0,21,2,956,facture,0
2532.0,8,2,1770,particulier,0
557.0,21,7,1810,particulier,0
7826.0,23,2,1135,agent,0
1475.0,20,4,1371,particulier,0
14967.0,19,4,671,particulier,0
8739.0,21,2,62,particulier,0
2715.0,10,2,1229,agent,0
4868.0,23,3,1528,particulier,0
25857.0,9,3,381,particulier,0
7708.0,21,4,1723,particulier,0
4034.0,23,2,1095,particulier,0
38399.0,4,0,492,particulier,1
3641.0,21,3,946,particulier,0
5402.0,19,3,1221,particulier,0
1487.0,10,1,467,agent,0
794.0,21,3,2001,particulier,0
2580.0,11,2,1873,facture,0
3404.0,13,3,83,agent,0
4358.0,19,5,1435,particulier,0
986.0,18,5,1732,particulier,0
5777.0,19,1,260,particulier,0
1626.0,17,3,1761,particulier,0
5527.0,23,6,6,facture,0
7293.0,23,2,1954,particulier,0
2354.0,6,3,543,agent,0
1452.0,8,1,2093,particulier,0
12236.0,19,3,2150,facture,0
6919.0,21,4,585,facture,0
3749.0,5,2,1539,particulier,0
11478.0,17,7,595,particulier,0
3536.0,19,2,1822,particulier,0
1944.0,23,1,1686,agent,0
1406.0,17,4,477,agent,0
3006.0,23,4,1370,facture,0
6348.0,22,4,474,agent,0
10735.0,20,3,444,particulier,0
3361.0,7,4,717,particulier,0
9239.0,21,2,672,particulier,0
2746.0,11,2,810,particulier,0
1695.0,20,1,1447,facture,0
1085.0,20,5,1613,particulier,0
2142.0,13,5,1360,particulier,0
1121.0,20,2,792,particulier,0
18180.0,20,4,1830,agent,0
4786.0,18,4,1797,particulier,0
3037.0,20,5,883,particulier,0
14238.0,18,3,880,particulier,0
1089.0,5,1,1398,particulier,0
2932.0,8,1,1830,facture,0
18029.0,18,2,1906,particulier,0
2915.0,23,3,614,agent,0
26365.0,17,2,1616,particulier,0
6424.0,21,4,1907,agent,0
9997.0,17,11,2084,particulier,0
10246.0,21,2,965,particulier,0
3299.0,23,1,61,particulier,0
2176.0,19,4,1049,facture,0
2987.0,18,3,1875,particulier,0
1424.0,18,5,1385,particulier,0
3115.0,20,4,1149,particulier,0
3282.0,3,5,956,particulier,0
13847.0,9,2,2133,particulier,0
5455.0,23,5,2116,particulier,0
24544.0,18,2,1866,agent,1
526.0,23,2,217,agent,0
1171.0,9,5,569,particulier,0
2436.0,21,5,1490,particulier,0
11715.0,19,4,1616,particulier,0
3001.0,23,0,2172,facture,0
946.0,19,0,1525,particulier,0
2675.0,8,4,1572,particulier,0
1190.0,20,7,1983,particulier,0
1008.0,18,2,2052,particulier,0
18016.0,10,2,976,particulier,0
2443.0,23,1,1421,particulier,0
3817.0,7,3,1624,particulier,0
3044.0,11,2,1072,agent,0
2660.0,9,3,1132,agent,0
1612.0,8,0,1709,particulier,0
2530.0,11,4,810,particulier,0
4388.0,18,1,2032,particulier,0
11002.0,8,0,1387,facture,0
7371.0,18,6,1792,particulier,0
1169.0,7,5,1547,agent,0
7633.0,21,2,597,particulier,0
4935.0,11,4,1934,particulier,0
1937.0,20,1,550,particulier,0
3846.0,17,1,888,particulier,0
5359.0,8,2,1404,particulier,0
3429.0,21,2,681,particulier,0
4955.0,21,3,2073,particulier,0
1582.0,4,3,1040,facture,0
17924.0,21,0,96,particulier,0
639.0,21,5,1453,particulier,0
5384.0,20,0,2193,particulier,0
4500.0,8,1,1446,particulier,0
5690.0,18,2,1243,particulier,0
1804.0,19,3,2178,particulier,0
8900.0,9,1,606,particulier,0
3006.0,8,1,111,particulier,0
1202.0,10,4,225,agent,0
1299.0,21,9,874,particulier,0
3663.0,9,4,1921,agent,0
848.0,6,7,1044,agent,0
15221.0,8,4,522,facture,0
8035.0,19,0,171,particulier,0
15566.0,7,0,825,particulier,0
14231.0,9,2,292,particulier,0
2443.0,8,4,1612,agent,0
1574.0,13,4,1644,particulier,0
338.0,21,6,239,agent,0
2333.0,10,3,262,agent,0
14777.0,21,0,173,particulier,0
1630.0,16,2,1154,particulier,0
2756.0,21,2,374,facture,0
2056.0,21,4,1991,particulier,0
4531.0,20,4,91,particulier,0
9830.0,14,3,1830,particulier,0
890.0,9,6,1192,particulier,0
1048.0,9,1,929,agent,0
11657.0,18,7,679,particulier,0
6143.0,18,1,2185,particulier,0
2643.0,16,4,168,particulier,0
14059.0,13,5,277,particulier,0
1032.0,23,2,1774,particulier,0
7270.0,19,2,1212,particulier,0
3109.0,22,2,966,particulier,0
5517.0,20,1,306,particulier,0
433.0,7,4,835,particulier,0
2640.0,10,3,583,agent,0
6163.0,22,4,922,particulier,0
3122.0,18,3,835,particulier,0
9576.0,21,2,1904,particulier,0
9307.0,5,1,1841,particulier,0
1459.0,6,4,1995,particulier,0
6637.0,10,3,1392,agent,0
1417.0,8,3,1465,particulier,0
3449.0,20,1,808,particulier,0
5754.0,20,2,2084,particulier,0
1620.0,6,3,567,facture,0
6431.0,22,3,1515,particulier,0
2144.0,23,4,2032,particulier,0
2011.0,6,3,363,particulier,0
6007.0,21,3,1738,particulier,0
1619.0,22,2,393,particulier,0
1550.0,15,1,905,particulier,0
7982.0,19,2,957,particulier,0
3613.0,20,3,299,facture,0
957.0,16,1,1327,particulier,0
6818.0,21,2,1983,particulier,0
2332.0,12,1,259,particulier,0
1000.0,22,3,1206,facture,0
391.0,12,7,1056,particulier,0
7100.0,10,4,1295,particulier,0
1586.0,22,1,1565,particulier,0
1145.0,21,3,212,particulier,0
5673.0,13,8,129,agent,0
6535.0,21,1,2010,agent,0
1687.0,18,2,1671,facture,0
7156.0,23,6,652,particulier,0
18895.0,9,3,2111,facture,0
10349.0,5,3,403,particulier,0
9067.0,21,2,27,agent,1
4303.0,22,4,862,particulier,0
2259.0,23,5,934,particulier,0
3142.0,23,2,1178,particulier,0
4792.0,19,1,641,particulier,0
1131.0,8,3,1709,particulier,0
1713.0,20,4,718,particulier,0
979.0,17,5,95,particulier,0
4024.0,23,0,1231,particulier,0
3535.0,10,7,1861,agent,0
1892.0,6,2,639,agent,0
6617.0,20,8,1138,particulier,0
1356.0,21,2,397,particulier,0
1833.0,8,2,982,facture,0
6396.0,22,2,227,particulier,0
7255.0,7,3,206,agent,0
1675.0,12,2,756,particulier,0
4013.0,10,4,532,facture,0
1699.0,21,2,403,particulier,0
2786.0,10,9,1099,particulier,0
3723.0,21,3,1140,particulier,0
5305.0,16,2,1977,agent,0
4315.0,23,2,1780,agent,0
4155.0,19,2,1087,particulier,0
1317.0,8,1,435,particulier,0
4583.0,7,1,1051,particulier,0
5263.0,17,2,519,particulier,0
5917.0,20,3,1485,particulier,0
1787.0,21,3,1191,agent,0
7174.0,23,4,989,particulier,0
1075.0,21,5,1456,particulier,0
2284.0,20,1,2071,particulier,0
2607.0,10,3,661,particulier,0
1127.0,23,1,324,particulier,0
2573.0,10,4,2044,particulier,0
3977.0,21,6,1396,particulier,0
698.0,17,3,1642,particulier,0
2356.0,22,4,350,particulier,0
745.0,19,2,1091,particulier,0
18682.0,23,2,1842,particulier,0
3947.0,22,4,2174,particulier,0
3666.0,10,4,200,facture,0
4013.0,17,4,1537,particulier,0
5507.0,20,0,757,particulier,0
7566.0,20,0,939,particulier,0
872.0,21,2,436,particulier,0
10033.0,9,6,1650,facture,0
9499.0,18,5,1884,particulier,0
3114.0,19,8,794,particulier,0
2978.0,13,3,35,particulier,0
236.0,16,2,2171,particulier,0
1144.0,23,5,436,agent,0
5121.0,7,6,2117,particulier,0
9141.0,9,5,2189,particulier,0
6121.0,12,4,594,agent,0
3089.0,21,3,706,agent,0
16933.0,20,1,662,agent,0
7742.0,22,3,1366,particulier,0
2357.0,22,6,1216,particulier,0
21053.0,9,4,1917,particulier,0
1298.0,18,1,550,particulier,0
943.0,19,3,573,particulier,0
2303.0,21,6,2115,particulier,0
1729.0,23,1,544,particulier,0
2416.0,23,5,1303,particulier,0
6492.0,19,3,757,particulier,0
3201.0,10,0,2157,particulier,0
3271.0,19,2,1421,agent,0
3463.0,23,3,1329,particulier,0
462.0,20,7,492,particulier,0
909.0,19,1,1442,facture,0
2374.0,21,3,2012,particulier,0
1609.0,16,6,1363,agent,0
2705.0,11,4,866,particulier,0
10867.0,20,2,362,particulier,0
3092.0,23,2,691,agent,0
1071.0,19,4,854,agent,0
1679.0,20,2,675,particulier,0
14101.0,6,4,1179,agent,0
12120.0,22,2,1586,particulier,0
5467.0,23,5,341,particulier,0
873.0,9,2,297,particulier,0
4276.0,18,5,319,particulier,0
4565.0,23,1,890,agent,0
3367.0,14,2,1592,particulier,0
2029.0,21,1,550,agent,0
2421.0,22,2,1801,agent,0
1913.0,17,6,265,particulier,0
1245.0,19,4,43,particulier,0
10521.0,18,2,2089,agent,0
6974.0,7,4,2130,particulier,0
2586.0,17,3,1992,particulier,0
4444.0,10,4,1652,agent,0
4588.0,23,3,345,agent,0
24136.0,23,2,625,particulier,0
6917.0,22,4,714,particulier,0
6698.0,21,4,289,particulier,0
3403.0,19,1,539,agent,0
2277.0,22,7,1146,particulier,0
10671.0,20,4,700,facture,0
5736.0,16,4,1724,particulier,0
1628.0,19,2,1769,agent,0
4845.0,22,2,2079,facture,0
6713.0,18,10,325,particulier,0
555.0,18,2,1232,agent,0
1504.0,20,5,1141,facture,0
4484.0,8,5,789,particulier,0
642.0,10,0,153,particulier,0
734.0,22,3,125,agent,0
2618.0,23,2,878,facture,0
5003.0,21,4,1822,agent,0
5204.0,18,3,237,particulier,0
12645.0,8,0,354,agent,0
3533.0,22,5,805,particulier,0
2400.0,6,4,1245,agent,0
1084.0,11,2,1092,particulier,0
2376.0,9,2,2056,agent,0
6011.0,20,2,1254,particulier,0
6247.0,21,10,470,particulier,0
4125.0,10,2,973,particulier,0
5245.0,8,4,2069,particulier,0
9749.0,20,5,1641,particulier,0
3512.0,23,6,12,particulier,0
10533.0,20,3,1887,particulier,0
1776.0,20,2,960,particulier,0
3095.0,23,0,2115,particulier,0
2189.0,23,1,2106,particulier,0
6463.0,10,4,1447,particulier,0
1391.0,10,4,1403,particulier,0
2506.0,21,4,563,particulier,0
678.0,11,5,1488,particulier,0
5460.0,23,3,1899,particulier,0
9507.0,19,4,1437,particulier,0
7145.0,12,5,230,particulier,0
6573.0,19,0,732,particulier,0
6724.0,5,3,802,particulier,0
5971.0,14,7,2157,particulier,0
5554.0,19,5,235,agent,0
5867.0,22,2,525,particulier,0
1887.0,21,4,1587,particulier,0
2779.0,21,5,422,particulier,0
3497.0,23,2,400,particulier,0
2477.0,9,3,1199,particulier,0
870.0,18,6,2013,particulier,0
1153.0,22,0,710,particulier,0
4006.0,8,0,531,agent,0
7115.0,17,2,2050,particulier,0
3321.0,8,5,1752,particulier,0
34548.0,22,4,426,particulier,0
1507.0,21,4,646,particulier,0
4809.0,22,6,1656,particulier,0
9873.0,8,2,541,particulier,0
8150.0,10,2,694,particulier,0
5749.0,7,3,403,particulier,0
8182.0,23,3,680,agent,0
3453.0,23,4,350,agent,0
13541.0,20,2,1656,particulier,0
9805.0,23,4,1813,particulier,0
1597.0,20,3,544,particulier,0
4330.0,19,4,2071,agent,0
884.0,8,3,177,particulier,0
12010.0,20,3,661,particulier,0
3986.0,11,3,227,particulier,0
10368.0,23,3,1936,particulier,0
3002.0,23,2,108,facture,0
680.0,22,5,845,facture,0
31001.0,23,2,1409,particulier,0
3683.0,5,6,2109,particulier,0
1408.0,23,3,1458,particulier,0
8725.0,21,4,1227,particulier,0
18592.0,21,5,1913,particulier,0
2774.0,9,6,786,agent,0
3028.0,21,1,1585,particulier,0
4033.0,23,4,648,facture,0
1281.0,15,4,1735,particulier,0
1832.0,9,4,305,particulier,0
14982.0,15,3,345,particulier,0
2944.0,17,5,717,agent,0
1617.0,20,2,2104,particulier,0
2243.0,5,3,355,facture,0
8200.0,10,5,792,facture,0
614.0,11,6,1459,agent,0
4091.0,18,3,1612,particulier,0
26712.0,20,2,1139,particulier,0
18516.0,20,5,991,agent,0
5363.0,23,3,918,agent,0
10087.0,19,1,67,particulier,0
10005.0,9,7,1182,particulier,0
2960.0,10,4,1980,particulier,0
7231.0,20,5,963,agent,0
15068.0,21,2,283,particulier,0
1125.0,22,4,376,particulier,0
5378.0,19,2,541,particulier,0
4479.0,16,2,451,agent,0
3596.0,23,1,232,particulier,0
3336.0,21,4,1989,particulier,0
4011.0,7,7,1313,particulier,0
4308.0,22,3,1862,particulier,0
8526.0,10,1,895,particulier,0
4940.0,9,4,2071,particulier,0
2832.0,23,2,267,particulier,0
1613.0,18,5,1820,agent,0
2205.0,7,3,1867,facture,0
4113.0,21,3,1120,particulier,0
1808.0,20,1,155,particulier,0
7361.0,20,2,968,particulier,0
4748.0,12,1,741,particulier,0
8708.0,23,8,1763,agent,1
1914.0,17,2,549,particulier,0
1626.0,12,4,826,agent,0
8653.0,21,6,1203,particulier,0
3679.0,9,7,1310,agent,0
2773.0,20,3,1454,particulier,0
5966.0,8,4,560,particulier,0
5780.0,22,3,1606,agent,0
1133.0,23,0,1065,particulier,0
10689.0,20,1,770,agent,0
2324.0,18,6,1502,particulier,0
13975.0,18,4,832,particulier,0
1060.0,23,5,881,particulier,0
4315.0,20,3,694,particulier,0
2814.0,18,3,1174,particulier,0
615.0,19,1,670,particulier,0
5765.0,20,0,2084,particulier,0
642.0,10,4,122,particulier,0
2571.0,20,1,1917,particulier,0
8422.0,8,0,941,particulier,0
2100.0,20,4,1289,particulier,0
1528.0,16,3,1337,particulier,0
6505.0,23,4,2003,agent,0
2665.0,23,3,1882,particulier,0
2335.0,8,3,1223,agent,0
9738.0,21,4,633,facture,0
1221.0,11,1,413,particulier,0
2229.0,6,4,1520,particulier,0
6881.0,23,3,364,particulier,0
1156.0,10,1,1083,particulier,0
14899.0,23,4,1099,particulier,0
2740.0,10,0,1133,particulier,0
6928.0,18,4,2022,particulier,0
6916.0,21,4,1911,particulier,0
2894.0,20,6,366,particulier,0
2193.0,9,3,84,particulier,0
3176.0,20,2,1834,particulier,0
6038.0,20,4,1291,particulier,0
1424.0,10,5,386,particulier,0
1185.0,22,2,236,particulier,0
11633.0,7,7,1177,particulier,0
1764.0,20,3,989,particulier,0
4451.0,7,3,1854,agent,0
2774.0,21,2,845,particulier,0
2881.0,8,5,1168,particulier,0
11113.0,9,1,330,particulier,0
3064.0,21,1,1205,facture,0
2433.0,10,6,2190,particulier,0
2620.0,7,2,234,particulier,0
2148.0,13,3,1700,particulier,0
1864.0,12,3,593,particulier,0
2155.0,10,3,1279,particulier,0
13544.0,23,2,1530,particulier,0
6032.0,7,5,1188,particulier,0
2457.0,8,6,2192,particulier,0
7589.0,19,5,1560,particulier,0
855.0,21,4,1531,particulier,0
10608.0,21,3,1117,particulier,0
9906.0,14,4,1793,particulier,0
22046.0,9,2,250,particulier,0
7784.0,12,1,626,particulier,0
4777.0,21,3,1772,particulier,0
9872.0,18,3,602,agent,0
1935.0,20,3,680,particulier,0
2354.0,8,4,668,agent,0
3119.0,11,2,1330,particulier,0
10546.0,10,4,1943,agent,0
1592.0,16,3,1849,particulier,0
1454.0,9,2,595,particulier,0
4028.0,23,5,118,particulier,0
6063.0,8,4,1700,particulier,0
1812.0,6,2,2090,particulier,0
5825.0,19,5,666,particulier,0
10542.0,9,5,687,agent,0
9140.0,21,2,483,particulier,0
4448.0,12,2,1557,particulier,0
3050.0,10,1,2097,agent,0
14404.0,11,6,1406,particulier,0
3338.0,20,4,1990,particulier,0
7327.0,9,4,1906,agent,0
17405.0,16,6,1215,particulier,0
6701.0,13,3,519,facture,0
1412.0,10,5,585,particulier,0
1149.0,21,1,1071,agent,0
2558.0,21,3,287,facture,0
6021.0,10,2,940,particulier,0
4808.0,10,1,801,particulier,0
21505.0,17,3,1933,particulier,0
4769.0,11,7,1158,particulier,0
2494.0,8,6,1619,agent,0
1257.0,4,3,883,facture,0
8986.0,19,3,116,particulier,0
3278.0,21,4,1426,agent,0
916.0,22,4,1190,particulier,0
3357.0,14,5,243,particulier,0
1413.0,21,4,541,particulier,0
2294.0,20,8,175,particulier,0
3312.0,22,3,1881,facture,0
1526.0,6,2,1300,particulier,0
2177.0,20,2,2139,particulier,0
1750.0,6,4,430,particulier,0
1791.0,23,5,1549,particulier,0
1399.0,19,4,933,agent,0
2186.0,18,1,1327,particulier,0
1540.0,21,5,400,particulier,0
5424.0,23,2,823,particulier,0
3908.0,22,6,1647,particulier,0
9095.0,21,2,1530,particulier,0
16378.0,6,4,2091,agent,0
5859.0,16,3,1059,particulier,0
4828.0,23,1,1374,particulier,0
6181.0,20,5,976,particulier,0
4898.0,22,2,1352,particulier,0
3438.0,23,6,1431,particulier,0
3213.0,10,3,1306,particulier,0
1382.0,10,2,1756,particulier,0
6722.0,20,5,412,agent,0
3208.0,7,5,1527,particulier,0
11295.0,21,5,1455,agent,0
7171.0,9,4,89,particulier,0
1935.0,23,5,514,particulier,0
9506.0,19,1,648,agent,0
374.0,9,4,2047,particulier,0
16995.0,23,3,822,facture,0
1056.0,23,1,679,particulier,0
5018.0,10,3,406,particulier,0
4738.0,7,2,2165,particulier,0
8563.0,14,2,1001,particulier,0
2491.0,23,2,802,particulier,0
532.0,18,5,1992,agent,0
2494.0,19,6,858,particulier,0
2735.0,11,3,1000,particulier,0
577.0,19,5,805,particulier,0
3424.0,16,2,2133,particulier,0
1320.0,8,0,1215,particulier,0
5720.0,5,3,505,agent,0
2673.0,23,4,1252,particulier,0
17447.0,10,1,1508,particulier,0
2650.0,21,1,791,particulier,0
4750.0,21,2,2022,particulier,0
2749.0,9,4,1703,particulier,0
829.0,23,3,2021,particulier,0
2768.0,21,3,550,particulier,0
6250.0,21,3,884,facture,0
5496.0,21,3,497,particulier,0
2568.0,7,4,1736,particulier,0
955.0,7,2,1954,agent,0
5698.0,21,6,1655,particulier,0
4706.0,9,4,466,agent,0
6747.0,9,5,1668,particulier,0
2610.0,8,1,32,particulier,0
787.0,11,5,843,particulier,0
5186.0,16,4,1808,facture,0
3269.0,9,3,935,particulier,0
10753.0,20,0,75,particulier,0
3376.0,18,2,2138,particulier,0
3170.0,19,1,805,particulier,0
4697.0,19,5,1089,particulier,0
1983.0,22,4,1270,agent,0
1904.0,23,5,554,agent,0
3031.0,22,4,1517,particulier,0
1507.0,9,3,190,particulier,0
2712.0,10,1,873,particulier,0
17131.0,7,1,17,particulier,1
7992.0,13,4,1461,agent,0
4281.0,23,4,1573,particulier,0
12319.0,21,4,1325,particulier,0
1634.0,21,2,559,agent,0
27361.0,16,5,2191,particulier,0
2227.0,23,3,1765,particulier,0
18092.0,21,4,1849,particulier,0
18025.0,12,5,1103,particulier,0
742.0,17,3,1283,particulier,0
11465.0,22,4,2011,particulier,0
2588.0,22,1,1226,particulier,0
2033.0,20,0,299,particulier,0
5146.0,7,3,541,particulier,0
1399.0,20,3,1660,particulier,0
5048.0,18,3,98,particulier,0
1481.0,19,0,48,particulier,0
3830.0,23,6,2178,agent,0
10250.0,21,1,2070,particulier,0
4576.0,7,4,41,agent,0
2426.0,10,5,569,particulier,0
5220.0,20,4,862,particulier,0
997.0,12,6,1078,particulier,0
1615.0,5,4,2113,particulier,0
2285.0,23,4,1230,particulier,0
6431.0,23,3,135,particulier,0
4651.0,8,2,2105,particulier,0
5192.0,21,3,1082,particulier,0
3219.0,16,2,2029,particulier,0
1686.0,21,3,1583,particulier,0
11671.0,22,4,539,particulier,0
1821.0,18,6,1554,particulier,0
4704.0,21,5,1116,particulier,0
2995.0,9,8,65,particulier,0
5316.0,23,4,1131,particulier,0
1969.0,23,7,235,particulier,0
8061.0,21,4,155,particulier,0
10631.0,8,4,1377,facture,0
7651.0,21,4,1866,particulier,0
3767.0,11,4,162,agent,0
2276.0,16,4,975,particulier,0
36272.0,15,7,1533,particulier,1
1418.0,18,3,1035,agent,0
6968.0,22,4,313,particulier,0
4372.0,22,1,178,particulier,0
3124.0,22,4,395,particulier,0
3856.0,23,2,697,particulier,0
2135.0,20,7,963,agent,0
4736.0,6,1,562,agent,0
4313.0,8,1,498,particulier,0
32081.0,23,5,870,particulier,1
8186.0,21,7,73,particulier,1
5108.0,20,3,706,agent,0
5373.0,21,2,1806,agent,0
15734.0,23,0,2181,particulier,0
1444.0,10,4,431,particulier,0
2821.0,19,4,1302,particulier,0
651.0,8,3,1841,particulier,0
5297.0,22,1,101,particulier,0
6775.0,19,3,1648,particulier,0
1413.0,22,2,1168,agent,0
11157.0,17,1,1447,facture,0
1788.0,9,1,1045,particulier,0
2462.0,9,3,2175,particulier,0
3647.0,23,6,1433,particulier,0
12773.0,23,3,449,particulier,0
1588.0,20,2,539,particulier,0
4220.0,19,3,1203,particulier,0
6365.0,8,4,2129,particulier,0
5341.0,18,4,162,particulier,0
5511.0,23,2,299,particulier,0
6294.0,7,0,59,particulier,0
2056.0,23,2,1927,facture,0
13830.0,21,6,1962,particulier,0
2997.0,20,5,1395,particulier,0
2678.0,7,4,1681,particulier,0
10358.0,7,5,637,particulier,0
1928.0,14,2,1524,particulier,0
4325.0,22,4,1091,particulier,0
1782.0,10,3,756,particulier,0
28039.0,21,6,1769,particulier,0
23444.0,20,5,737,particulier,0
3000.0,20,7,1781,particulier,0
5125.0,22,2,2032,particulier,0
3309.0,17,3,2007,facture,0
2450.0,10,1,394,particulier,0
3647.0,21,3,170,facture,0
3183.0,10,4,588,particulier,0
905.0,21,4,344,particulier,0
4120.0,19,3,125,agent,0
3178.0,10,4,667,particulier,0
4296.0,21,3,19,particulier,0
3084.0,23,2,534,particulier,0
2425.0,21,1,1741,facture,0
6930.0,7,2,1082,particulier,0
5183.0,22,2,1782,particulier,0
10793.0,9,2,504,particulier,0
5017.0,17,3,82,particulier,0
2785.0,18,3,536,particulier,0
5565.0,7,1,793,particulier,0
612.0,20,4,506,agent,0
19695.0,20,3,328,particulier,0
4160.0,20,7,338,particulier,0
21095.0,19,2,570,particulier,0
1573.0,16,3,673,particulier,0
1274.0,18,4,281,particulier,0
4496.0,19,4,701,particulier,0
4483.0,19,2,1895,agent,0
4392.0,10,0,389,facture,0
3858.0,10,1,63,particulier,0
1932.0,19,1,1407,particulier,0
932.0,23,8,845,particulier,0
4191.0,19,2,699,particulier,0
1107.0,11,0,458,particulier,0
1022.0,23,1,878,particulier,0
2384.0,12,4,891,particulier,0
4751.0,23,2,2191,particulier,0
17847.0,23,2,1443,particulier,0
7573.0,21,1,1786,particulier,0
11139.0,10,3,702,particulier,0
5742.0,23,2,1321,particulier,0
4500.0,19,9,1638,agent,0
27720.0,19,6,1210,facture,0
1070.0,23,5,1402,particulier,0
2319.0,20,5,1186,particulier,0
2478.0,19,2,1273,particulier,0
7041.0,7,7,971,particulier,0
1434.0,16,4,1832,particulier,0
6304.0,23,3,946,particulier,0
5392.0,20,1,707,particulier,0
6577.0,23,2,1970,particulier,0
6477.0,20,4,202,particulier,0
12180.0,19,3,408,agent,0
3160.0,12,3,1126,particulier,0
5170.0,22,3,1420,particulier,0
1762.0,19,6,178,agent,0
1451.0,15,6,2011,particulier,0
14766.0,4,0,502,agent,1
1652.0,18,2,551,particulier,0
5682.0,19,4,772,agent,0
5174.0,21,2,48,particulier,0
8944.0,20,2,1518,particulier,0
